,date,containment_health_index_average
35072,2020-01-01,6.85
35073,2020-01-02,6.85
35074,2020-01-03,6.85
35075,2020-01-04,6.85
35076,2020-01-05,12.2
35077,2020-01-06,12.2
35078,2020-01-07,12.2
35079,2020-01-08,12.2
35080,2020-01-09,12.2
35081,2020-01-10,12.2
35082,2020-01-11,12.2
35083,2020-01-12,12.2
35084,2020-01-13,12.2
35085,2020-01-14,12.2
35086,2020-01-15,15.77
35087,2020-01-16,15.77
35088,2020-01-17,15.77
35089,2020-01-18,15.77
35090,2020-01-19,15.77
35091,2020-01-20,16.67
35092,2020-01-21,18.45
35093,2020-01-22,30.95
35094,2020-01-23,42.86
35095,2020-01-24,42.86
35096,2020-01-25,44.64
35097,2020-01-26,58.93
35098,2020-01-27,58.93
35099,2020-01-28,63.69
35100,2020-01-29,63.69
35101,2020-01-30,63.69
35102,2020-01-31,63.69
35103,2020-02-01,68.45
35104,2020-02-02,68.45
35105,2020-02-03,68.45
35106,2020-02-04,68.45
35107,2020-02-05,68.45
35108,2020-02-06,68.45
35109,2020-02-07,68.45
35110,2020-02-08,68.45
35111,2020-02-09,68.45
35112,2020-02-10,67.26
35113,2020-02-11,67.26
35114,2020-02-12,67.26
35115,2020-02-13,67.26
35116,2020-02-14,67.26
35117,2020-02-15,67.26
35118,2020-02-16,69.64
35119,2020-02-17,69.64
35120,2020-02-18,69.64
35121,2020-02-19,69.64
35122,2020-02-20,69.64
35123,2020-02-21,69.64
35124,2020-02-22,69.64
35125,2020-02-23,69.64
35126,2020-02-24,69.64
35127,2020-02-25,73.21
35128,2020-02-26,73.21
35129,2020-02-27,73.21
35130,2020-02-28,73.21
35131,2020-02-29,73.21
35132,2020-03-01,73.21
35133,2020-03-02,73.21
35134,2020-03-03,73.21
35135,2020-03-04,73.21
35136,2020-03-05,73.21
35137,2020-03-06,73.21
35138,2020-03-07,73.21
35139,2020-03-08,73.21
35140,2020-03-09,73.21
35141,2020-03-10,73.21
35142,2020-03-11,73.21
35143,2020-03-12,73.21
35144,2020-03-13,73.21
35145,2020-03-14,73.21
35146,2020-03-15,73.21
35147,2020-03-16,72.02
35148,2020-03-17,72.02
35149,2020-03-18,72.02
35150,2020-03-19,72.02
35151,2020-03-20,72.02
35152,2020-03-21,72.02
35153,2020-03-22,72.02
35154,2020-03-23,72.02
35155,2020-03-24,71.13
35156,2020-03-25,71.13
35157,2020-03-26,72.92
35158,2020-03-27,72.92
35159,2020-03-28,67.56
35160,2020-03-29,67.56
35161,2020-03-30,67.56
35162,2020-03-31,69.94
35163,2020-04-01,69.94
35164,2020-04-02,69.94
35165,2020-04-03,67.56
35166,2020-04-04,67.56
35167,2020-04-05,67.56
35168,2020-04-06,67.56
35169,2020-04-07,67.56
35170,2020-04-08,59.23
35171,2020-04-09,59.23
35172,2020-04-10,59.23
35173,2020-04-11,59.23
35174,2020-04-12,59.23
35175,2020-04-13,59.23
35176,2020-04-14,59.23
35177,2020-04-15,59.23
35178,2020-04-16,59.23
35179,2020-04-17,59.23
35180,2020-04-18,59.23
35181,2020-04-19,59.23
35182,2020-04-20,59.23
35183,2020-04-21,59.23
35184,2020-04-22,59.23
35185,2020-04-23,59.23
35186,2020-04-24,59.23
35187,2020-04-25,59.23
35188,2020-04-26,59.23
35189,2020-04-27,59.23
35190,2020-04-28,59.23
35191,2020-04-29,59.23
35192,2020-04-30,59.23
35193,2020-05-01,59.23
35194,2020-05-02,59.23
35195,2020-05-03,59.23
35196,2020-05-04,59.23
35197,2020-05-05,59.23
35198,2020-05-06,59.23
35199,2020-05-07,59.23
35200,2020-05-08,59.23
35201,2020-05-09,59.23
35202,2020-05-10,75.3
35203,2020-05-11,75.3
35204,2020-05-12,75.3
35205,2020-05-13,75.3
35206,2020-05-14,75.3
35207,2020-05-15,75.3
35208,2020-05-16,75.3
35209,2020-05-17,75.3
35210,2020-05-18,75.3
35211,2020-05-19,75.3
35212,2020-05-20,75.3
35213,2020-05-21,75.3
35214,2020-05-22,75.3
35215,2020-05-23,75.3
35216,2020-05-24,75.3
35217,2020-05-25,75.3
35218,2020-05-26,75.3
35219,2020-05-27,75.3
35220,2020-05-28,75.3
35221,2020-05-29,75.3
35222,2020-05-30,75.3
35223,2020-05-31,75.3
35224,2020-06-01,75.3
35225,2020-06-02,75.3
35226,2020-06-03,72.92
35227,2020-06-04,72.92
35228,2020-06-05,72.92
35229,2020-06-06,72.92
35230,2020-06-07,72.92
35231,2020-06-08,72.92
35232,2020-06-09,72.92
35233,2020-06-10,72.92
35234,2020-06-11,72.92
35235,2020-06-12,72.92
35236,2020-06-13,72.92
35237,2020-06-14,72.92
35238,2020-06-15,72.92
35239,2020-06-16,72.92
35240,2020-06-17,72.92
35241,2020-06-18,72.92
35242,2020-06-19,72.92
35243,2020-06-20,72.92
35244,2020-06-21,72.92
35245,2020-06-22,72.92
35246,2020-06-23,72.92
35247,2020-06-24,72.92
35248,2020-06-25,72.92
35249,2020-06-26,72.92
35250,2020-06-27,72.92
35251,2020-06-28,72.92
35252,2020-06-29,72.92
35253,2020-06-30,72.92
35254,2020-07-01,72.92
35255,2020-07-02,72.92
35256,2020-07-03,72.92
35257,2020-07-04,72.92
35258,2020-07-05,72.92
35259,2020-07-06,72.92
35260,2020-07-07,72.92
35261,2020-07-08,72.92
35262,2020-07-09,72.92
35263,2020-07-10,72.92
35264,2020-07-11,72.92
35265,2020-07-12,72.92
35266,2020-07-13,72.92
35267,2020-07-14,72.92
35268,2020-07-15,72.92
35269,2020-07-16,72.92
35270,2020-07-17,72.92
35271,2020-07-18,72.92
35272,2020-07-19,72.92
35273,2020-07-20,72.92
35274,2020-07-21,72.92
35275,2020-07-22,72.92
35276,2020-07-23,72.92
35277,2020-07-24,72.92
35278,2020-07-25,72.92
35279,2020-07-26,72.92
35280,2020-07-27,72.92
35281,2020-07-28,72.92
35282,2020-07-29,72.92
35283,2020-07-30,72.92
35284,2020-07-31,72.92
35285,2020-08-01,72.92
35286,2020-08-02,72.92
35287,2020-08-03,72.92
35288,2020-08-04,72.92
35289,2020-08-05,72.92
35290,2020-08-06,72.92
35291,2020-08-07,72.92
35292,2020-08-08,72.92
35293,2020-08-09,72.92
35294,2020-08-10,72.92
35295,2020-08-11,72.92
35296,2020-08-12,72.92
35297,2020-08-13,72.92
35298,2020-08-14,72.92
35299,2020-08-15,72.92
35300,2020-08-16,72.92
35301,2020-08-17,72.92
35302,2020-08-18,72.92
35303,2020-08-19,72.92
35304,2020-08-20,72.92
35305,2020-08-21,72.92
35306,2020-08-22,72.92
35307,2020-08-23,72.92
35308,2020-08-24,72.92
35309,2020-08-25,72.92
35310,2020-08-26,72.92
35311,2020-08-27,72.92
35312,2020-08-28,72.92
35313,2020-08-29,72.92
35314,2020-08-30,72.92
35315,2020-08-31,72.92
35316,2020-09-01,72.92
35317,2020-09-02,58.04
35318,2020-09-03,58.04
35319,2020-09-04,52.68
35320,2020-09-05,52.68
35321,2020-09-06,52.68
35322,2020-09-07,52.68
35323,2020-09-08,52.68
35324,2020-09-09,52.68
35325,2020-09-10,52.68
35326,2020-09-11,52.68
35327,2020-09-12,52.68
35328,2020-09-13,52.68
35329,2020-09-14,52.68
35330,2020-09-15,75.3
35331,2020-09-16,75.3
35332,2020-09-17,75.3
35333,2020-09-18,75.3
35334,2020-09-19,75.3
35335,2020-09-20,75.3
35336,2020-09-21,71.13
35337,2020-09-22,68.75
35338,2020-09-23,63.39
35339,2020-09-24,63.39
35340,2020-09-25,63.39
35341,2020-09-26,57.44
35342,2020-09-27,57.44
35343,2020-09-28,57.44
35344,2020-09-29,57.44
35345,2020-09-30,57.44
35346,2020-10-01,57.44
35347,2020-10-02,57.44
35348,2020-10-03,57.44
35349,2020-10-04,57.44
35350,2020-10-05,57.44
35351,2020-10-06,57.44
35352,2020-10-07,57.44
35353,2020-10-08,57.44
35354,2020-10-09,57.44
35355,2020-10-10,56.25
35356,2020-10-11,56.25
35357,2020-10-12,62.2
35358,2020-10-13,62.2
35359,2020-10-14,62.2
35360,2020-10-15,62.2
35361,2020-10-16,62.2
35362,2020-10-17,62.2
35363,2020-10-18,62.2
35364,2020-10-19,62.2
35365,2020-10-20,62.2
35366,2020-10-21,62.2
35367,2020-10-22,62.2
35368,2020-10-23,62.2
35369,2020-10-24,77.98
35370,2020-10-25,77.98
35371,2020-10-26,77.98
35372,2020-10-27,77.98
35373,2020-10-28,77.98
35374,2020-10-29,77.98
35375,2020-10-30,69.64
35376,2020-10-31,66.07
35377,2020-11-01,66.07
35378,2020-11-02,66.07
35379,2020-11-03,66.07
35380,2020-11-04,66.07
35381,2020-11-05,66.07
35382,2020-11-06,66.07
35383,2020-11-07,66.07
35384,2020-11-08,66.07
35385,2020-11-09,66.07
35386,2020-11-10,66.07
35387,2020-11-11,66.07
35388,2020-11-12,66.07
35389,2020-11-13,66.07
35390,2020-11-14,66.07
35391,2020-11-15,66.07
35392,2020-11-16,66.07
35393,2020-11-17,66.07
35394,2020-11-18,66.07
35395,2020-11-19,66.07
35396,2020-11-20,74.4
35397,2020-11-21,74.4
35398,2020-11-22,74.4
35399,2020-11-23,74.4
35400,2020-11-24,77.98
35401,2020-11-25,77.98
35402,2020-11-26,77.98
35403,2020-11-27,77.98
35404,2020-11-28,77.98
35405,2020-11-29,77.98
35406,2020-11-30,77.98
35407,2020-12-01,77.98
35408,2020-12-02,77.98
35409,2020-12-03,77.98
35410,2020-12-04,77.98
35411,2020-12-05,77.98
35412,2020-12-06,77.98
35413,2020-12-07,77.98
35414,2020-12-08,75.6
35415,2020-12-09,75.6
35416,2020-12-10,75.6
35417,2020-12-11,75.6
35418,2020-12-12,75.6
35419,2020-12-13,75.6
35420,2020-12-14,75.6
35421,2020-12-15,77.02
35422,2020-12-16,77.02
35423,2020-12-17,77.02
35424,2020-12-18,77.02
35425,2020-12-19,77.02
35426,2020-12-20,77.02
35427,2020-12-21,77.02
35428,2020-12-22,77.02
35429,2020-12-23,77.02
35430,2020-12-24,77.02
35431,2020-12-25,77.02
35432,2020-12-26,77.02
35433,2020-12-27,77.02
35434,2020-12-28,77.02
35435,2020-12-29,77.02
35436,2020-12-30,77.02
35437,2020-12-31,77.02
35438,2021-01-01,77.02
35439,2021-01-02,77.02
35440,2021-01-03,77.02
35441,2021-01-04,77.02
35442,2021-01-05,77.02
35443,2021-01-06,77.02
35444,2021-01-07,77.02
35445,2021-01-08,77.02
35446,2021-01-09,77.02
35447,2021-01-10,77.02
35448,2021-01-11,77.02
35449,2021-01-12,77.02
35450,2021-01-13,77.02
35451,2021-01-14,77.02
35452,2021-01-15,77.02
35453,2021-01-16,77.02
35454,2021-01-17,77.02
35455,2021-01-18,77.02
35456,2021-01-19,77.02
35457,2021-01-20,77.02
35458,2021-01-21,77.02
35459,2021-01-22,77.02
35460,2021-01-23,77.02
35461,2021-01-24,77.02
35462,2021-01-25,77.02
35463,2021-01-26,77.02
35464,2021-01-27,77.02
35465,2021-01-28,77.02
35466,2021-01-29,77.02
35467,2021-01-30,77.02
35468,2021-01-31,77.02
35469,2021-02-01,77.02
35470,2021-02-02,77.02
35471,2021-02-03,77.02
35472,2021-02-04,77.02
35473,2021-02-05,77.02
35474,2021-02-06,77.02
35475,2021-02-07,77.02
35476,2021-02-08,77.02
35477,2021-02-09,77.02
35478,2021-02-10,77.02
35479,2021-02-11,77.02
35480,2021-02-12,77.02
35481,2021-02-13,77.02
35482,2021-02-14,77.02
35483,2021-02-15,77.02
35484,2021-02-16,77.02
35485,2021-02-17,77.02
35486,2021-02-18,77.02
35487,2021-02-19,77.02
35488,2021-02-20,77.02
35489,2021-02-21,77.02
35490,2021-02-22,63.63
35491,2021-02-23,63.63
35492,2021-02-24,63.63
35493,2021-02-25,63.63
35494,2021-02-26,63.63
35495,2021-02-27,63.63
35496,2021-02-28,63.63
35497,2021-03-01,60.06
35498,2021-03-02,60.06
35499,2021-03-03,61.49
35500,2021-03-04,61.49
35501,2021-03-05,61.49
35502,2021-03-06,61.49
35503,2021-03-07,61.49
35504,2021-03-08,61.49
35505,2021-03-09,61.49
35506,2021-03-10,61.49
35507,2021-03-11,61.49
35508,2021-03-12,61.49
35509,2021-03-13,61.49
35510,2021-03-14,61.49
35511,2021-03-15,58.51
35512,2021-03-16,58.51
35513,2021-03-17,58.51
35514,2021-03-18,58.51
35515,2021-03-19,58.51
35516,2021-03-20,58.51
35517,2021-03-21,58.51
35518,2021-03-22,58.51
35519,2021-03-23,61.37
35520,2021-03-24,61.37
35521,2021-03-25,61.37
35522,2021-03-26,61.37
35523,2021-03-27,61.37
35524,2021-03-28,61.37
35525,2021-03-29,56.9
35526,2021-03-30,56.9
35527,2021-03-31,60.48
35528,2021-04-01,60.48
35529,2021-04-02,60.48
35530,2021-04-03,60.48
35531,2021-04-04,60.48
35532,2021-04-05,78.63
35533,2021-04-06,78.63
35534,2021-04-07,78.63
35535,2021-04-08,78.63
35536,2021-04-09,78.63
35537,2021-04-10,78.63
35538,2021-04-11,78.63
35539,2021-04-12,78.63
35540,2021-04-13,78.63
35541,2021-04-14,78.63
35542,2021-04-15,78.63
35543,2021-04-16,78.63
35544,2021-04-17,78.63
35545,2021-04-18,78.63
35546,2021-04-19,78.63
35547,2021-04-20,78.63
35548,2021-04-21,78.63
35549,2021-04-22,78.63
35550,2021-04-23,78.63
35551,2021-04-24,78.63
35552,2021-04-25,78.63
35553,2021-04-26,78.63
35554,2021-04-27,78.63
35555,2021-04-28,78.63
35556,2021-04-29,78.63
35557,2021-04-30,78.63
35558,2021-05-01,78.63
35559,2021-05-02,78.63
35560,2021-05-03,78.63
35561,2021-05-04,71.49
35562,2021-05-05,71.49
35563,2021-05-06,69.11
35564,2021-05-07,69.11
35565,2021-05-08,69.11
35566,2021-05-09,69.11
35567,2021-05-10,70.54
35568,2021-05-11,70.54
35569,2021-05-12,69.35
35570,2021-05-13,69.35
35571,2021-05-14,72.92
35572,2021-05-15,72.92
35573,2021-05-16,74.11
35574,2021-05-17,74.11
35575,2021-05-18,74.11
35576,2021-05-19,74.11
35577,2021-05-20,74.11
35578,2021-05-21,74.11
35579,2021-05-22,74.11
35580,2021-05-23,74.11
35581,2021-05-24,74.11
35582,2021-05-25,74.11
35583,2021-05-26,74.11
35584,2021-05-27,74.11
35585,2021-05-28,74.11
35586,2021-05-29,76.49
35587,2021-05-30,76.49
35588,2021-05-31,76.49
35589,2021-06-01,71.73
35590,2021-06-02,74.4
35591,2021-06-03,74.4
35592,2021-06-04,74.4
35593,2021-06-05,74.4
35594,2021-06-06,74.4
35595,2021-06-07,74.4
35596,2021-06-08,74.4
35597,2021-06-09,74.4
35598,2021-06-10,74.4
35599,2021-06-11,76.79
35600,2021-06-12,76.79
35601,2021-06-13,76.79
35602,2021-06-14,76.79
35603,2021-06-15,76.79
35604,2021-06-16,76.79
35605,2021-06-17,76.79
35606,2021-06-18,76.79
35607,2021-06-19,76.79
35608,2021-06-20,76.79
35609,2021-06-21,76.79
35610,2021-06-22,76.79
35611,2021-06-23,76.79
35612,2021-06-24,71.73
35613,2021-06-25,71.73
35614,2021-06-26,71.73
35615,2021-06-27,71.73
35616,2021-06-28,71.73
35617,2021-06-29,71.73
35618,2021-06-30,71.73
35619,2021-07-01,71.73
35620,2021-07-02,68.15
35621,2021-07-03,68.15
35622,2021-07-04,68.15
35623,2021-07-05,68.15
35624,2021-07-06,68.15
35625,2021-07-07,74.11
35626,2021-07-08,74.11
35627,2021-07-09,74.11
35628,2021-07-10,74.11
35629,2021-07-11,74.11
35630,2021-07-12,74.11
35631,2021-07-13,74.11
35632,2021-07-14,74.11
35633,2021-07-15,74.11
35634,2021-07-16,74.11
35635,2021-07-17,74.11
35636,2021-07-18,74.11
35637,2021-07-19,74.11
35638,2021-07-20,78.27
35639,2021-07-21,78.27
35640,2021-07-22,78.27
35641,2021-07-23,78.27
35642,2021-07-24,78.27
35643,2021-07-25,78.27
35644,2021-07-26,78.27
35645,2021-07-27,78.27
35646,2021-07-28,78.27
35647,2021-07-29,78.27
35648,2021-07-30,78.27
35649,2021-07-31,81.85
35650,2021-08-01,81.85
35651,2021-08-02,81.85
35652,2021-08-03,81.85
35653,2021-08-04,81.85
35654,2021-08-05,81.85
35655,2021-08-06,81.85
35656,2021-08-07,81.85
35657,2021-08-08,81.85
35658,2021-08-09,81.85
35659,2021-08-10,81.85
35660,2021-08-11,81.85
35661,2021-08-12,81.85
35662,2021-08-13,81.85
35663,2021-08-14,81.85
35664,2021-08-15,81.85
35665,2021-08-16,81.85
35666,2021-08-17,81.85
35667,2021-08-18,81.85
35668,2021-08-19,81.85
35669,2021-08-20,81.85
35670,2021-08-21,81.85
35671,2021-08-22,81.85
35672,2021-08-23,81.85
35673,2021-08-24,81.85
35674,2021-08-25,81.85
35675,2021-08-26,81.85
35676,2021-08-27,81.85
35677,2021-08-28,81.85
35678,2021-08-29,81.85
35679,2021-08-30,81.85
35680,2021-08-31,81.85
35681,2021-09-01,78.27
35682,2021-09-02,78.27
35683,2021-09-03,78.27
35684,2021-09-04,78.27
35685,2021-09-05,78.27
35686,2021-09-06,78.27
35687,2021-09-07,78.27
35688,2021-09-08,78.27
35689,2021-09-09,78.27
35690,2021-09-10,78.27
35691,2021-09-11,81.85
35692,2021-09-12,81.85
35693,2021-09-13,81.85
35694,2021-09-14,81.85
35695,2021-09-15,81.85
35696,2021-09-16,81.85
35697,2021-09-17,81.85
35698,2021-09-18,81.85
35699,2021-09-19,81.85
35700,2021-09-20,81.85
35701,2021-09-21,81.85
35702,2021-09-22,81.85
35703,2021-09-23,81.85
35704,2021-09-24,81.85
35705,2021-09-25,81.85
35706,2021-09-26,81.85
35707,2021-09-27,81.85
35708,2021-09-28,81.85
35709,2021-09-29,81.85
35710,2021-09-30,81.85
35711,2021-10-01,81.85
35712,2021-10-02,81.85
35713,2021-10-03,81.85
35714,2021-10-04,81.85
35715,2021-10-05,81.85
35716,2021-10-06,81.85
35717,2021-10-07,81.85
35718,2021-10-08,81.85
35719,2021-10-09,81.85
35720,2021-10-10,81.85
35721,2021-10-11,81.85
35722,2021-10-12,81.85
35723,2021-10-13,81.85
35724,2021-10-14,81.85
35725,2021-10-15,78.27
35726,2021-10-16,78.27
35727,2021-10-17,78.27
35728,2021-10-18,78.27
35729,2021-10-19,81.85
35730,2021-10-20,81.85
35731,2021-10-21,81.85
35732,2021-10-22,81.85
35733,2021-10-23,81.85
35734,2021-10-24,81.85
35735,2021-10-25,81.85
35736,2021-10-26,81.85
35737,2021-10-27,81.85
35738,2021-10-28,81.85
35739,2021-10-29,81.85
35740,2021-10-30,81.85
35741,2021-10-31,81.85
35742,2021-11-01,81.85
35743,2021-11-02,81.85
35744,2021-11-03,81.85
35745,2021-11-04,81.85
35746,2021-11-05,81.85
35747,2021-11-06,81.85
35748,2021-11-07,81.85
35749,2021-11-08,81.85
35750,2021-11-09,81.85
35751,2021-11-10,81.85
35752,2021-11-11,81.85
35753,2021-11-12,81.85
35754,2021-11-13,81.85
35755,2021-11-14,81.85
35756,2021-11-15,81.85
35757,2021-11-16,81.85
35758,2021-11-17,81.85
35759,2021-11-18,81.85
35760,2021-11-19,81.85
35761,2021-11-20,81.85
35762,2021-11-21,81.85
35763,2021-11-22,81.85
35764,2021-11-23,81.85
35765,2021-11-24,81.85
35766,2021-11-25,81.85
35767,2021-11-26,81.85
35768,2021-11-27,81.85
35769,2021-11-28,81.85
35770,2021-11-29,81.85
35771,2021-11-30,81.85
35772,2021-12-01,81.85
35773,2021-12-02,81.85
35774,2021-12-03,81.85
35775,2021-12-04,81.85
35776,2021-12-05,81.85
35777,2021-12-06,81.85
35778,2021-12-07,81.85
35779,2021-12-08,81.85
35780,2021-12-09,81.85
35781,2021-12-10,81.85
35782,2021-12-11,81.85
35783,2021-12-12,81.85
35784,2021-12-13,81.85
35785,2021-12-14,81.85
35786,2021-12-15,81.85
35787,2021-12-16,81.85
35788,2021-12-17,81.85
35789,2021-12-18,81.85
35790,2021-12-19,81.85
35791,2021-12-20,81.85
35792,2021-12-21,81.85
35793,2021-12-22,81.85
35794,2021-12-23,81.85
35795,2021-12-24,81.85
35796,2021-12-25,81.85
35797,2021-12-26,81.85
35798,2021-12-27,81.85
35799,2021-12-28,81.85
35800,2021-12-29,81.85
35801,2021-12-30,81.85
35802,2021-12-31,81.85
35803,2022-01-01,81.85
35804,2022-01-02,81.85
35805,2022-01-03,81.85
35806,2022-01-04,81.85
35807,2022-01-05,81.85
35808,2022-01-06,81.85
35809,2022-01-07,81.85
35810,2022-01-08,81.85
35811,2022-01-09,81.85
35812,2022-01-10,81.85
35813,2022-01-11,81.85
35814,2022-01-12,81.85
35815,2022-01-13,81.85
35816,2022-01-14,81.85
35817,2022-01-15,81.85
35818,2022-01-16,81.85
35819,2022-01-17,81.85
35820,2022-01-18,81.85
35821,2022-01-19,81.85
35822,2022-01-20,81.85
35823,2022-01-21,81.85
35824,2022-01-22,81.85
35825,2022-01-23,81.85
35826,2022-01-24,79.46
35827,2022-01-25,81.85
35828,2022-01-26,81.85
35829,2022-01-27,81.85
35830,2022-01-28,81.85
35831,2022-01-29,81.85
35832,2022-01-30,81.85
35833,2022-01-31,81.85
35834,2022-02-01,81.85
35835,2022-02-02,81.85
35836,2022-02-03,81.85
35837,2022-02-04,81.85
35838,2022-02-05,81.85
35839,2022-02-06,81.85
35840,2022-02-07,81.85
35841,2022-02-08,81.85
35842,2022-02-09,81.85
35843,2022-02-10,81.85
35844,2022-02-11,81.85
35845,2022-02-12,81.85
35846,2022-02-13,81.85
35847,2022-02-14,81.85
35848,2022-02-15,81.85
35849,2022-02-16,81.85
35850,2022-02-17,81.85
35851,2022-02-18,81.85
35852,2022-02-19,81.85
35853,2022-02-20,81.85
35854,2022-02-21,81.85
35855,2022-02-22,81.85
35856,2022-02-23,81.85
35857,2022-02-24,81.85
35858,2022-02-25,81.85
35859,2022-02-26,81.85
35860,2022-02-27,81.85
35861,2022-02-28,81.85
35862,2022-03-01,81.85
35863,2022-03-02,81.85
35864,2022-03-03,81.85
35865,2022-03-04,81.85
35866,2022-03-05,81.85
35867,2022-03-06,81.85
35868,2022-03-07,81.85
35869,2022-03-08,81.85
35870,2022-03-09,81.85
35871,2022-03-10,81.85
35872,2022-03-11,81.85
35873,2022-03-12,81.85
35874,2022-03-13,81.85
35875,2022-03-14,81.85
35876,2022-03-15,81.85
35877,2022-03-16,84.52
35878,2022-03-17,84.52
35879,2022-03-18,84.52
35880,2022-03-19,84.52
35881,2022-03-20,84.52
35882,2022-03-21,84.52
35883,2022-03-22,84.52
35884,2022-03-23,84.52
35885,2022-03-24,84.52
35886,2022-03-25,84.52
35887,2022-03-26,84.52
35888,2022-03-27,84.52
35889,2022-03-28,84.52
35890,2022-03-29,84.52
35891,2022-03-30,84.52
35892,2022-03-31,84.52
35893,2022-04-01,84.52
35894,2022-04-02,84.52
35895,2022-04-03,84.52
35896,2022-04-04,84.52
35897,2022-04-05,84.52
35898,2022-04-06,84.52
35899,2022-04-07,84.52
35900,2022-04-08,84.52
35901,2022-04-09,84.52
35902,2022-04-10,84.52
35903,2022-04-11,84.52
35904,2022-04-12,84.52
35905,2022-04-13,84.52
35906,2022-04-14,84.52
35907,2022-04-15,84.52
35908,2022-04-16,82.14
35909,2022-04-17,82.14
35910,2022-04-18,84.52
35911,2022-04-19,84.52
35912,2022-04-20,84.52
35913,2022-04-21,84.52
35914,2022-04-22,84.52
35915,2022-04-23,84.52
35916,2022-04-24,84.52
35917,2022-04-25,84.52
35918,2022-04-26,84.52
35919,2022-04-27,84.52
35920,2022-04-28,84.52
35921,2022-04-29,84.52
35922,2022-04-30,84.52
35923,2022-05-01,84.52
35924,2022-05-02,84.52
35925,2022-05-03,84.52
35926,2022-05-04,84.52
35927,2022-05-05,84.52
35928,2022-05-06,84.52
35929,2022-05-07,84.52
35930,2022-05-08,84.52
35931,2022-05-09,84.52
35932,2022-05-10,84.52
35933,2022-05-11,84.52
35934,2022-05-12,84.52
35935,2022-05-13,84.52
35936,2022-05-14,84.52
35937,2022-05-15,84.52
35938,2022-05-16,84.52
35939,2022-05-17,84.52
35940,2022-05-18,84.52
35941,2022-05-19,84.52
35942,2022-05-20,84.52
35943,2022-05-21,84.52
35944,2022-05-22,84.52
35945,2022-05-23,84.52
35946,2022-05-24,84.52
35947,2022-05-25,84.52
35948,2022-05-26,84.52
35949,2022-05-27,84.52
35950,2022-05-28,84.52
35951,2022-05-29,84.52
35952,2022-05-30,84.52
35953,2022-05-31,84.52
35954,2022-06-01,84.52
35955,2022-06-02,84.52
35956,2022-06-03,84.52
35957,2022-06-04,84.52
35958,2022-06-05,84.52
35959,2022-06-06,84.52
35960,2022-06-07,84.52
35961,2022-06-08,84.52
35962,2022-06-09,84.52
35963,2022-06-10,84.52
35964,2022-06-11,84.52
35965,2022-06-12,84.52
35966,2022-06-13,84.52
35967,2022-06-14,84.52
35968,2022-06-15,84.52
35969,2022-06-16,84.52
35970,2022-06-17,84.52
35971,2022-06-18,84.52
35972,2022-06-19,84.52
35973,2022-06-20,84.52
35974,2022-06-21,84.52
35975,2022-06-22,84.52
35976,2022-06-23,84.52
35977,2022-06-24,84.52
35978,2022-06-25,84.52
35979,2022-06-26,84.52
35980,2022-06-27,84.52
35981,2022-06-28,84.52
35982,2022-06-29,84.52
35983,2022-06-30,84.52
35984,2022-07-01,84.52
35985,2022-07-02,84.52
35986,2022-07-03,84.52
35987,2022-07-04,84.52
35988,2022-07-05,84.52
35989,2022-07-06,84.52
35990,2022-07-07,84.52
35991,2022-07-08,84.52
35992,2022-07-09,84.52
35993,2022-07-10,84.52
35994,2022-07-11,84.52
35995,2022-07-12,84.52
35996,2022-07-13,84.52
35997,2022-07-14,84.52
35998,2022-07-15,84.52
35999,2022-07-16,84.52
36000,2022-07-17,84.52
36001,2022-07-18,84.52
36002,2022-07-19,84.52
36003,2022-07-20,84.52
36004,2022-07-21,84.52
36005,2022-07-22,84.52
36006,2022-07-23,84.52
36007,2022-07-24,84.52
36008,2022-07-25,84.52
36009,2022-07-26,84.52
36010,2022-07-27,84.52
36011,2022-07-28,84.52
36012,2022-07-29,84.52
36013,2022-07-30,84.52
36014,2022-07-31,84.52
36015,2022-08-01,84.52
36016,2022-08-02,84.52
36017,2022-08-03,84.52
36018,2022-08-04,84.52
36019,2022-08-05,84.52
36020,2022-08-06,84.52
36021,2022-08-07,84.52
36022,2022-08-08,84.52
36023,2022-08-09,84.52
36024,2022-08-10,84.52
36025,2022-08-11,84.52
36026,2022-08-12,84.52
36027,2022-08-13,84.52
36028,2022-08-14,84.52
36029,2022-08-15,84.52
36030,2022-08-16,84.52
36031,2022-08-17,84.52
36032,2022-08-18,84.52
36033,2022-08-19,84.52
36034,2022-08-20,84.52
36035,2022-08-21,84.52
36036,2022-08-22,84.52
36037,2022-08-23,84.52
36038,2022-08-24,84.52
36039,2022-08-25,84.52
36040,2022-08-26,84.52
36041,2022-08-27,84.52
36042,2022-08-28,84.52
36043,2022-08-29,84.52
36044,2022-08-30,84.52
36045,2022-08-31,84.52
36046,2022-09-01,84.52
36047,2022-09-02,84.52
36048,2022-09-03,84.52
36049,2022-09-04,84.52
36050,2022-09-05,84.52
36051,2022-09-06,84.52
36052,2022-09-07,84.52
36053,2022-09-08,84.52
36054,2022-09-09,84.52
36055,2022-09-10,84.52
36056,2022-09-11,84.52
36057,2022-09-12,84.52
36058,2022-09-13,84.52
36059,2022-09-14,84.52
36060,2022-09-15,84.52
36061,2022-09-16,84.52
36062,2022-09-17,84.52
36063,2022-09-18,84.52
36064,2022-09-19,84.52
36065,2022-09-20,84.52
36066,2022-09-21,84.52
36067,2022-09-22,84.52
36068,2022-09-23,84.52
36069,2022-09-24,84.52
36070,2022-09-25,84.52
36071,2022-09-26,84.52
36072,2022-09-27,84.52
36073,2022-09-28,84.52
36074,2022-09-29,84.52
36075,2022-09-30,84.52
36076,2022-10-01,84.52
36077,2022-10-02,84.52
36078,2022-10-03,84.52
36079,2022-10-04,84.52
36080,2022-10-05,84.52
36081,2022-10-06,84.52
36082,2022-10-07,84.52
36083,2022-10-08,84.52
36084,2022-10-09,84.52
36085,2022-10-10,82.74
36086,2022-10-11,82.74
36087,2022-10-12,82.74
36088,2022-10-13,82.74
36089,2022-10-14,82.74
36090,2022-10-15,82.74
36091,2022-10-16,82.74
36092,2022-10-17,82.74
36093,2022-10-18,82.74
36094,2022-10-19,82.74
36095,2022-10-20,82.74
36096,2022-10-21,82.74
36097,2022-10-22,82.74
36098,2022-10-23,82.74
36099,2022-10-24,82.74
36100,2022-10-25,82.74
36101,2022-10-26,82.74
36102,2022-10-27,82.74
36103,2022-10-28,82.74
36104,2022-10-29,82.74
36105,2022-10-30,82.74
36106,2022-10-31,82.74
36107,2022-11-01,82.74
36108,2022-11-02,82.74
36109,2022-11-03,82.74
36110,2022-11-04,82.74
36111,2022-11-05,82.74
36112,2022-11-06,82.74
36113,2022-11-07,82.74
36114,2022-11-08,82.74
36115,2022-11-09,82.74
36116,2022-11-10,82.74
36117,2022-11-11,82.74
36118,2022-11-12,82.74
36119,2022-11-13,82.74
36120,2022-11-14,82.74
36121,2022-11-15,82.74
36122,2022-11-16,82.74
36123,2022-11-17,82.74
36124,2022-11-18,82.74
36125,2022-11-19,82.74
36126,2022-11-20,82.74
36127,2022-11-21,82.74
36128,2022-11-22,82.74
36129,2022-11-23,82.74
36130,2022-11-24,82.74
36131,2022-11-25,82.74
36132,2022-11-26,82.74
36133,2022-11-27,82.74
36134,2022-11-28,82.74
36135,2022-11-29,82.74
36136,2022-11-30,82.74
36137,2022-12-01,82.74
36138,2022-12-02,82.74
36139,2022-12-03,82.74
36140,2022-12-04,82.74
36141,2022-12-05,82.74
36142,2022-12-06,82.74
36143,2022-12-07,80.36
36144,2022-12-08,73.81
36145,2022-12-09,73.81
36146,2022-12-10,73.81
36147,2022-12-11,73.81
36148,2022-12-12,73.81
36149,2022-12-13,68.45
36150,2022-12-14,64.88
36151,2022-12-15,64.88
36152,2022-12-16,64.88
36153,2022-12-17,64.88
36154,2022-12-18,64.88
36155,2022-12-19,61.31
36156,2022-12-20,61.31
36157,2022-12-21,61.31
36158,2022-12-22,61.31
36159,2022-12-23,61.31
36160,2022-12-24,61.31
36161,2022-12-25,61.31
36162,2022-12-26,61.31
36163,2022-12-27,61.31
36164,2022-12-28,61.31
36165,2022-12-29,61.31
36166,2022-12-30,61.31
36167,2022-12-31,61.31
83296,2020-01-01,0.0
83297,2020-01-02,0.0
83298,2020-01-03,0.0
83299,2020-01-04,0.0
83300,2020-01-05,0.0
83301,2020-01-06,0.0
83302,2020-01-07,0.0
83303,2020-01-08,0.0
83304,2020-01-09,0.0
83305,2020-01-10,0.0
83306,2020-01-11,0.0
83307,2020-01-12,0.0
83308,2020-01-13,0.0
83309,2020-01-14,0.0
83310,2020-01-15,0.0
83311,2020-01-16,0.0
83312,2020-01-17,0.0
83313,2020-01-18,0.0
83314,2020-01-19,0.0
83315,2020-01-20,0.0
83316,2020-01-21,0.0
83317,2020-01-22,0.0
83318,2020-01-23,0.0
83319,2020-01-24,0.0
83320,2020-01-25,5.95
83321,2020-01-26,13.69
83322,2020-01-27,13.69
83323,2020-01-28,13.69
83324,2020-01-29,13.69
83325,2020-01-30,13.69
83326,2020-01-31,17.26
83327,2020-02-01,17.26
83328,2020-02-02,17.26
83329,2020-02-03,17.26
83330,2020-02-04,17.26
83331,2020-02-05,17.26
83332,2020-02-06,17.26
83333,2020-02-07,17.26
83334,2020-02-08,17.26
83335,2020-02-09,17.26
83336,2020-02-10,17.26
83337,2020-02-11,17.26
83338,2020-02-12,17.26
83339,2020-02-13,17.26
83340,2020-02-14,17.26
83341,2020-02-15,17.26
83342,2020-02-16,17.26
83343,2020-02-17,17.26
83344,2020-02-18,17.26
83345,2020-02-19,17.26
83346,2020-02-20,17.26
83347,2020-02-21,17.26
83348,2020-02-22,17.26
83349,2020-02-23,17.26
83350,2020-02-24,17.26
83351,2020-02-25,17.26
83352,2020-02-26,17.26
83353,2020-02-27,17.26
83354,2020-02-28,17.26
83355,2020-02-29,17.26
83356,2020-03-01,17.26
83357,2020-03-02,17.26
83358,2020-03-03,17.26
83359,2020-03-04,17.26
83360,2020-03-05,27.98
83361,2020-03-06,27.98
83362,2020-03-07,27.98
83363,2020-03-08,27.98
83364,2020-03-09,27.98
83365,2020-03-10,27.98
83366,2020-03-11,27.98
83367,2020-03-12,27.98
83368,2020-03-13,36.31
83369,2020-03-14,36.31
83370,2020-03-15,38.1
83371,2020-03-16,38.1
83372,2020-03-17,38.1
83373,2020-03-18,38.1
83374,2020-03-19,38.1
83375,2020-03-20,38.1
83376,2020-03-21,38.1
83377,2020-03-22,80.95
83378,2020-03-23,72.32
83379,2020-03-24,72.32
83380,2020-03-25,80.95
83381,2020-03-26,80.95
83382,2020-03-27,80.95
83383,2020-03-28,80.95
83384,2020-03-29,80.95
83385,2020-03-30,80.95
83386,2020-03-31,80.95
83387,2020-04-01,80.95
83388,2020-04-02,82.74
83389,2020-04-03,82.74
83390,2020-04-04,82.74
83391,2020-04-05,82.74
83392,2020-04-06,82.74
83393,2020-04-07,82.74
83394,2020-04-08,82.74
83395,2020-04-09,91.96
83396,2020-04-10,91.96
83397,2020-04-11,91.96
83398,2020-04-12,91.96
83399,2020-04-13,91.96
83400,2020-04-14,91.96
83401,2020-04-15,91.96
83402,2020-04-16,91.96
83403,2020-04-17,91.96
83404,2020-04-18,91.96
83405,2020-04-19,91.96
83406,2020-04-20,89.58
83407,2020-04-21,89.58
83408,2020-04-22,89.58
83409,2020-04-23,89.58
83410,2020-04-24,89.58
83411,2020-04-25,89.58
83412,2020-04-26,89.58
83413,2020-04-27,89.58
83414,2020-04-28,89.58
83415,2020-04-29,89.58
83416,2020-04-30,89.58
83417,2020-05-01,89.58
83418,2020-05-02,89.58
83419,2020-05-03,89.58
83420,2020-05-04,76.79
83421,2020-05-05,76.79
83422,2020-05-06,76.79
83423,2020-05-07,76.79
83424,2020-05-08,76.79
83425,2020-05-09,76.79
83426,2020-05-10,76.79
83427,2020-05-11,76.79
83428,2020-05-12,76.79
83429,2020-05-13,76.79
83430,2020-05-14,76.79
83431,2020-05-15,76.79
83432,2020-05-16,76.79
83433,2020-05-17,76.79
83434,2020-05-18,76.79
83435,2020-05-19,76.79
83436,2020-05-20,76.79
83437,2020-05-21,76.79
83438,2020-05-22,76.79
83439,2020-05-23,76.79
83440,2020-05-24,76.79
83441,2020-05-25,76.79
83442,2020-05-26,76.79
83443,2020-05-27,76.79
83444,2020-05-28,76.79
83445,2020-05-29,76.79
83446,2020-05-30,76.79
83447,2020-05-31,76.79
83448,2020-06-01,74.4
83449,2020-06-02,74.4
83450,2020-06-03,74.4
83451,2020-06-04,74.4
83452,2020-06-05,74.4
83453,2020-06-06,74.4
83454,2020-06-07,74.4
83455,2020-06-08,74.4
83456,2020-06-09,74.4
83457,2020-06-10,74.4
83458,2020-06-11,74.4
83459,2020-06-12,74.4
83460,2020-06-13,74.4
83461,2020-06-14,74.4
83462,2020-06-15,74.4
83463,2020-06-16,74.4
83464,2020-06-17,74.4
83465,2020-06-18,74.4
83466,2020-06-19,74.4
83467,2020-06-20,74.4
83468,2020-06-21,74.4
83469,2020-06-22,74.4
83470,2020-06-23,74.4
83471,2020-06-24,74.4
83472,2020-06-25,74.4
83473,2020-06-26,74.4
83474,2020-06-27,74.4
83475,2020-06-28,74.4
83476,2020-06-29,74.4
83477,2020-06-30,74.4
83478,2020-07-01,74.4
83479,2020-07-02,74.4
83480,2020-07-03,74.4
83481,2020-07-04,74.4
83482,2020-07-05,74.4
83483,2020-07-06,74.4
83484,2020-07-07,74.4
83485,2020-07-08,74.4
83486,2020-07-09,74.4
83487,2020-07-10,74.4
83488,2020-07-11,74.4
83489,2020-07-12,74.4
83490,2020-07-13,74.4
83491,2020-07-14,74.4
83492,2020-07-15,74.4
83493,2020-07-16,74.4
83494,2020-07-17,74.4
83495,2020-07-18,74.4
83496,2020-07-19,74.4
83497,2020-07-20,74.4
83498,2020-07-21,74.4
83499,2020-07-22,74.4
83500,2020-07-23,74.4
83501,2020-07-24,74.4
83502,2020-07-25,74.4
83503,2020-07-26,74.4
83504,2020-07-27,74.4
83505,2020-07-28,74.4
83506,2020-07-29,74.4
83507,2020-07-30,74.4
83508,2020-07-31,74.4
83509,2020-08-01,73.21
83510,2020-08-02,73.21
83511,2020-08-03,73.21
83512,2020-08-04,73.21
83513,2020-08-05,73.21
83514,2020-08-06,73.21
83515,2020-08-07,73.21
83516,2020-08-08,73.21
83517,2020-08-09,73.21
83518,2020-08-10,73.21
83519,2020-08-11,73.21
83520,2020-08-12,73.21
83521,2020-08-13,73.21
83522,2020-08-14,73.21
83523,2020-08-15,73.21
83524,2020-08-16,73.21
83525,2020-08-17,73.21
83526,2020-08-18,73.21
83527,2020-08-19,73.21
83528,2020-08-20,73.21
83529,2020-08-21,73.21
83530,2020-08-22,73.21
83531,2020-08-23,73.21
83532,2020-08-24,73.21
83533,2020-08-25,73.21
83534,2020-08-26,73.21
83535,2020-08-27,73.21
83536,2020-08-28,73.21
83537,2020-08-29,73.21
83538,2020-08-30,73.21
83539,2020-08-31,73.21
83540,2020-09-01,70.83
83541,2020-09-02,70.83
83542,2020-09-03,70.83
83543,2020-09-04,70.83
83544,2020-09-05,70.83
83545,2020-09-06,70.83
83546,2020-09-07,67.26
83547,2020-09-08,67.26
83548,2020-09-09,67.26
83549,2020-09-10,67.26
83550,2020-09-11,67.26
83551,2020-09-12,67.26
83552,2020-09-13,67.26
83553,2020-09-14,67.26
83554,2020-09-15,67.26
83555,2020-09-16,67.26
83556,2020-09-17,67.26
83557,2020-09-18,67.26
83558,2020-09-19,67.26
83559,2020-09-20,67.26
83560,2020-09-21,63.69
83561,2020-09-22,63.69
83562,2020-09-23,63.69
83563,2020-09-24,63.69
83564,2020-09-25,63.69
83565,2020-09-26,63.69
83566,2020-09-27,63.69
83567,2020-09-28,63.69
83568,2020-09-29,63.69
83569,2020-09-30,63.69
83570,2020-10-01,63.69
83571,2020-10-02,63.69
83572,2020-10-03,63.69
83573,2020-10-04,63.69
83574,2020-10-05,63.69
83575,2020-10-06,63.69
83576,2020-10-07,63.69
83577,2020-10-08,63.69
83578,2020-10-09,63.69
83579,2020-10-10,63.69
83580,2020-10-11,63.69
83581,2020-10-12,63.69
83582,2020-10-13,63.69
83583,2020-10-14,63.69
83584,2020-10-15,57.74
83585,2020-10-16,57.74
83586,2020-10-17,57.74
83587,2020-10-18,57.74
83588,2020-10-19,57.74
83589,2020-10-20,57.74
83590,2020-10-21,57.74
83591,2020-10-22,57.74
83592,2020-10-23,57.74
83593,2020-10-24,57.74
83594,2020-10-25,57.74
83595,2020-10-26,57.74
83596,2020-10-27,55.95
83597,2020-10-28,55.95
83598,2020-10-29,55.95
83599,2020-10-30,55.95
83600,2020-10-31,55.95
83601,2020-11-01,55.95
83602,2020-11-02,55.95
83603,2020-11-03,55.95
83604,2020-11-04,55.95
83605,2020-11-05,55.95
83606,2020-11-06,55.95
83607,2020-11-07,55.95
83608,2020-11-08,55.95
83609,2020-11-09,55.95
83610,2020-11-10,55.95
83611,2020-11-11,55.95
83612,2020-11-12,55.95
83613,2020-11-13,55.95
83614,2020-11-14,55.95
83615,2020-11-15,55.95
83616,2020-11-16,55.95
83617,2020-11-17,55.95
83618,2020-11-18,55.95
83619,2020-11-19,55.95
83620,2020-11-20,55.95
83621,2020-11-21,60.71
83622,2020-11-22,60.71
83623,2020-11-23,60.71
83624,2020-11-24,60.71
83625,2020-11-25,60.71
83626,2020-11-26,60.71
83627,2020-11-27,60.71
83628,2020-11-28,60.71
83629,2020-11-29,60.71
83630,2020-11-30,60.71
83631,2020-12-01,60.71
83632,2020-12-02,60.71
83633,2020-12-03,60.71
83634,2020-12-04,60.71
83635,2020-12-05,60.71
83636,2020-12-06,60.71
83637,2020-12-07,60.71
83638,2020-12-08,60.71
83639,2020-12-09,60.71
83640,2020-12-10,60.71
83641,2020-12-11,60.71
83642,2020-12-12,60.71
83643,2020-12-13,60.71
83644,2020-12-14,60.71
83645,2020-12-15,60.71
83646,2020-12-16,60.71
83647,2020-12-17,60.71
83648,2020-12-18,60.71
83649,2020-12-19,60.71
83650,2020-12-20,60.71
83651,2020-12-21,60.71
83652,2020-12-22,60.71
83653,2020-12-23,60.71
83654,2020-12-24,60.71
83655,2020-12-25,60.71
83656,2020-12-26,60.71
83657,2020-12-27,60.71
83658,2020-12-28,60.71
83659,2020-12-29,60.71
83660,2020-12-30,60.71
83661,2020-12-31,60.71
83662,2021-01-01,60.71
83663,2021-01-02,60.71
83664,2021-01-03,60.71
83665,2021-01-04,60.71
83666,2021-01-05,60.71
83667,2021-01-06,60.71
83668,2021-01-07,60.71
83669,2021-01-08,60.71
83670,2021-01-09,60.71
83671,2021-01-10,60.71
83672,2021-01-11,60.71
83673,2021-01-12,60.71
83674,2021-01-13,60.71
83675,2021-01-14,60.71
83676,2021-01-15,60.71
83677,2021-01-16,63.57
83678,2021-01-17,63.57
83679,2021-01-18,63.57
83680,2021-01-19,63.57
83681,2021-01-20,63.57
83682,2021-01-21,63.57
83683,2021-01-22,63.57
83684,2021-01-23,63.57
83685,2021-01-24,63.57
83686,2021-01-25,63.57
83687,2021-01-26,73.39
83688,2021-01-27,69.82
83689,2021-01-28,69.82
83690,2021-01-29,69.82
83691,2021-01-30,69.82
83692,2021-01-31,69.82
83693,2021-02-01,69.82
83694,2021-02-02,69.82
83695,2021-02-03,69.82
83696,2021-02-04,69.82
83697,2021-02-05,69.82
83698,2021-02-06,69.82
83699,2021-02-07,69.82
83700,2021-02-08,69.82
83701,2021-02-09,69.82
83702,2021-02-10,69.82
83703,2021-02-11,69.82
83704,2021-02-12,69.82
83705,2021-02-13,69.82
83706,2021-02-14,69.82
83707,2021-02-15,69.82
83708,2021-02-16,69.82
83709,2021-02-17,69.82
83710,2021-02-18,69.82
83711,2021-02-19,69.82
83712,2021-02-20,69.82
83713,2021-02-21,69.82
83714,2021-02-22,69.82
83715,2021-02-23,69.82
83716,2021-02-24,71.01
83717,2021-02-25,71.01
83718,2021-02-26,71.01
83719,2021-02-27,71.01
83720,2021-02-28,71.01
83721,2021-03-01,72.44
83722,2021-03-02,72.44
83723,2021-03-03,72.44
83724,2021-03-04,72.44
83725,2021-03-05,72.44
83726,2021-03-06,72.44
83727,2021-03-07,72.44
83728,2021-03-08,72.44
83729,2021-03-09,68.87
83730,2021-03-10,68.87
83731,2021-03-11,68.87
83732,2021-03-12,68.87
83733,2021-03-13,68.87
83734,2021-03-14,68.87
83735,2021-03-15,68.87
83736,2021-03-16,68.87
83737,2021-03-17,68.87
83738,2021-03-18,68.87
83739,2021-03-19,68.87
83740,2021-03-20,68.87
83741,2021-03-21,68.87
83742,2021-03-22,68.87
83743,2021-03-23,68.87
83744,2021-03-24,68.87
83745,2021-03-25,68.87
83746,2021-03-26,68.87
83747,2021-03-27,68.87
83748,2021-03-28,68.87
83749,2021-03-29,68.87
83750,2021-03-30,68.87
83751,2021-03-31,68.87
83752,2021-04-01,70.3
83753,2021-04-02,70.3
83754,2021-04-03,81.01
83755,2021-04-04,81.01
83756,2021-04-05,78.04
83757,2021-04-06,78.04
83758,2021-04-07,78.04
83759,2021-04-08,78.04
83760,2021-04-09,78.04
83761,2021-04-10,78.04
83762,2021-04-11,78.04
83763,2021-04-12,78.04
83764,2021-04-13,78.04
83765,2021-04-14,78.04
83766,2021-04-15,78.04
83767,2021-04-16,78.04
83768,2021-04-17,78.04
83769,2021-04-18,78.04
83770,2021-04-19,80.42
83771,2021-04-20,80.42
83772,2021-04-21,80.42
83773,2021-04-22,80.42
83774,2021-04-23,80.42
83775,2021-04-24,80.42
83776,2021-04-25,80.42
83777,2021-04-26,80.42
83778,2021-04-27,80.42
83779,2021-04-28,80.42
83780,2021-04-29,80.42
83781,2021-04-30,80.42
83782,2021-05-01,81.85
83783,2021-05-02,81.85
83784,2021-05-03,81.85
83785,2021-05-04,75.89
83786,2021-05-05,75.89
83787,2021-05-06,75.89
83788,2021-05-07,75.89
83789,2021-05-08,75.89
83790,2021-05-09,75.89
83791,2021-05-10,81.25
83792,2021-05-11,81.25
83793,2021-05-12,81.25
83794,2021-05-13,81.25
83795,2021-05-14,81.25
83796,2021-05-15,81.25
83797,2021-05-16,81.25
83798,2021-05-17,81.25
83799,2021-05-18,81.25
83800,2021-05-19,81.25
83801,2021-05-20,81.25
83802,2021-05-21,81.25
83803,2021-05-22,81.25
83804,2021-05-23,81.25
83805,2021-05-24,81.25
83806,2021-05-25,81.25
83807,2021-05-26,81.25
83808,2021-05-27,81.25
83809,2021-05-28,81.25
83810,2021-05-29,81.25
83811,2021-05-30,81.25
83812,2021-05-31,81.25
83813,2021-06-01,81.25
83814,2021-06-02,81.25
83815,2021-06-03,81.25
83816,2021-06-04,81.25
83817,2021-06-05,81.25
83818,2021-06-06,81.25
83819,2021-06-07,81.25
83820,2021-06-08,81.25
83821,2021-06-09,81.25
83822,2021-06-10,81.25
83823,2021-06-11,81.25
83824,2021-06-12,81.25
83825,2021-06-13,81.25
83826,2021-06-14,81.25
83827,2021-06-15,81.25
83828,2021-06-16,81.25
83829,2021-06-17,81.25
83830,2021-06-18,81.25
83831,2021-06-19,81.25
83832,2021-06-20,81.25
83833,2021-06-21,81.25
83834,2021-06-22,81.25
83835,2021-06-23,81.25
83836,2021-06-24,81.25
83837,2021-06-25,81.25
83838,2021-06-26,81.25
83839,2021-06-27,81.25
83840,2021-06-28,81.25
83841,2021-06-29,81.25
83842,2021-06-30,81.25
83843,2021-07-01,81.25
83844,2021-07-02,81.25
83845,2021-07-03,81.25
83846,2021-07-04,81.25
83847,2021-07-05,81.25
83848,2021-07-06,81.25
83849,2021-07-07,81.25
83850,2021-07-08,81.25
83851,2021-07-09,81.25
83852,2021-07-10,81.25
83853,2021-07-11,81.25
83854,2021-07-12,81.25
83855,2021-07-13,81.25
83856,2021-07-14,81.25
83857,2021-07-15,81.25
83858,2021-07-16,81.25
83859,2021-07-17,81.25
83860,2021-07-18,81.25
83861,2021-07-19,81.25
83862,2021-07-20,81.25
83863,2021-07-21,78.87
83864,2021-07-22,78.87
83865,2021-07-23,78.87
83866,2021-07-24,78.87
83867,2021-07-25,78.87
83868,2021-07-26,76.49
83869,2021-07-27,76.49
83870,2021-07-28,76.49
83871,2021-07-29,76.49
83872,2021-07-30,76.49
83873,2021-07-31,76.49
83874,2021-08-01,76.49
83875,2021-08-02,76.49
83876,2021-08-03,76.49
83877,2021-08-04,76.49
83878,2021-08-05,76.49
83879,2021-08-06,76.49
83880,2021-08-07,76.49
83881,2021-08-08,76.49
83882,2021-08-09,76.49
83883,2021-08-10,76.49
83884,2021-08-11,76.49
83885,2021-08-12,76.49
83886,2021-08-13,76.49
83887,2021-08-14,76.49
83888,2021-08-15,73.35
83889,2021-08-16,73.34
83890,2021-08-17,73.33
83891,2021-08-18,73.33
83892,2021-08-19,73.32
83893,2021-08-20,73.31
83894,2021-08-21,73.3
83895,2021-08-22,73.29
83896,2021-08-23,73.29
83897,2021-08-24,73.28
83898,2021-08-25,73.26
83899,2021-08-26,73.25
83900,2021-08-27,73.23
83901,2021-08-28,73.21
83902,2021-08-29,73.2
83903,2021-08-30,73.19
83904,2021-08-31,73.18
83905,2021-09-01,73.15
83906,2021-09-02,73.14
83907,2021-09-03,73.13
83908,2021-09-04,73.12
83909,2021-09-05,73.11
83910,2021-09-06,73.1
83911,2021-09-07,73.08
83912,2021-09-08,69.49
83913,2021-09-09,69.47
83914,2021-09-10,69.46
83915,2021-09-11,69.44
83916,2021-09-12,69.42
83917,2021-09-13,69.4
83918,2021-09-14,69.4
83919,2021-09-15,69.38
83920,2021-09-16,69.35
83921,2021-09-17,69.33
83922,2021-09-18,69.29
83923,2021-09-19,69.26
83924,2021-09-20,69.24
83925,2021-09-21,69.22
83926,2021-09-22,69.21
83927,2021-09-23,69.18
83928,2021-09-24,69.15
83929,2021-09-25,69.14
83930,2021-09-26,69.13
83931,2021-09-27,69.09
83932,2021-09-28,69.08
83933,2021-09-29,69.06
83934,2021-09-30,69.04
83935,2021-10-01,69.02
83936,2021-10-02,69.0
83937,2021-10-03,68.99
83938,2021-10-04,68.97
83939,2021-10-05,68.95
83940,2021-10-06,68.94
83941,2021-10-07,68.92
83942,2021-10-08,68.9
83943,2021-10-09,68.88
83944,2021-10-10,68.85
83945,2021-10-11,68.84
83946,2021-10-12,67.03
83947,2021-10-13,67.02
83948,2021-10-14,67.01
83949,2021-10-15,67.0
83950,2021-10-16,66.99
83951,2021-10-17,66.98
83952,2021-10-18,66.97
83953,2021-10-19,66.94
83954,2021-10-20,66.91
83955,2021-10-21,66.9
83956,2021-10-22,66.87
83957,2021-10-23,66.86
83958,2021-10-24,66.83
83959,2021-10-25,63.25
83960,2021-10-26,63.23
83961,2021-10-27,63.21
83962,2021-10-28,63.18
83963,2021-10-29,63.15
83964,2021-10-30,63.12
83965,2021-10-31,63.11
83966,2021-11-01,63.09
83967,2021-11-02,63.08
83968,2021-11-03,63.06
83969,2021-11-04,63.05
83970,2021-11-05,63.05
83971,2021-11-06,63.04
83972,2021-11-07,63.03
83973,2021-11-08,63.0
83974,2021-11-09,59.42
83975,2021-11-10,59.39
83976,2021-11-11,59.37
83977,2021-11-12,59.33
83978,2021-11-13,59.29
83979,2021-11-14,60.59
83980,2021-11-15,60.57
83981,2021-11-16,60.54
83982,2021-11-17,60.5
83983,2021-11-18,60.46
83984,2021-11-19,60.43
83985,2021-11-20,60.38
83986,2021-11-21,60.36
83987,2021-11-22,65.68
83988,2021-11-23,65.64
83989,2021-11-24,65.59
83990,2021-11-25,65.56
83991,2021-11-26,65.5
83992,2021-11-27,64.76
83993,2021-11-28,64.7
83994,2021-11-29,64.66
83995,2021-11-30,64.61
83996,2021-12-01,66.34
83997,2021-12-02,66.28
83998,2021-12-03,66.24
83999,2021-12-04,66.16
84000,2021-12-05,66.13
84001,2021-12-06,66.1
84002,2021-12-07,66.04
84003,2021-12-08,65.99
84004,2021-12-09,65.94
84005,2021-12-10,65.91
84006,2021-12-11,65.81
84007,2021-12-12,65.78
84008,2021-12-13,65.76
84009,2021-12-14,62.41
84010,2021-12-15,62.37
84011,2021-12-16,62.34
84012,2021-12-17,62.27
84013,2021-12-18,62.22
84014,2021-12-19,62.2
84015,2021-12-20,62.17
84016,2021-12-21,62.11
84017,2021-12-22,62.09
84018,2021-12-23,62.04
84019,2021-12-24,62.0
84020,2021-12-25,61.93
84021,2021-12-26,61.93
84022,2021-12-27,61.9
84023,2021-12-28,61.85
84024,2021-12-29,64.16
84025,2021-12-30,64.14
84026,2021-12-31,70.32
84027,2022-01-01,70.28
84028,2022-01-02,70.27
84029,2022-01-03,70.35
84030,2022-01-04,67.96
84031,2022-01-05,67.94
84032,2022-01-06,67.93
84033,2022-01-07,67.91
84034,2022-01-08,67.9
84035,2022-01-09,67.88
84036,2022-01-10,67.87
84037,2022-01-11,67.85
84038,2022-01-12,67.84
84039,2022-01-13,67.82
84040,2022-01-14,67.81
84041,2022-01-15,67.79
84042,2022-01-16,67.78
84043,2022-01-17,67.77
84044,2022-01-18,67.77
84045,2022-01-19,74.7
84046,2022-01-20,74.67
84047,2022-01-21,75.77
84048,2022-01-22,75.74
84049,2022-01-23,75.73
84050,2022-01-24,75.72
84051,2022-01-25,74.54
84052,2022-01-26,74.52
84053,2022-01-27,74.51
84054,2022-01-28,75.65
84055,2022-01-29,75.64
84056,2022-01-30,75.61
84057,2022-01-31,74.4
84058,2022-02-01,73.17
84059,2022-02-02,73.14
84060,2022-02-03,73.12
84061,2022-02-04,73.09
84062,2022-02-05,74.29
84063,2022-02-06,74.29
84064,2022-02-07,73.05
84065,2022-02-08,72.47
84066,2022-02-09,72.45
84067,2022-02-10,72.44
84068,2022-02-11,72.41
84069,2022-02-12,72.39
84070,2022-02-13,72.37
84071,2022-02-14,70.58
84072,2022-02-15,69.45
84073,2022-02-16,69.44
84074,2022-02-17,69.42
84075,2022-02-18,69.41
84076,2022-02-19,69.4
84077,2022-02-20,69.4
84078,2022-02-21,69.39
84079,2022-02-22,69.38
84080,2022-02-23,69.37
84081,2022-02-24,69.36
84082,2022-02-25,69.35
84083,2022-02-26,69.34
84084,2022-02-27,69.33
84085,2022-02-28,69.33
84086,2022-03-01,63.38
84087,2022-03-02,63.37
84088,2022-03-03,63.36
84089,2022-03-04,63.35
84090,2022-03-05,63.34
84091,2022-03-06,63.34
84092,2022-03-07,63.34
84093,2022-03-08,63.33
84094,2022-03-09,63.32
84095,2022-03-10,63.32
84096,2022-03-11,63.31
84097,2022-03-12,63.3
84098,2022-03-13,63.3
84099,2022-03-14,63.29
84100,2022-03-15,53.17
84101,2022-03-16,53.16
84102,2022-03-17,53.16
84103,2022-03-18,53.16
84104,2022-03-19,53.15
84105,2022-03-20,53.15
84106,2022-03-21,53.15
84107,2022-03-22,53.14
84108,2022-03-23,53.14
84109,2022-03-24,53.13
84110,2022-03-25,53.13
84111,2022-03-26,50.89
84112,2022-03-27,47.32
84113,2022-03-28,47.32
84114,2022-03-29,47.32
84115,2022-03-30,47.32
84116,2022-03-31,47.32
84117,2022-04-01,44.64
84118,2022-04-02,44.64
84119,2022-04-03,44.64
84120,2022-04-04,51.19
84121,2022-04-05,51.19
84122,2022-04-06,51.19
84123,2022-04-07,51.19
84124,2022-04-08,51.19
84125,2022-04-09,51.19
84126,2022-04-10,51.19
84127,2022-04-11,51.19
84128,2022-04-12,51.19
84129,2022-04-13,51.19
84130,2022-04-14,51.19
84131,2022-04-15,51.19
84132,2022-04-16,51.19
84133,2022-04-17,51.19
84134,2022-04-18,51.19
84135,2022-04-19,54.76
84136,2022-04-20,54.76
84137,2022-04-21,54.76
84138,2022-04-22,54.76
84139,2022-04-23,54.76
84140,2022-04-24,54.76
84141,2022-04-25,54.76
84142,2022-04-26,41.37
84143,2022-04-27,41.37
84144,2022-04-28,41.37
84145,2022-04-29,41.37
84146,2022-04-30,41.37
84147,2022-05-01,41.37
84148,2022-05-02,41.37
84149,2022-05-03,41.37
84150,2022-05-04,41.37
84151,2022-05-05,41.37
84152,2022-05-06,41.37
84153,2022-05-07,41.37
84154,2022-05-08,41.37
84155,2022-05-09,41.37
84156,2022-05-10,41.37
84157,2022-05-11,41.37
84158,2022-05-12,41.37
84159,2022-05-13,41.37
84160,2022-05-14,41.37
84161,2022-05-15,41.37
84162,2022-05-16,41.37
84163,2022-05-17,41.37
84164,2022-05-18,41.37
84165,2022-05-19,41.37
84166,2022-05-20,41.37
84167,2022-05-21,41.37
84168,2022-05-22,41.37
84169,2022-05-23,41.37
84170,2022-05-24,41.37
84171,2022-05-25,41.37
84172,2022-05-26,41.37
84173,2022-05-27,41.37
84174,2022-05-28,41.37
84175,2022-05-29,41.37
84176,2022-05-30,41.37
84177,2022-05-31,41.37
84178,2022-06-01,41.37
84179,2022-06-02,41.37
84180,2022-06-03,41.37
84181,2022-06-04,41.37
84182,2022-06-05,41.37
84183,2022-06-06,41.37
84184,2022-06-07,41.37
84185,2022-06-08,41.37
84186,2022-06-09,41.37
84187,2022-06-10,41.37
84188,2022-06-11,41.37
84189,2022-06-12,41.37
84190,2022-06-13,41.37
84191,2022-06-14,41.37
84192,2022-06-15,41.37
84193,2022-06-16,41.37
84194,2022-06-17,41.37
84195,2022-06-18,41.37
84196,2022-06-19,41.37
84197,2022-06-20,41.37
84198,2022-06-21,41.37
84199,2022-06-22,41.37
84200,2022-06-23,41.37
84201,2022-06-24,41.37
84202,2022-06-25,41.37
84203,2022-06-26,41.37
84204,2022-06-27,41.37
84205,2022-06-28,41.37
84206,2022-06-29,41.37
84207,2022-06-30,41.37
84208,2022-07-01,41.37
84209,2022-07-02,41.37
84210,2022-07-03,41.37
84211,2022-07-04,41.37
84212,2022-07-05,41.37
84213,2022-07-06,41.37
84214,2022-07-07,41.37
84215,2022-07-08,41.37
84216,2022-07-09,41.37
84217,2022-07-10,41.37
84218,2022-07-11,41.37
84219,2022-07-12,41.37
84220,2022-07-13,41.37
84221,2022-07-14,41.37
84222,2022-07-15,41.37
84223,2022-07-16,41.37
84224,2022-07-17,41.37
84225,2022-07-18,41.37
84226,2022-07-19,41.37
84227,2022-07-20,41.37
84228,2022-07-21,41.37
84229,2022-07-22,41.37
84230,2022-07-23,41.37
84231,2022-07-24,41.37
84232,2022-07-25,41.37
84233,2022-07-26,41.37
84234,2022-07-27,41.37
84235,2022-07-28,41.37
84236,2022-07-29,41.37
84237,2022-07-30,41.37
84238,2022-07-31,41.37
84239,2022-08-01,41.37
84240,2022-08-02,42.56
84241,2022-08-03,42.56
84242,2022-08-04,42.56
84243,2022-08-05,42.56
84244,2022-08-06,42.56
84245,2022-08-07,42.56
84246,2022-08-08,42.56
84247,2022-08-09,42.56
84248,2022-08-10,42.56
84249,2022-08-11,42.56
84250,2022-08-12,42.56
84251,2022-08-13,42.56
84252,2022-08-14,42.56
84253,2022-08-15,42.56
84254,2022-08-16,42.56
84255,2022-08-17,42.56
84256,2022-08-18,42.56
84257,2022-08-19,42.56
84258,2022-08-20,42.56
84259,2022-08-21,42.56
84260,2022-08-22,42.56
84261,2022-08-23,42.56
84262,2022-08-24,42.56
84263,2022-08-25,42.56
84264,2022-08-26,42.56
84265,2022-08-27,42.56
84266,2022-08-28,42.56
84267,2022-08-29,42.56
84268,2022-08-30,42.56
84269,2022-08-31,42.56
84270,2022-09-01,42.56
84271,2022-09-02,42.56
84272,2022-09-03,42.56
84273,2022-09-04,42.56
84274,2022-09-05,42.56
84275,2022-09-06,42.56
84276,2022-09-07,42.56
84277,2022-09-08,42.56
84278,2022-09-09,42.56
84279,2022-09-10,42.56
84280,2022-09-11,42.56
84281,2022-09-12,42.56
84282,2022-09-13,42.56
84283,2022-09-14,42.56
84284,2022-09-15,42.56
84285,2022-09-16,42.56
84286,2022-09-17,42.56
84287,2022-09-18,42.56
84288,2022-09-19,42.56
84289,2022-09-20,42.56
84290,2022-09-21,42.56
84291,2022-09-22,42.56
84292,2022-09-23,42.56
84293,2022-09-24,42.56
84294,2022-09-25,42.56
84295,2022-09-26,42.56
84296,2022-09-27,42.56
84297,2022-09-28,42.56
84298,2022-09-29,42.56
84299,2022-09-30,42.56
84300,2022-10-01,42.56
84301,2022-10-02,42.56
84302,2022-10-03,42.56
84303,2022-10-04,42.56
84304,2022-10-05,42.56
84305,2022-10-06,42.56
84306,2022-10-07,42.56
84307,2022-10-08,42.56
84308,2022-10-09,42.56
84309,2022-10-10,42.56
84310,2022-10-11,42.56
84311,2022-10-12,42.56
84312,2022-10-13,42.56
84313,2022-10-14,42.56
84314,2022-10-15,42.56
84315,2022-10-16,42.56
84316,2022-10-17,42.56
84317,2022-10-18,42.56
84318,2022-10-19,42.56
84319,2022-10-20,42.56
84320,2022-10-21,42.56
84321,2022-10-22,42.56
84322,2022-10-23,42.56
84323,2022-10-24,42.56
84324,2022-10-25,42.56
84325,2022-10-26,42.56
84326,2022-10-27,42.56
84327,2022-10-28,42.56
84328,2022-10-29,42.56
84329,2022-10-30,42.56
84330,2022-10-31,42.56
84331,2022-11-01,42.56
84332,2022-11-02,42.56
84333,2022-11-03,42.56
84334,2022-11-04,42.56
84335,2022-11-05,42.56
84336,2022-11-06,42.56
84337,2022-11-07,42.56
84338,2022-11-08,42.56
84339,2022-11-09,42.56
84340,2022-11-10,42.56
84341,2022-11-11,42.56
84342,2022-11-12,42.56
84343,2022-11-13,42.56
84344,2022-11-14,42.56
84345,2022-11-15,42.56
84346,2022-11-16,42.56
84347,2022-11-17,42.56
84348,2022-11-18,42.56
84349,2022-11-19,42.56
84350,2022-11-20,42.56
84351,2022-11-21,42.56
84352,2022-11-22,40.77
84353,2022-11-23,40.77
84354,2022-11-24,40.77
84355,2022-11-25,40.77
84356,2022-11-26,40.77
84357,2022-11-27,40.77
84358,2022-11-28,40.77
84359,2022-11-29,40.77
84360,2022-11-30,40.77
84361,2022-12-01,40.77
84362,2022-12-02,40.77
84363,2022-12-03,40.77
84364,2022-12-04,40.77
84365,2022-12-05,40.77
84366,2022-12-06,40.77
84367,2022-12-07,40.77
84368,2022-12-08,40.77
84369,2022-12-09,40.77
84370,2022-12-10,40.77
84371,2022-12-11,40.77
84372,2022-12-12,40.77
84373,2022-12-13,40.77
84374,2022-12-14,40.77
84375,2022-12-15,40.77
84376,2022-12-16,40.77
84377,2022-12-17,40.77
84378,2022-12-18,40.77
84379,2022-12-19,40.77
84380,2022-12-20,40.77
84381,2022-12-21,40.77
84382,2022-12-22,40.77
84383,2022-12-23,40.77
84384,2022-12-24,40.77
84385,2022-12-25,40.77
84386,2022-12-26,40.77
84387,2022-12-27,40.77
84388,2022-12-28,40.77
84389,2022-12-29,40.77
84390,2022-12-30,40.77
84391,2022-12-31,40.77
191800,2020-01-01,0.0
191801,2020-01-02,0.0
191802,2020-01-03,0.0
191803,2020-01-04,0.0
191804,2020-01-05,0.0
191805,2020-01-06,0.0
191806,2020-01-07,0.0
191807,2020-01-08,0.0
191808,2020-01-09,0.0
191809,2020-01-10,0.0
191810,2020-01-11,0.0
191811,2020-01-12,0.0
191812,2020-01-13,0.0
191813,2020-01-14,0.0
191814,2020-01-15,0.0
191815,2020-01-16,0.0
191816,2020-01-17,0.0
191817,2020-01-18,0.0
191818,2020-01-19,0.0
191819,2020-01-20,0.0
191820,2020-01-21,5.95
191821,2020-01-22,5.95
191822,2020-01-23,5.95
191823,2020-01-24,5.95
191824,2020-01-25,5.95
191825,2020-01-26,5.95
191826,2020-01-27,5.95
191827,2020-01-28,5.95
191828,2020-01-29,5.95
191829,2020-01-30,5.95
191830,2020-01-31,5.95
191831,2020-02-01,5.95
191832,2020-02-02,9.52
191833,2020-02-03,9.52
191834,2020-02-04,9.52
191835,2020-02-05,9.52
191836,2020-02-06,15.48
191837,2020-02-07,15.48
191838,2020-02-08,15.48
191839,2020-02-09,15.48
191840,2020-02-10,15.48
191841,2020-02-11,17.26
191842,2020-02-12,17.26
191843,2020-02-13,17.26
191844,2020-02-14,17.26
191845,2020-02-15,17.26
191846,2020-02-16,17.26
191847,2020-02-17,17.26
191848,2020-02-18,17.26
191849,2020-02-19,17.26
191850,2020-02-20,17.26
191851,2020-02-21,17.26
191852,2020-02-22,17.26
191853,2020-02-23,17.26
191854,2020-02-24,17.26
191855,2020-02-25,17.26
191856,2020-02-26,17.26
191857,2020-02-27,17.26
191858,2020-02-28,17.26
191859,2020-02-29,17.26
191860,2020-03-01,19.05
191861,2020-03-02,19.05
191862,2020-03-03,19.05
191863,2020-03-04,19.05
191864,2020-03-05,25.0
191865,2020-03-06,25.0
191866,2020-03-07,25.0
191867,2020-03-08,25.0
191868,2020-03-09,25.0
191869,2020-03-10,25.89
191870,2020-03-11,26.79
191871,2020-03-12,32.14
191872,2020-03-13,32.14
191873,2020-03-14,35.71
191874,2020-03-15,39.29
191875,2020-03-16,46.43
191876,2020-03-17,48.21
191877,2020-03-18,48.21
191878,2020-03-19,55.95
191879,2020-03-20,55.95
191880,2020-03-21,59.52
191881,2020-03-22,59.52
191882,2020-03-23,59.52
191883,2020-03-24,59.52
191884,2020-03-25,59.52
191885,2020-03-26,59.52
191886,2020-03-27,59.52
191887,2020-03-28,59.52
191888,2020-03-29,59.52
191889,2020-03-30,59.52
191890,2020-03-31,59.52
191891,2020-04-01,59.52
191892,2020-04-02,59.52
191893,2020-04-03,59.52
191894,2020-04-04,64.88
191895,2020-04-05,64.88
191896,2020-04-06,64.88
191897,2020-04-07,64.88
191898,2020-04-08,64.88
191899,2020-04-09,64.88
191900,2020-04-10,64.88
191901,2020-04-11,64.88
191902,2020-04-12,64.88
191903,2020-04-13,64.88
191904,2020-04-14,64.88
191905,2020-04-15,64.88
191906,2020-04-16,64.88
191907,2020-04-17,64.88
191908,2020-04-18,64.88
191909,2020-04-19,64.88
191910,2020-04-20,64.88
191911,2020-04-21,64.88
191912,2020-04-22,64.88
191913,2020-04-23,64.88
191914,2020-04-24,64.88
191915,2020-04-25,64.88
191916,2020-04-26,64.88
191917,2020-04-27,64.88
191918,2020-04-28,64.88
191919,2020-04-29,64.88
191920,2020-04-30,64.88
191921,2020-05-01,64.88
191922,2020-05-02,64.88
191923,2020-05-03,64.88
191924,2020-05-04,64.88
191925,2020-05-05,64.88
191926,2020-05-06,64.88
191927,2020-05-07,64.88
191928,2020-05-08,64.88
191929,2020-05-09,64.88
191930,2020-05-10,64.88
191931,2020-05-11,64.88
191932,2020-05-12,64.88
191933,2020-05-13,64.88
191934,2020-05-14,64.88
191935,2020-05-15,64.88
191936,2020-05-16,64.88
191937,2020-05-17,64.88
191938,2020-05-18,64.88
191939,2020-05-19,64.88
191940,2020-05-20,64.88
191941,2020-05-21,64.88
191942,2020-05-22,64.88
191943,2020-05-23,64.88
191944,2020-05-24,64.88
191945,2020-05-25,64.88
191946,2020-05-26,64.88
191947,2020-05-27,64.88
191948,2020-05-28,64.88
191949,2020-05-29,64.88
191950,2020-05-30,64.88
191951,2020-05-31,64.88
191952,2020-06-01,64.88
191953,2020-06-02,64.88
191954,2020-06-03,64.88
191955,2020-06-04,64.88
191956,2020-06-05,64.88
191957,2020-06-06,64.88
191958,2020-06-07,64.88
191959,2020-06-08,64.88
191960,2020-06-09,64.88
191961,2020-06-10,64.88
191962,2020-06-11,64.88
191963,2020-06-12,64.88
191964,2020-06-13,64.88
191965,2020-06-14,64.88
191966,2020-06-15,62.5
191967,2020-06-16,62.5
191968,2020-06-17,62.5
191969,2020-06-18,62.5
191970,2020-06-19,62.5
191971,2020-06-20,62.5
191972,2020-06-21,62.5
191973,2020-06-22,62.5
191974,2020-06-23,62.5
191975,2020-06-24,64.88
191976,2020-06-25,64.88
191977,2020-06-26,64.88
191978,2020-06-27,64.88
191979,2020-06-28,64.88
191980,2020-06-29,64.88
191981,2020-06-30,64.88
191982,2020-07-01,64.88
191983,2020-07-02,64.88
191984,2020-07-03,64.88
191985,2020-07-04,64.88
191986,2020-07-05,64.88
191987,2020-07-06,64.88
191988,2020-07-07,64.88
191989,2020-07-08,64.88
191990,2020-07-09,64.88
191991,2020-07-10,64.88
191992,2020-07-11,64.88
191993,2020-07-12,64.88
191994,2020-07-13,64.88
191995,2020-07-14,64.88
191996,2020-07-15,64.88
191997,2020-07-16,64.88
191998,2020-07-17,64.88
191999,2020-07-18,64.88
192000,2020-07-19,64.88
192001,2020-07-20,64.88
192002,2020-07-21,64.88
192003,2020-07-22,64.88
192004,2020-07-23,64.88
192005,2020-07-24,64.88
192006,2020-07-25,64.88
192007,2020-07-26,64.88
192008,2020-07-27,64.88
192009,2020-07-28,64.88
192010,2020-07-29,64.88
192011,2020-07-30,64.88
192012,2020-07-31,64.88
192013,2020-08-01,64.88
192014,2020-08-02,64.88
192015,2020-08-03,64.88
192016,2020-08-04,64.88
192017,2020-08-05,64.88
192018,2020-08-06,64.88
192019,2020-08-07,64.88
192020,2020-08-08,64.88
192021,2020-08-09,64.88
192022,2020-08-10,64.88
192023,2020-08-11,64.88
192024,2020-08-12,64.88
192025,2020-08-13,64.88
192026,2020-08-14,64.88
192027,2020-08-15,64.88
192028,2020-08-16,64.88
192029,2020-08-17,64.88
192030,2020-08-18,64.88
192031,2020-08-19,64.88
192032,2020-08-20,64.88
192033,2020-08-21,64.88
192034,2020-08-22,64.88
192035,2020-08-23,64.88
192036,2020-08-24,64.88
192037,2020-08-25,64.88
192038,2020-08-26,64.88
192039,2020-08-27,64.88
192040,2020-08-28,64.88
192041,2020-08-29,64.88
192042,2020-08-30,64.88
192043,2020-08-31,64.88
192044,2020-09-01,64.88
192045,2020-09-02,64.88
192046,2020-09-03,64.88
192047,2020-09-04,64.88
192048,2020-09-05,64.88
192049,2020-09-06,64.88
192050,2020-09-07,64.88
192051,2020-09-08,64.88
192052,2020-09-09,64.88
192053,2020-09-10,64.88
192054,2020-09-11,64.88
192055,2020-09-12,63.1
192056,2020-09-13,63.1
192057,2020-09-14,63.1
192058,2020-09-15,63.1
192059,2020-09-16,63.1
192060,2020-09-17,61.9
192061,2020-09-18,61.9
192062,2020-09-19,61.9
192063,2020-09-20,61.9
192064,2020-09-21,61.9
192065,2020-09-22,61.9
192066,2020-09-23,61.9
192067,2020-09-24,61.9
192068,2020-09-25,61.9
192069,2020-09-26,61.9
192070,2020-09-27,61.9
192071,2020-09-28,61.9
192072,2020-09-29,61.9
192073,2020-09-30,61.9
192074,2020-10-01,61.9
192075,2020-10-02,61.9
192076,2020-10-03,61.9
192077,2020-10-04,61.9
192078,2020-10-05,61.9
192079,2020-10-06,61.9
192080,2020-10-07,61.9
192081,2020-10-08,61.9
192082,2020-10-09,61.9
192083,2020-10-10,61.9
192084,2020-10-11,61.9
192085,2020-10-12,61.9
192086,2020-10-13,61.9
192087,2020-10-14,61.9
192088,2020-10-15,61.9
192089,2020-10-16,61.9
192090,2020-10-17,61.9
192091,2020-10-18,61.9
192092,2020-10-19,61.9
192093,2020-10-20,61.9
192094,2020-10-21,61.9
192095,2020-10-22,61.9
192096,2020-10-23,61.9
192097,2020-10-24,61.9
192098,2020-10-25,61.9
192099,2020-10-26,61.9
192100,2020-10-27,61.9
192101,2020-10-28,61.9
192102,2020-10-29,61.9
192103,2020-10-30,61.9
192104,2020-10-31,61.9
192105,2020-11-01,61.9
192106,2020-11-02,61.9
192107,2020-11-03,61.9
192108,2020-11-04,61.9
192109,2020-11-05,61.9
192110,2020-11-06,61.9
192111,2020-11-07,61.9
192112,2020-11-08,61.9
192113,2020-11-09,63.69
192114,2020-11-10,63.69
192115,2020-11-11,63.69
192116,2020-11-12,63.69
192117,2020-11-13,63.69
192118,2020-11-14,63.69
192119,2020-11-15,63.69
192120,2020-11-16,67.86
192121,2020-11-17,67.86
192122,2020-11-18,67.86
192123,2020-11-19,67.86
192124,2020-11-20,67.86
192125,2020-11-21,67.86
192126,2020-11-22,67.86
192127,2020-11-23,67.86
192128,2020-11-24,67.86
192129,2020-11-25,67.86
192130,2020-11-26,67.86
192131,2020-11-27,67.86
192132,2020-11-28,67.86
192133,2020-11-29,67.86
192134,2020-11-30,67.86
192135,2020-12-01,67.86
192136,2020-12-02,65.48
192137,2020-12-03,65.48
192138,2020-12-04,65.48
192139,2020-12-05,65.48
192140,2020-12-06,65.48
192141,2020-12-07,65.48
192142,2020-12-08,65.48
192143,2020-12-09,65.48
192144,2020-12-10,65.48
192145,2020-12-11,65.48
192146,2020-12-12,65.48
192147,2020-12-13,65.48
192148,2020-12-14,66.9
192149,2020-12-15,69.29
192150,2020-12-16,69.29
192151,2020-12-17,69.29
192152,2020-12-18,69.29
192153,2020-12-19,69.29
192154,2020-12-20,69.29
192155,2020-12-21,69.29
192156,2020-12-22,69.29
192157,2020-12-23,69.29
192158,2020-12-24,69.29
192159,2020-12-25,69.29
192160,2020-12-26,69.29
192161,2020-12-27,69.29
192162,2020-12-28,69.29
192163,2020-12-29,69.29
192164,2020-12-30,69.29
192165,2020-12-31,69.29
192166,2021-01-01,69.29
192167,2021-01-02,69.29
192168,2021-01-03,69.29
192169,2021-01-04,69.29
192170,2021-01-05,69.29
192171,2021-01-06,69.29
192172,2021-01-07,69.29
192173,2021-01-08,69.29
192174,2021-01-09,69.29
192175,2021-01-10,69.29
192176,2021-01-11,69.29
192177,2021-01-12,69.29
192178,2021-01-13,69.29
192179,2021-01-14,69.29
192180,2021-01-15,69.29
192181,2021-01-16,69.29
192182,2021-01-17,69.29
192183,2021-01-18,69.29
192184,2021-01-19,69.29
192185,2021-01-20,69.29
192186,2021-01-21,69.29
192187,2021-01-22,69.29
192188,2021-01-23,69.29
192189,2021-01-24,69.29
192190,2021-01-25,69.29
192191,2021-01-26,69.29
192192,2021-01-27,69.29
192193,2021-01-28,69.29
192194,2021-01-29,69.29
192195,2021-01-30,69.29
192196,2021-01-31,69.29
192197,2021-02-01,69.29
192198,2021-02-02,69.29
192199,2021-02-03,66.9
192200,2021-02-04,66.9
192201,2021-02-05,66.9
192202,2021-02-06,66.9
192203,2021-02-07,66.9
192204,2021-02-08,66.9
192205,2021-02-09,66.9
192206,2021-02-10,66.9
192207,2021-02-11,66.9
192208,2021-02-12,66.9
192209,2021-02-13,66.9
192210,2021-02-14,66.9
192211,2021-02-15,66.9
192212,2021-02-16,66.9
192213,2021-02-17,66.9
192214,2021-02-18,66.9
192215,2021-02-19,66.9
192216,2021-02-20,66.9
192217,2021-02-21,66.9
192218,2021-02-22,66.9
192219,2021-02-23,66.9
192220,2021-02-24,66.9
192221,2021-02-25,66.9
192222,2021-02-26,66.9
192223,2021-02-27,68.33
192224,2021-02-28,68.33
192225,2021-03-01,68.33
192226,2021-03-02,68.33
192227,2021-03-03,68.33
192228,2021-03-04,65.95
192229,2021-03-05,65.95
192230,2021-03-06,65.95
192231,2021-03-07,65.95
192232,2021-03-08,65.95
192233,2021-03-09,65.95
192234,2021-03-10,64.76
192235,2021-03-11,64.76
192236,2021-03-12,64.76
192237,2021-03-13,64.76
192238,2021-03-14,64.76
192239,2021-03-15,64.76
192240,2021-03-16,64.76
192241,2021-03-17,64.76
192242,2021-03-18,64.76
192243,2021-03-19,64.76
192244,2021-03-20,64.76
192245,2021-03-21,64.76
192246,2021-03-22,64.76
192247,2021-03-23,61.19
192248,2021-03-24,61.19
192249,2021-03-25,61.19
192250,2021-03-26,61.19
192251,2021-03-27,61.19
192252,2021-03-28,61.19
192253,2021-03-29,59.4
192254,2021-03-30,60.83
192255,2021-03-31,60.83
192256,2021-04-01,60.83
192257,2021-04-02,60.09
192258,2021-04-03,60.08
192259,2021-04-04,60.07
192260,2021-04-05,60.05
192261,2021-04-06,60.03
192262,2021-04-07,60.01
192263,2021-04-08,59.98
192264,2021-04-09,59.95
192265,2021-04-10,59.94
192266,2021-04-11,59.93
192267,2021-04-12,59.91
192268,2021-04-13,59.89
192269,2021-04-14,59.87
192270,2021-04-15,59.85
192271,2021-04-16,59.83
192272,2021-04-17,59.81
192273,2021-04-18,59.81
192274,2021-04-19,62.65
192275,2021-04-20,62.63
192276,2021-04-21,62.61
192277,2021-04-22,62.59
192278,2021-04-23,62.57
192279,2021-04-24,62.56
192280,2021-04-25,62.55
192281,2021-04-26,62.53
192282,2021-04-27,62.52
192283,2021-04-28,62.49
192284,2021-04-29,62.47
192285,2021-04-30,62.45
192286,2021-05-01,62.44
192287,2021-05-02,62.43
192288,2021-05-03,62.42
192289,2021-05-04,62.4
192290,2021-05-05,62.38
192291,2021-05-06,62.36
192292,2021-05-07,62.34
192293,2021-05-08,62.33
192294,2021-05-09,63.51
192295,2021-05-10,63.5
192296,2021-05-11,66.67
192297,2021-05-12,66.67
192298,2021-05-13,66.67
192299,2021-05-14,66.67
192300,2021-05-15,66.67
192301,2021-05-16,64.88
192302,2021-05-17,64.88
192303,2021-05-18,64.88
192304,2021-05-19,64.88
192305,2021-05-20,64.88
192306,2021-05-21,64.88
192307,2021-05-22,64.88
192308,2021-05-23,61.9
192309,2021-05-24,61.9
192310,2021-05-25,61.9
192311,2021-05-26,61.9
192312,2021-05-27,61.9
192313,2021-05-28,61.9
192314,2021-05-29,61.9
192315,2021-05-30,61.9
192316,2021-05-31,61.9
192317,2021-06-01,61.9
192318,2021-06-02,61.9
192319,2021-06-03,61.9
192320,2021-06-04,61.9
192321,2021-06-05,61.9
192322,2021-06-06,61.9
192323,2021-06-07,61.9
192324,2021-06-08,61.9
192325,2021-06-09,61.9
192326,2021-06-10,58.46
192327,2021-06-11,58.45
192328,2021-06-12,58.44
192329,2021-06-13,58.44
192330,2021-06-14,63.78
192331,2021-06-15,63.78
192332,2021-06-16,63.77
192333,2021-06-17,63.76
192334,2021-06-18,63.76
192335,2021-06-19,63.75
192336,2021-06-20,63.75
192337,2021-06-21,63.75
192338,2021-06-22,63.74
192339,2021-06-23,63.74
192340,2021-06-24,63.73
192341,2021-06-25,63.73
192342,2021-06-26,63.73
192343,2021-06-27,63.72
192344,2021-06-28,63.72
192345,2021-06-29,63.72
192346,2021-06-30,63.71
192347,2021-07-01,63.71
192348,2021-07-02,63.71
192349,2021-07-03,63.7
192350,2021-07-04,63.7
192351,2021-07-05,63.7
192352,2021-07-06,63.7
192353,2021-07-07,63.69
192354,2021-07-08,55.96
192355,2021-07-09,55.95
192356,2021-07-10,55.95
192357,2021-07-11,55.95
192358,2021-07-12,55.95
192359,2021-07-13,55.94
192360,2021-07-14,55.94
192361,2021-07-15,55.94
192362,2021-07-16,55.93
192363,2021-07-17,55.93
192364,2021-07-18,55.93
192365,2021-07-19,55.93
192366,2021-07-20,55.93
192367,2021-07-21,55.92
192368,2021-07-22,55.92
192369,2021-07-23,55.92
192370,2021-07-24,55.91
192371,2021-07-25,55.91
192372,2021-07-26,54.99
192373,2021-07-27,54.99
192374,2021-07-28,54.99
192375,2021-07-29,54.98
192376,2021-07-30,54.98
192377,2021-07-31,54.97
192378,2021-08-01,54.97
192379,2021-08-02,54.97
192380,2021-08-03,54.96
192381,2021-08-04,54.96
192382,2021-08-05,54.96
192383,2021-08-06,54.95
192384,2021-08-07,54.95
192385,2021-08-08,54.95
192386,2021-08-09,54.94
192387,2021-08-10,56.72
192388,2021-08-11,56.72
192389,2021-08-12,56.71
192390,2021-08-13,58.4
192391,2021-08-14,58.4
192392,2021-08-15,58.39
192393,2021-08-16,59.5
192394,2021-08-17,59.49
192395,2021-08-18,59.48
192396,2021-08-19,59.47
192397,2021-08-20,59.45
192398,2021-08-21,59.44
192399,2021-08-22,59.43
192400,2021-08-23,59.42
192401,2021-08-24,61.32
192402,2021-08-25,61.31
192403,2021-08-26,61.3
192404,2021-08-27,61.29
192405,2021-08-28,61.28
192406,2021-08-29,61.28
192407,2021-08-30,61.27
192408,2021-08-31,61.26
192409,2021-09-01,58.65
192410,2021-09-02,58.64
192411,2021-09-03,58.63
192412,2021-09-04,58.63
192413,2021-09-05,58.62
192414,2021-09-06,58.62
192415,2021-09-07,58.61
192416,2021-09-08,58.6
192417,2021-09-09,58.6
192418,2021-09-10,58.59
192419,2021-09-11,58.58
192420,2021-09-12,58.58
192421,2021-09-13,58.57
192422,2021-09-14,58.57
192423,2021-09-15,58.56
192424,2021-09-16,58.55
192425,2021-09-17,58.54
192426,2021-09-18,58.54
192427,2021-09-19,58.53
192428,2021-09-20,58.53
192429,2021-09-21,58.52
192430,2021-09-22,58.52
192431,2021-09-23,58.51
192432,2021-09-24,58.5
192433,2021-09-25,58.5
192434,2021-09-26,58.5
192435,2021-09-27,58.49
192436,2021-09-28,58.49
192437,2021-09-29,58.48
192438,2021-09-30,58.48
192439,2021-10-01,58.47
192440,2021-10-02,58.46
192441,2021-10-03,58.46
192442,2021-10-04,58.46
192443,2021-10-05,58.45
192444,2021-10-06,58.45
192445,2021-10-07,58.44
192446,2021-10-08,58.44
192447,2021-10-09,58.43
192448,2021-10-10,58.43
192449,2021-10-11,58.43
192450,2021-10-12,58.42
192451,2021-10-13,58.42
192452,2021-10-14,58.42
192453,2021-10-15,58.41
192454,2021-10-16,58.41
192455,2021-10-17,58.41
192456,2021-10-18,58.4
192457,2021-10-19,58.4
192458,2021-10-20,58.4
192459,2021-10-21,58.39
192460,2021-10-22,58.39
192461,2021-10-23,58.39
192462,2021-10-24,58.38
192463,2021-10-25,58.38
192464,2021-10-26,58.38
192465,2021-10-27,58.37
192466,2021-10-28,58.37
192467,2021-10-29,58.36
192468,2021-10-30,58.36
192469,2021-10-31,58.36
192470,2021-11-01,58.36
192471,2021-11-02,58.35
192472,2021-11-03,58.35
192473,2021-11-04,58.35
192474,2021-11-05,58.34
192475,2021-11-06,58.34
192476,2021-11-07,58.34
192477,2021-11-08,56.92
192478,2021-11-09,56.91
192479,2021-11-10,56.91
192480,2021-11-11,56.9
192481,2021-11-12,56.89
192482,2021-11-13,56.89
192483,2021-11-14,56.89
192484,2021-11-15,56.88
192485,2021-11-16,57.95
192486,2021-11-17,57.95
192487,2021-11-18,57.94
192488,2021-11-19,57.94
192489,2021-11-20,57.94
192490,2021-11-21,57.93
192491,2021-11-22,57.93
192492,2021-11-23,57.92
192493,2021-11-24,57.92
192494,2021-11-25,57.92
192495,2021-11-26,57.92
192496,2021-11-27,60.08
192497,2021-11-28,60.07
192498,2021-11-29,60.07
192499,2021-11-30,56.09
192500,2021-12-01,56.08
192501,2021-12-02,56.07
192502,2021-12-03,56.05
192503,2021-12-04,56.04
192504,2021-12-05,56.04
192505,2021-12-06,56.03
192506,2021-12-07,56.02
192507,2021-12-08,56.01
192508,2021-12-09,56.0
192509,2021-12-10,55.98
192510,2021-12-11,55.97
192511,2021-12-12,55.97
192512,2021-12-13,55.96
192513,2021-12-14,55.95
192514,2021-12-15,55.95
192515,2021-12-16,55.94
192516,2021-12-17,55.93
192517,2021-12-18,55.93
192518,2021-12-19,55.93
192519,2021-12-20,55.92
192520,2021-12-21,55.91
192521,2021-12-22,55.91
192522,2021-12-23,55.9
192523,2021-12-24,55.9
192524,2021-12-25,55.9
192525,2021-12-26,55.9
192526,2021-12-27,57.68
192527,2021-12-28,57.67
192528,2021-12-29,57.67
192529,2021-12-30,57.66
192530,2021-12-31,55.4
192531,2022-01-01,55.39
192532,2022-01-02,55.39
192533,2022-01-03,55.38
192534,2022-01-04,55.38
192535,2022-01-05,55.37
192536,2022-01-06,55.36
192537,2022-01-07,55.35
192538,2022-01-08,55.34
192539,2022-01-09,55.34
192540,2022-01-10,55.33
192541,2022-01-11,55.32
192542,2022-01-12,55.32
192543,2022-01-13,55.31
192544,2022-01-14,55.3
192545,2022-01-15,55.3
192546,2022-01-16,55.29
192547,2022-01-17,55.29
192548,2022-01-18,55.28
192549,2022-01-19,54.12
192550,2022-01-20,54.11
192551,2022-01-21,54.11
192552,2022-01-22,54.1
192553,2022-01-23,54.1
192554,2022-01-24,54.09
192555,2022-01-25,54.08
192556,2022-01-26,54.08
192557,2022-01-27,54.07
192558,2022-01-28,54.06
192559,2022-01-29,54.06
192560,2022-01-30,54.05
192561,2022-01-31,54.04
192562,2022-02-01,54.04
192563,2022-02-02,54.03
192564,2022-02-03,54.02
192565,2022-02-04,54.02
192566,2022-02-05,54.01
192567,2022-02-06,54.01
192568,2022-02-07,54.0
192569,2022-02-08,53.99
192570,2022-02-09,53.99
192571,2022-02-10,53.98
192572,2022-02-11,53.97
192573,2022-02-12,53.97
192574,2022-02-13,53.97
192575,2022-02-14,53.96
192576,2022-02-15,53.96
192577,2022-02-16,53.95
192578,2022-02-17,53.95
192579,2022-02-18,53.94
192580,2022-02-19,53.94
192581,2022-02-20,53.93
192582,2022-02-21,53.93
192583,2022-02-22,53.93
192584,2022-02-23,53.92
192585,2022-02-24,53.92
192586,2022-02-25,53.91
192587,2022-02-26,53.91
192588,2022-02-27,53.91
192589,2022-02-28,48.57
192590,2022-03-01,48.57
192591,2022-03-02,48.57
192592,2022-03-03,46.99
192593,2022-03-04,46.99
192594,2022-03-05,46.99
192595,2022-03-06,46.98
192596,2022-03-07,46.98
192597,2022-03-08,46.98
192598,2022-03-09,46.97
192599,2022-03-10,46.97
192600,2022-03-11,46.97
192601,2022-03-12,46.96
192602,2022-03-13,46.96
192603,2022-03-14,46.96
192604,2022-03-15,46.96
192605,2022-03-16,49.34
192606,2022-03-17,49.34
192607,2022-03-18,49.33
192608,2022-03-19,49.33
192609,2022-03-20,49.33
192610,2022-03-21,49.33
192611,2022-03-22,49.32
192612,2022-03-23,49.32
192613,2022-03-24,49.32
192614,2022-03-25,49.31
192615,2022-03-26,49.31
192616,2022-03-27,49.31
192617,2022-03-28,49.31
192618,2022-03-29,49.3
192619,2022-03-30,43.32
192620,2022-03-31,43.31
192621,2022-04-01,43.31
192622,2022-04-02,43.31
192623,2022-04-03,43.31
192624,2022-04-04,43.3
192625,2022-04-05,43.3
192626,2022-04-06,43.3
192627,2022-04-07,43.3
192628,2022-04-08,43.29
192629,2022-04-09,43.29
192630,2022-04-10,43.29
192631,2022-04-11,43.29
192632,2022-04-12,43.29
192633,2022-04-13,43.28
192634,2022-04-14,43.28
192635,2022-04-15,43.28
192636,2022-04-16,43.28
192637,2022-04-17,43.28
192638,2022-04-18,43.28
192639,2022-04-19,43.27
192640,2022-04-20,43.27
192641,2022-04-21,42.08
192642,2022-04-22,42.07
192643,2022-04-23,42.07
192644,2022-04-24,42.07
192645,2022-04-25,42.07
192646,2022-04-26,42.07
192647,2022-04-27,42.07
192648,2022-04-28,42.06
192649,2022-04-29,42.06
192650,2022-04-30,42.06
192651,2022-05-01,42.06
192652,2022-05-02,42.06
192653,2022-05-03,42.05
192654,2022-05-04,42.05
192655,2022-05-05,42.05
192656,2022-05-06,42.05
192657,2022-05-07,42.05
192658,2022-05-08,42.05
192659,2022-05-09,42.04
192660,2022-05-10,42.04
192661,2022-05-11,41.15
192662,2022-05-12,41.15
192663,2022-05-13,41.15
192664,2022-05-14,41.15
192665,2022-05-15,41.15
192666,2022-05-16,41.14
192667,2022-05-17,41.14
192668,2022-05-18,41.14
192669,2022-05-19,41.14
192670,2022-05-20,41.14
192671,2022-05-21,41.14
192672,2022-05-22,41.14
192673,2022-05-23,41.13
192674,2022-05-24,41.13
192675,2022-05-25,41.13
192676,2022-05-26,41.13
192677,2022-05-27,41.13
192678,2022-05-28,41.13
192679,2022-05-29,41.13
192680,2022-05-30,41.13
192681,2022-05-31,41.12
192682,2022-06-01,41.12
192683,2022-06-02,41.12
192684,2022-06-03,41.12
192685,2022-06-04,41.12
192686,2022-06-05,44.69
192687,2022-06-06,44.69
192688,2022-06-07,44.69
192689,2022-06-08,44.68
192690,2022-06-09,44.68
192691,2022-06-10,44.68
192692,2022-06-11,44.68
192693,2022-06-12,44.68
192694,2022-06-13,44.68
192695,2022-06-14,44.68
192696,2022-06-15,44.68
192697,2022-06-16,44.68
192698,2022-06-17,44.67
192699,2022-06-18,44.67
192700,2022-06-19,44.67
192701,2022-06-20,44.67
192702,2022-06-21,44.67
192703,2022-06-22,44.67
192704,2022-06-23,44.67
192705,2022-06-24,44.67
192706,2022-06-25,44.67
192707,2022-06-26,44.67
192708,2022-06-27,44.67
192709,2022-06-28,44.66
192710,2022-06-29,44.66
192711,2022-06-30,44.66
192712,2022-07-01,44.66
192713,2022-07-02,44.66
192714,2022-07-03,44.66
192715,2022-07-04,44.66
192716,2022-07-05,44.66
192717,2022-07-06,44.66
192718,2022-07-07,44.66
192719,2022-07-08,43.88
192720,2022-07-09,43.88
192721,2022-07-10,43.88
192722,2022-07-11,43.88
192723,2022-07-12,43.88
192724,2022-07-13,43.88
192725,2022-07-14,43.87
192726,2022-07-15,43.87
192727,2022-07-16,43.87
192728,2022-07-17,43.87
192729,2022-07-18,43.87
192730,2022-07-19,43.87
192731,2022-07-20,43.87
192732,2022-07-21,43.87
192733,2022-07-22,43.87
192734,2022-07-23,43.87
192735,2022-07-24,43.86
192736,2022-07-25,43.86
192737,2022-07-26,43.86
192738,2022-07-27,43.86
192739,2022-07-28,43.86
192740,2022-07-29,43.86
192741,2022-07-30,43.86
192742,2022-07-31,43.86
192743,2022-08-01,43.86
192744,2022-08-02,45.05
192745,2022-08-03,45.04
192746,2022-08-04,45.04
192747,2022-08-05,45.04
192748,2022-08-06,45.04
192749,2022-08-07,45.04
192750,2022-08-08,45.04
192751,2022-08-09,45.04
192752,2022-08-10,45.04
192753,2022-08-11,45.04
192754,2022-08-12,45.04
192755,2022-08-13,45.04
192756,2022-08-14,45.04
192757,2022-08-15,45.03
192758,2022-08-16,45.03
192759,2022-08-17,39.68
192760,2022-08-18,39.68
192761,2022-08-19,39.68
192762,2022-08-20,39.68
192763,2022-08-21,39.68
192764,2022-08-22,39.68
192765,2022-08-23,39.68
192766,2022-08-24,39.67
192767,2022-08-25,39.67
192768,2022-08-26,39.67
192769,2022-08-27,39.67
192770,2022-08-28,39.67
192771,2022-08-29,39.67
192772,2022-08-30,39.67
192773,2022-08-31,39.67
192774,2022-09-01,39.67
192775,2022-09-02,39.67
192776,2022-09-03,39.67
192777,2022-09-04,39.67
192778,2022-09-05,39.67
192779,2022-09-06,39.67
192780,2022-09-07,39.67
192781,2022-09-08,39.66
192782,2022-09-09,39.66
192783,2022-09-10,39.66
192784,2022-09-11,39.66
192785,2022-09-12,39.66
192786,2022-09-13,39.66
192787,2022-09-14,39.66
192788,2022-09-15,39.66
192789,2022-09-16,39.65
192790,2022-09-17,39.65
192791,2022-09-18,39.65
192792,2022-09-19,39.65
192793,2022-09-20,39.65
192794,2022-09-21,39.65
192795,2022-09-22,39.65
192796,2022-09-23,39.64
192797,2022-09-24,39.64
192798,2022-09-25,39.64
192799,2022-09-26,39.64
192800,2022-09-27,39.64
192801,2022-09-28,39.64
192802,2022-09-29,39.64
192803,2022-09-30,39.64
192804,2022-10-01,39.63
192805,2022-10-02,39.63
192806,2022-10-03,39.63
192807,2022-10-04,39.63
192808,2022-10-05,39.63
192809,2022-10-06,39.63
192810,2022-10-07,39.63
192811,2022-10-08,39.62
192812,2022-10-09,39.62
192813,2022-10-10,39.62
192814,2022-10-11,39.62
192815,2022-10-12,39.62
192816,2022-10-13,39.62
192817,2022-10-14,39.62
192818,2022-10-15,39.62
192819,2022-10-16,39.61
192820,2022-10-17,39.61
192821,2022-10-18,39.61
192822,2022-10-19,39.61
192823,2022-10-20,39.61
192824,2022-10-21,39.61
192825,2022-10-22,39.61
192826,2022-10-23,39.6
192827,2022-10-24,39.6
192828,2022-10-25,39.6
192829,2022-10-26,39.6
192830,2022-10-27,39.6
192831,2022-10-28,39.6
192832,2022-10-29,39.6
192833,2022-10-30,39.6
192834,2022-10-31,39.59
192835,2022-11-01,42.61
192836,2022-11-02,42.6
192837,2022-11-03,42.6
192838,2022-11-04,42.6
192839,2022-11-05,42.6
192840,2022-11-06,42.6
192841,2022-11-07,42.6
192842,2022-11-08,42.6
192843,2022-11-09,42.6
192844,2022-11-10,42.6
192845,2022-11-11,42.6
192846,2022-11-12,42.6
192847,2022-11-13,42.59
192848,2022-11-14,42.59
192849,2022-11-15,42.59
192850,2022-11-16,42.59
192851,2022-11-17,42.59
192852,2022-11-18,42.59
192853,2022-11-19,42.59
192854,2022-11-20,42.59
192855,2022-11-21,42.59
192856,2022-11-22,42.59
192857,2022-11-23,42.59
192858,2022-11-24,42.59
192859,2022-11-25,42.59
192860,2022-11-26,42.59
192861,2022-11-27,42.59
192862,2022-11-28,42.59
192863,2022-11-29,42.58
192864,2022-11-30,42.58
192865,2022-12-01,42.58
192866,2022-12-02,42.58
192867,2022-12-03,42.58
192868,2022-12-04,42.58
192869,2022-12-05,42.58
192870,2022-12-06,42.58
192871,2022-12-07,42.58
192872,2022-12-08,42.58
192873,2022-12-09,42.58
192874,2022-12-10,42.58
192875,2022-12-11,42.58
192876,2022-12-12,42.58
192877,2022-12-13,42.58
192878,2022-12-14,42.58
192879,2022-12-15,42.57
192880,2022-12-16,42.57
192881,2022-12-17,42.57
192882,2022-12-18,42.57
192883,2022-12-19,42.57
192884,2022-12-20,42.57
192885,2022-12-21,42.57
192886,2022-12-22,42.57
192887,2022-12-23,42.57
192888,2022-12-24,42.57
192889,2022-12-25,42.57
192890,2022-12-26,42.57
192891,2022-12-27,42.57
192892,2022-12-28,42.57
192893,2022-12-29,42.57
192894,2022-12-30,42.57
192895,2022-12-31,43.46
