,date,economic_support_index
35072,2020-01-01,0.0
35073,2020-01-02,0.0
35074,2020-01-03,0.0
35075,2020-01-04,0.0
35076,2020-01-05,0.0
35077,2020-01-06,0.0
35078,2020-01-07,0.0
35079,2020-01-08,0.0
35080,2020-01-09,0.0
35081,2020-01-10,0.0
35082,2020-01-11,0.0
35083,2020-01-12,0.0
35084,2020-01-13,0.0
35085,2020-01-14,0.0
35086,2020-01-15,0.0
35087,2020-01-16,0.0
35088,2020-01-17,0.0
35089,2020-01-18,0.0
35090,2020-01-19,0.0
35091,2020-01-20,0.0
35092,2020-01-21,0.0
35093,2020-01-22,0.0
35094,2020-01-23,0.0
35095,2020-01-24,0.0
35096,2020-01-25,0.0
35097,2020-01-26,0.0
35098,2020-01-27,0.0
35099,2020-01-28,0.0
35100,2020-01-29,0.0
35101,2020-01-30,0.0
35102,2020-01-31,0.0
35103,2020-02-01,0.0
35104,2020-02-02,0.0
35105,2020-02-03,0.0
35106,2020-02-04,0.0
35107,2020-02-05,0.0
35108,2020-02-06,0.0
35109,2020-02-07,0.0
35110,2020-02-08,0.0
35111,2020-02-09,0.0
35112,2020-02-10,0.0
35113,2020-02-11,0.0
35114,2020-02-12,0.0
35115,2020-02-13,0.0
35116,2020-02-14,0.0
35117,2020-02-15,0.0
35118,2020-02-16,0.0
35119,2020-02-17,0.0
35120,2020-02-18,0.0
35121,2020-02-19,0.0
35122,2020-02-20,0.0
35123,2020-02-21,0.0
35124,2020-02-22,0.0
35125,2020-02-23,0.0
35126,2020-02-24,0.0
35127,2020-02-25,0.0
35128,2020-02-26,0.0
35129,2020-02-27,0.0
35130,2020-02-28,0.0
35131,2020-02-29,0.0
35132,2020-03-01,0.0
35133,2020-03-02,0.0
35134,2020-03-03,0.0
35135,2020-03-04,0.0
35136,2020-03-05,0.0
35137,2020-03-06,0.0
35138,2020-03-07,0.0
35139,2020-03-08,0.0
35140,2020-03-09,0.0
35141,2020-03-10,0.0
35142,2020-03-11,0.0
35143,2020-03-12,0.0
35144,2020-03-13,0.0
35145,2020-03-14,0.0
35146,2020-03-15,0.0
35147,2020-03-16,0.0
35148,2020-03-17,0.0
35149,2020-03-18,0.0
35150,2020-03-19,0.0
35151,2020-03-20,0.0
35152,2020-03-21,0.0
35153,2020-03-22,0.0
35154,2020-03-23,0.0
35155,2020-03-24,0.0
35156,2020-03-25,0.0
35157,2020-03-26,0.0
35158,2020-03-27,0.0
35159,2020-03-28,0.0
35160,2020-03-29,0.0
35161,2020-03-30,0.0
35162,2020-03-31,0.0
35163,2020-04-01,0.0
35164,2020-04-02,0.0
35165,2020-04-03,0.0
35166,2020-04-04,0.0
35167,2020-04-05,0.0
35168,2020-04-06,0.0
35169,2020-04-07,0.0
35170,2020-04-08,0.0
35171,2020-04-09,0.0
35172,2020-04-10,0.0
35173,2020-04-11,12.5
35174,2020-04-12,12.5
35175,2020-04-13,12.5
35176,2020-04-14,12.5
35177,2020-04-15,12.5
35178,2020-04-16,12.5
35179,2020-04-17,12.5
35180,2020-04-18,12.5
35181,2020-04-19,12.5
35182,2020-04-20,12.5
35183,2020-04-21,12.5
35184,2020-04-22,12.5
35185,2020-04-23,12.5
35186,2020-04-24,12.5
35187,2020-04-25,12.5
35188,2020-04-26,12.5
35189,2020-04-27,12.5
35190,2020-04-28,12.5
35191,2020-04-29,12.5
35192,2020-04-30,12.5
35193,2020-05-01,12.5
35194,2020-05-02,12.5
35195,2020-05-03,12.5
35196,2020-05-04,12.5
35197,2020-05-05,12.5
35198,2020-05-06,12.5
35199,2020-05-07,12.5
35200,2020-05-08,12.5
35201,2020-05-09,12.5
35202,2020-05-10,12.5
35203,2020-05-11,12.5
35204,2020-05-12,12.5
35205,2020-05-13,12.5
35206,2020-05-14,12.5
35207,2020-05-15,12.5
35208,2020-05-16,12.5
35209,2020-05-17,12.5
35210,2020-05-18,12.5
35211,2020-05-19,12.5
35212,2020-05-20,12.5
35213,2020-05-21,37.5
35214,2020-05-22,37.5
35215,2020-05-23,37.5
35216,2020-05-24,37.5
35217,2020-05-25,37.5
35218,2020-05-26,37.5
35219,2020-05-27,37.5
35220,2020-05-28,37.5
35221,2020-05-29,37.5
35222,2020-05-30,37.5
35223,2020-05-31,37.5
35224,2020-06-01,37.5
35225,2020-06-02,37.5
35226,2020-06-03,37.5
35227,2020-06-04,37.5
35228,2020-06-05,37.5
35229,2020-06-06,37.5
35230,2020-06-07,37.5
35231,2020-06-08,37.5
35232,2020-06-09,37.5
35233,2020-06-10,37.5
35234,2020-06-11,37.5
35235,2020-06-12,37.5
35236,2020-06-13,37.5
35237,2020-06-14,37.5
35238,2020-06-15,37.5
35239,2020-06-16,37.5
35240,2020-06-17,37.5
35241,2020-06-18,37.5
35242,2020-06-19,37.5
35243,2020-06-20,37.5
35244,2020-06-21,37.5
35245,2020-06-22,37.5
35246,2020-06-23,37.5
35247,2020-06-24,37.5
35248,2020-06-25,37.5
35249,2020-06-26,37.5
35250,2020-06-27,37.5
35251,2020-06-28,37.5
35252,2020-06-29,37.5
35253,2020-06-30,37.5
35254,2020-07-01,37.5
35255,2020-07-02,37.5
35256,2020-07-03,37.5
35257,2020-07-04,37.5
35258,2020-07-05,37.5
35259,2020-07-06,37.5
35260,2020-07-07,37.5
35261,2020-07-08,37.5
35262,2020-07-09,37.5
35263,2020-07-10,37.5
35264,2020-07-11,37.5
35265,2020-07-12,37.5
35266,2020-07-13,37.5
35267,2020-07-14,37.5
35268,2020-07-15,37.5
35269,2020-07-16,37.5
35270,2020-07-17,37.5
35271,2020-07-18,37.5
35272,2020-07-19,37.5
35273,2020-07-20,37.5
35274,2020-07-21,37.5
35275,2020-07-22,37.5
35276,2020-07-23,37.5
35277,2020-07-24,37.5
35278,2020-07-25,37.5
35279,2020-07-26,37.5
35280,2020-07-27,37.5
35281,2020-07-28,37.5
35282,2020-07-29,37.5
35283,2020-07-30,37.5
35284,2020-07-31,37.5
35285,2020-08-01,37.5
35286,2020-08-02,37.5
35287,2020-08-03,37.5
35288,2020-08-04,37.5
35289,2020-08-05,37.5
35290,2020-08-06,37.5
35291,2020-08-07,37.5
35292,2020-08-08,37.5
35293,2020-08-09,37.5
35294,2020-08-10,37.5
35295,2020-08-11,37.5
35296,2020-08-12,37.5
35297,2020-08-13,37.5
35298,2020-08-14,37.5
35299,2020-08-15,37.5
35300,2020-08-16,37.5
35301,2020-08-17,37.5
35302,2020-08-18,37.5
35303,2020-08-19,37.5
35304,2020-08-20,37.5
35305,2020-08-21,37.5
35306,2020-08-22,37.5
35307,2020-08-23,37.5
35308,2020-08-24,37.5
35309,2020-08-25,37.5
35310,2020-08-26,37.5
35311,2020-08-27,37.5
35312,2020-08-28,37.5
35313,2020-08-29,37.5
35314,2020-08-30,37.5
35315,2020-08-31,37.5
35316,2020-09-01,37.5
35317,2020-09-02,37.5
35318,2020-09-03,37.5
35319,2020-09-04,37.5
35320,2020-09-05,37.5
35321,2020-09-06,37.5
35322,2020-09-07,37.5
35323,2020-09-08,37.5
35324,2020-09-09,37.5
35325,2020-09-10,37.5
35326,2020-09-11,37.5
35327,2020-09-12,37.5
35328,2020-09-13,37.5
35329,2020-09-14,37.5
35330,2020-09-15,37.5
35331,2020-09-16,37.5
35332,2020-09-17,37.5
35333,2020-09-18,37.5
35334,2020-09-19,37.5
35335,2020-09-20,37.5
35336,2020-09-21,37.5
35337,2020-09-22,37.5
35338,2020-09-23,37.5
35339,2020-09-24,37.5
35340,2020-09-25,37.5
35341,2020-09-26,37.5
35342,2020-09-27,37.5
35343,2020-09-28,37.5
35344,2020-09-29,37.5
35345,2020-09-30,37.5
35346,2020-10-01,37.5
35347,2020-10-02,37.5
35348,2020-10-03,37.5
35349,2020-10-04,37.5
35350,2020-10-05,37.5
35351,2020-10-06,37.5
35352,2020-10-07,37.5
35353,2020-10-08,37.5
35354,2020-10-09,37.5
35355,2020-10-10,37.5
35356,2020-10-11,37.5
35357,2020-10-12,37.5
35358,2020-10-13,37.5
35359,2020-10-14,37.5
35360,2020-10-15,37.5
35361,2020-10-16,37.5
35362,2020-10-17,37.5
35363,2020-10-18,37.5
35364,2020-10-19,37.5
35365,2020-10-20,37.5
35366,2020-10-21,37.5
35367,2020-10-22,37.5
35368,2020-10-23,37.5
35369,2020-10-24,37.5
35370,2020-10-25,37.5
35371,2020-10-26,37.5
35372,2020-10-27,37.5
35373,2020-10-28,37.5
35374,2020-10-29,37.5
35375,2020-10-30,62.5
35376,2020-10-31,62.5
35377,2020-11-01,62.5
35378,2020-11-02,62.5
35379,2020-11-03,62.5
35380,2020-11-04,62.5
35381,2020-11-05,62.5
35382,2020-11-06,62.5
35383,2020-11-07,62.5
35384,2020-11-08,62.5
35385,2020-11-09,62.5
35386,2020-11-10,62.5
35387,2020-11-11,62.5
35388,2020-11-12,62.5
35389,2020-11-13,62.5
35390,2020-11-14,62.5
35391,2020-11-15,62.5
35392,2020-11-16,62.5
35393,2020-11-17,62.5
35394,2020-11-18,62.5
35395,2020-11-19,62.5
35396,2020-11-20,62.5
35397,2020-11-21,62.5
35398,2020-11-22,62.5
35399,2020-11-23,62.5
35400,2020-11-24,62.5
35401,2020-11-25,62.5
35402,2020-11-26,62.5
35403,2020-11-27,62.5
35404,2020-11-28,62.5
35405,2020-11-29,62.5
35406,2020-11-30,62.5
35407,2020-12-01,62.5
35408,2020-12-02,62.5
35409,2020-12-03,62.5
35410,2020-12-04,62.5
35411,2020-12-05,62.5
35412,2020-12-06,62.5
35413,2020-12-07,62.5
35414,2020-12-08,62.5
35415,2020-12-09,62.5
35416,2020-12-10,62.5
35417,2020-12-11,62.5
35418,2020-12-12,62.5
35419,2020-12-13,62.5
35420,2020-12-14,62.5
35421,2020-12-15,62.5
35422,2020-12-16,62.5
35423,2020-12-17,62.5
35424,2020-12-18,62.5
35425,2020-12-19,62.5
35426,2020-12-20,62.5
35427,2020-12-21,62.5
35428,2020-12-22,62.5
35429,2020-12-23,62.5
35430,2020-12-24,62.5
35431,2020-12-25,62.5
35432,2020-12-26,62.5
35433,2020-12-27,62.5
35434,2020-12-28,62.5
35435,2020-12-29,62.5
35436,2020-12-30,62.5
35437,2020-12-31,62.5
35438,2021-01-01,62.5
35439,2021-01-02,62.5
35440,2021-01-03,62.5
35441,2021-01-04,62.5
35442,2021-01-05,62.5
35443,2021-01-06,62.5
35444,2021-01-07,62.5
35445,2021-01-08,62.5
35446,2021-01-09,62.5
35447,2021-01-10,62.5
35448,2021-01-11,62.5
35449,2021-01-12,62.5
35450,2021-01-13,62.5
35451,2021-01-14,62.5
35452,2021-01-15,62.5
35453,2021-01-16,62.5
35454,2021-01-17,62.5
35455,2021-01-18,62.5
35456,2021-01-19,62.5
35457,2021-01-20,62.5
35458,2021-01-21,62.5
35459,2021-01-22,62.5
35460,2021-01-23,62.5
35461,2021-01-24,62.5
35462,2021-01-25,62.5
35463,2021-01-26,62.5
35464,2021-01-27,62.5
35465,2021-01-28,62.5
35466,2021-01-29,62.5
35467,2021-01-30,62.5
35468,2021-01-31,62.5
35469,2021-02-01,62.5
35470,2021-02-02,62.5
35471,2021-02-03,62.5
35472,2021-02-04,62.5
35473,2021-02-05,62.5
35474,2021-02-06,62.5
35475,2021-02-07,62.5
35476,2021-02-08,62.5
35477,2021-02-09,62.5
35478,2021-02-10,62.5
35479,2021-02-11,62.5
35480,2021-02-12,62.5
35481,2021-02-13,62.5
35482,2021-02-14,62.5
35483,2021-02-15,62.5
35484,2021-02-16,62.5
35485,2021-02-17,62.5
35486,2021-02-18,62.5
35487,2021-02-19,62.5
35488,2021-02-20,62.5
35489,2021-02-21,62.5
35490,2021-02-22,62.5
35491,2021-02-23,62.5
35492,2021-02-24,62.5
35493,2021-02-25,62.5
35494,2021-02-26,62.5
35495,2021-02-27,62.5
35496,2021-02-28,62.5
35497,2021-03-01,62.5
35498,2021-03-02,62.5
35499,2021-03-03,62.5
35500,2021-03-04,62.5
35501,2021-03-05,62.5
35502,2021-03-06,62.5
35503,2021-03-07,62.5
35504,2021-03-08,62.5
35505,2021-03-09,62.5
35506,2021-03-10,62.5
35507,2021-03-11,62.5
35508,2021-03-12,62.5
35509,2021-03-13,62.5
35510,2021-03-14,62.5
35511,2021-03-15,62.5
35512,2021-03-16,62.5
35513,2021-03-17,62.5
35514,2021-03-18,62.5
35515,2021-03-19,62.5
35516,2021-03-20,62.5
35517,2021-03-21,62.5
35518,2021-03-22,62.5
35519,2021-03-23,62.5
35520,2021-03-24,62.5
35521,2021-03-25,62.5
35522,2021-03-26,62.5
35523,2021-03-27,62.5
35524,2021-03-28,62.5
35525,2021-03-29,62.5
35526,2021-03-30,62.5
35527,2021-03-31,62.5
35528,2021-04-01,62.5
35529,2021-04-02,62.5
35530,2021-04-03,62.5
35531,2021-04-04,62.5
35532,2021-04-05,62.5
35533,2021-04-06,62.5
35534,2021-04-07,62.5
35535,2021-04-08,62.5
35536,2021-04-09,62.5
35537,2021-04-10,62.5
35538,2021-04-11,62.5
35539,2021-04-12,62.5
35540,2021-04-13,62.5
35541,2021-04-14,62.5
35542,2021-04-15,62.5
35543,2021-04-16,62.5
35544,2021-04-17,62.5
35545,2021-04-18,62.5
35546,2021-04-19,62.5
35547,2021-04-20,62.5
35548,2021-04-21,62.5
35549,2021-04-22,62.5
35550,2021-04-23,62.5
35551,2021-04-24,62.5
35552,2021-04-25,62.5
35553,2021-04-26,62.5
35554,2021-04-27,62.5
35555,2021-04-28,62.5
35556,2021-04-29,62.5
35557,2021-04-30,62.5
35558,2021-05-01,62.5
35559,2021-05-02,62.5
35560,2021-05-03,62.5
35561,2021-05-04,62.5
35562,2021-05-05,62.5
35563,2021-05-06,62.5
35564,2021-05-07,62.5
35565,2021-05-08,62.5
35566,2021-05-09,62.5
35567,2021-05-10,62.5
35568,2021-05-11,62.5
35569,2021-05-12,62.5
35570,2021-05-13,62.5
35571,2021-05-14,62.5
35572,2021-05-15,62.5
35573,2021-05-16,62.5
35574,2021-05-17,62.5
35575,2021-05-18,62.5
35576,2021-05-19,62.5
35577,2021-05-20,62.5
35578,2021-05-21,62.5
35579,2021-05-22,62.5
35580,2021-05-23,62.5
35581,2021-05-24,62.5
35582,2021-05-25,62.5
35583,2021-05-26,62.5
35584,2021-05-27,62.5
35585,2021-05-28,62.5
35586,2021-05-29,62.5
35587,2021-05-30,62.5
35588,2021-05-31,62.5
35589,2021-06-01,62.5
35590,2021-06-02,62.5
35591,2021-06-03,62.5
35592,2021-06-04,62.5
35593,2021-06-05,62.5
35594,2021-06-06,62.5
35595,2021-06-07,62.5
35596,2021-06-08,62.5
35597,2021-06-09,62.5
35598,2021-06-10,62.5
35599,2021-06-11,62.5
35600,2021-06-12,62.5
35601,2021-06-13,62.5
35602,2021-06-14,62.5
35603,2021-06-15,62.5
35604,2021-06-16,62.5
35605,2021-06-17,62.5
35606,2021-06-18,62.5
35607,2021-06-19,62.5
35608,2021-06-20,62.5
35609,2021-06-21,62.5
35610,2021-06-22,62.5
35611,2021-06-23,62.5
35612,2021-06-24,62.5
35613,2021-06-25,62.5
35614,2021-06-26,62.5
35615,2021-06-27,62.5
35616,2021-06-28,62.5
35617,2021-06-29,62.5
35618,2021-06-30,62.5
35619,2021-07-01,62.5
35620,2021-07-02,62.5
35621,2021-07-03,62.5
35622,2021-07-04,62.5
35623,2021-07-05,62.5
35624,2021-07-06,62.5
35625,2021-07-07,62.5
35626,2021-07-08,62.5
35627,2021-07-09,62.5
35628,2021-07-10,62.5
35629,2021-07-11,62.5
35630,2021-07-12,62.5
35631,2021-07-13,62.5
35632,2021-07-14,62.5
35633,2021-07-15,62.5
35634,2021-07-16,62.5
35635,2021-07-17,62.5
35636,2021-07-18,62.5
35637,2021-07-19,62.5
35638,2021-07-20,62.5
35639,2021-07-21,62.5
35640,2021-07-22,62.5
35641,2021-07-23,62.5
35642,2021-07-24,62.5
35643,2021-07-25,62.5
35644,2021-07-26,62.5
35645,2021-07-27,62.5
35646,2021-07-28,62.5
35647,2021-07-29,62.5
35648,2021-07-30,62.5
35649,2021-07-31,62.5
35650,2021-08-01,62.5
35651,2021-08-02,62.5
35652,2021-08-03,62.5
35653,2021-08-04,62.5
35654,2021-08-05,62.5
35655,2021-08-06,62.5
35656,2021-08-07,62.5
35657,2021-08-08,62.5
35658,2021-08-09,62.5
35659,2021-08-10,62.5
35660,2021-08-11,62.5
35661,2021-08-12,62.5
35662,2021-08-13,62.5
35663,2021-08-14,62.5
35664,2021-08-15,62.5
35665,2021-08-16,62.5
35666,2021-08-17,62.5
35667,2021-08-18,62.5
35668,2021-08-19,62.5
35669,2021-08-20,62.5
35670,2021-08-21,62.5
35671,2021-08-22,62.5
35672,2021-08-23,62.5
35673,2021-08-24,62.5
35674,2021-08-25,62.5
35675,2021-08-26,62.5
35676,2021-08-27,62.5
35677,2021-08-28,62.5
35678,2021-08-29,62.5
35679,2021-08-30,62.5
35680,2021-08-31,62.5
35681,2021-09-01,62.5
35682,2021-09-02,62.5
35683,2021-09-03,62.5
35684,2021-09-04,62.5
35685,2021-09-05,62.5
35686,2021-09-06,62.5
35687,2021-09-07,62.5
35688,2021-09-08,62.5
35689,2021-09-09,62.5
35690,2021-09-10,62.5
35691,2021-09-11,62.5
35692,2021-09-12,62.5
35693,2021-09-13,62.5
35694,2021-09-14,62.5
35695,2021-09-15,62.5
35696,2021-09-16,62.5
35697,2021-09-17,62.5
35698,2021-09-18,62.5
35699,2021-09-19,62.5
35700,2021-09-20,62.5
35701,2021-09-21,62.5
35702,2021-09-22,62.5
35703,2021-09-23,62.5
35704,2021-09-24,62.5
35705,2021-09-25,62.5
35706,2021-09-26,62.5
35707,2021-09-27,62.5
35708,2021-09-28,62.5
35709,2021-09-29,62.5
35710,2021-09-30,62.5
35711,2021-10-01,62.5
35712,2021-10-02,62.5
35713,2021-10-03,62.5
35714,2021-10-04,62.5
35715,2021-10-05,62.5
35716,2021-10-06,62.5
35717,2021-10-07,62.5
35718,2021-10-08,62.5
35719,2021-10-09,62.5
35720,2021-10-10,62.5
35721,2021-10-11,62.5
35722,2021-10-12,62.5
35723,2021-10-13,62.5
35724,2021-10-14,62.5
35725,2021-10-15,62.5
35726,2021-10-16,62.5
35727,2021-10-17,62.5
35728,2021-10-18,62.5
35729,2021-10-19,62.5
35730,2021-10-20,62.5
35731,2021-10-21,62.5
35732,2021-10-22,62.5
35733,2021-10-23,62.5
35734,2021-10-24,62.5
35735,2021-10-25,62.5
35736,2021-10-26,62.5
35737,2021-10-27,62.5
35738,2021-10-28,62.5
35739,2021-10-29,62.5
35740,2021-10-30,62.5
35741,2021-10-31,62.5
35742,2021-11-01,62.5
35743,2021-11-02,62.5
35744,2021-11-03,62.5
35745,2021-11-04,62.5
35746,2021-11-05,62.5
35747,2021-11-06,62.5
35748,2021-11-07,62.5
35749,2021-11-08,62.5
35750,2021-11-09,62.5
35751,2021-11-10,62.5
35752,2021-11-11,62.5
35753,2021-11-12,62.5
35754,2021-11-13,62.5
35755,2021-11-14,62.5
35756,2021-11-15,62.5
35757,2021-11-16,62.5
35758,2021-11-17,62.5
35759,2021-11-18,62.5
35760,2021-11-19,62.5
35761,2021-11-20,62.5
35762,2021-11-21,62.5
35763,2021-11-22,62.5
35764,2021-11-23,62.5
35765,2021-11-24,62.5
35766,2021-11-25,62.5
35767,2021-11-26,62.5
35768,2021-11-27,62.5
35769,2021-11-28,62.5
35770,2021-11-29,62.5
35771,2021-11-30,62.5
35772,2021-12-01,62.5
35773,2021-12-02,62.5
35774,2021-12-03,62.5
35775,2021-12-04,62.5
35776,2021-12-05,62.5
35777,2021-12-06,62.5
35778,2021-12-07,62.5
35779,2021-12-08,62.5
35780,2021-12-09,62.5
35781,2021-12-10,62.5
35782,2021-12-11,62.5
35783,2021-12-12,62.5
35784,2021-12-13,62.5
35785,2021-12-14,62.5
35786,2021-12-15,62.5
35787,2021-12-16,62.5
35788,2021-12-17,62.5
35789,2021-12-18,62.5
35790,2021-12-19,62.5
35791,2021-12-20,62.5
35792,2021-12-21,62.5
35793,2021-12-22,62.5
35794,2021-12-23,62.5
35795,2021-12-24,62.5
35796,2021-12-25,62.5
35797,2021-12-26,62.5
35798,2021-12-27,62.5
35799,2021-12-28,62.5
35800,2021-12-29,62.5
35801,2021-12-30,62.5
35802,2021-12-31,62.5
35803,2022-01-01,62.5
35804,2022-01-02,62.5
35805,2022-01-03,62.5
35806,2022-01-04,62.5
35807,2022-01-05,62.5
35808,2022-01-06,62.5
35809,2022-01-07,62.5
35810,2022-01-08,62.5
35811,2022-01-09,62.5
35812,2022-01-10,62.5
35813,2022-01-11,62.5
35814,2022-01-12,62.5
35815,2022-01-13,62.5
35816,2022-01-14,62.5
35817,2022-01-15,62.5
35818,2022-01-16,62.5
35819,2022-01-17,62.5
35820,2022-01-18,62.5
35821,2022-01-19,62.5
35822,2022-01-20,62.5
35823,2022-01-21,62.5
35824,2022-01-22,62.5
35825,2022-01-23,62.5
35826,2022-01-24,62.5
35827,2022-01-25,62.5
35828,2022-01-26,62.5
35829,2022-01-27,62.5
35830,2022-01-28,62.5
35831,2022-01-29,62.5
35832,2022-01-30,62.5
35833,2022-01-31,62.5
35834,2022-02-01,62.5
35835,2022-02-02,62.5
35836,2022-02-03,62.5
35837,2022-02-04,62.5
35838,2022-02-05,62.5
35839,2022-02-06,62.5
35840,2022-02-07,62.5
35841,2022-02-08,62.5
35842,2022-02-09,62.5
35843,2022-02-10,62.5
35844,2022-02-11,62.5
35845,2022-02-12,62.5
35846,2022-02-13,62.5
35847,2022-02-14,62.5
35848,2022-02-15,62.5
35849,2022-02-16,62.5
35850,2022-02-17,62.5
35851,2022-02-18,62.5
35852,2022-02-19,62.5
35853,2022-02-20,62.5
35854,2022-02-21,62.5
35855,2022-02-22,62.5
35856,2022-02-23,62.5
35857,2022-02-24,62.5
35858,2022-02-25,62.5
35859,2022-02-26,62.5
35860,2022-02-27,62.5
35861,2022-02-28,62.5
35862,2022-03-01,62.5
35863,2022-03-02,62.5
35864,2022-03-03,62.5
35865,2022-03-04,62.5
35866,2022-03-05,62.5
35867,2022-03-06,62.5
35868,2022-03-07,62.5
35869,2022-03-08,62.5
35870,2022-03-09,62.5
35871,2022-03-10,62.5
35872,2022-03-11,62.5
35873,2022-03-12,62.5
35874,2022-03-13,62.5
35875,2022-03-14,62.5
35876,2022-03-15,62.5
35877,2022-03-16,62.5
35878,2022-03-17,62.5
35879,2022-03-18,62.5
35880,2022-03-19,62.5
35881,2022-03-20,62.5
35882,2022-03-21,62.5
35883,2022-03-22,62.5
35884,2022-03-23,62.5
35885,2022-03-24,62.5
35886,2022-03-25,62.5
35887,2022-03-26,62.5
35888,2022-03-27,62.5
35889,2022-03-28,62.5
35890,2022-03-29,62.5
35891,2022-03-30,62.5
35892,2022-03-31,62.5
35893,2022-04-01,62.5
35894,2022-04-02,62.5
35895,2022-04-03,62.5
35896,2022-04-04,62.5
35897,2022-04-05,62.5
35898,2022-04-06,62.5
35899,2022-04-07,62.5
35900,2022-04-08,62.5
35901,2022-04-09,62.5
35902,2022-04-10,62.5
35903,2022-04-11,62.5
35904,2022-04-12,62.5
35905,2022-04-13,62.5
35906,2022-04-14,62.5
35907,2022-04-15,62.5
35908,2022-04-16,62.5
35909,2022-04-17,62.5
35910,2022-04-18,62.5
35911,2022-04-19,62.5
35912,2022-04-20,62.5
35913,2022-04-21,62.5
35914,2022-04-22,62.5
35915,2022-04-23,62.5
35916,2022-04-24,62.5
35917,2022-04-25,62.5
35918,2022-04-26,62.5
35919,2022-04-27,62.5
35920,2022-04-28,62.5
35921,2022-04-29,62.5
35922,2022-04-30,62.5
35923,2022-05-01,62.5
35924,2022-05-02,62.5
35925,2022-05-03,62.5
35926,2022-05-04,62.5
35927,2022-05-05,62.5
35928,2022-05-06,62.5
35929,2022-05-07,62.5
35930,2022-05-08,62.5
35931,2022-05-09,62.5
35932,2022-05-10,62.5
35933,2022-05-11,62.5
35934,2022-05-12,62.5
35935,2022-05-13,62.5
35936,2022-05-14,62.5
35937,2022-05-15,62.5
35938,2022-05-16,62.5
35939,2022-05-17,62.5
35940,2022-05-18,62.5
35941,2022-05-19,62.5
35942,2022-05-20,62.5
35943,2022-05-21,62.5
35944,2022-05-22,62.5
35945,2022-05-23,62.5
35946,2022-05-24,62.5
35947,2022-05-25,62.5
35948,2022-05-26,62.5
35949,2022-05-27,62.5
35950,2022-05-28,62.5
35951,2022-05-29,62.5
35952,2022-05-30,62.5
35953,2022-05-31,62.5
35954,2022-06-01,62.5
35955,2022-06-02,62.5
35956,2022-06-03,62.5
35957,2022-06-04,62.5
35958,2022-06-05,62.5
35959,2022-06-06,62.5
35960,2022-06-07,62.5
35961,2022-06-08,62.5
35962,2022-06-09,62.5
35963,2022-06-10,62.5
35964,2022-06-11,62.5
35965,2022-06-12,62.5
35966,2022-06-13,62.5
35967,2022-06-14,62.5
35968,2022-06-15,62.5
35969,2022-06-16,62.5
35970,2022-06-17,62.5
35971,2022-06-18,62.5
35972,2022-06-19,62.5
35973,2022-06-20,62.5
35974,2022-06-21,62.5
35975,2022-06-22,62.5
35976,2022-06-23,62.5
35977,2022-06-24,62.5
35978,2022-06-25,62.5
35979,2022-06-26,62.5
35980,2022-06-27,62.5
35981,2022-06-28,62.5
35982,2022-06-29,62.5
35983,2022-06-30,62.5
35984,2022-07-01,62.5
35985,2022-07-02,62.5
35986,2022-07-03,62.5
35987,2022-07-04,62.5
35988,2022-07-05,62.5
35989,2022-07-06,62.5
35990,2022-07-07,62.5
35991,2022-07-08,62.5
35992,2022-07-09,62.5
35993,2022-07-10,62.5
35994,2022-07-11,62.5
35995,2022-07-12,62.5
35996,2022-07-13,62.5
35997,2022-07-14,62.5
35998,2022-07-15,62.5
35999,2022-07-16,62.5
36000,2022-07-17,62.5
36001,2022-07-18,62.5
36002,2022-07-19,62.5
36003,2022-07-20,62.5
36004,2022-07-21,62.5
36005,2022-07-22,62.5
36006,2022-07-23,62.5
36007,2022-07-24,62.5
36008,2022-07-25,62.5
36009,2022-07-26,62.5
36010,2022-07-27,62.5
36011,2022-07-28,62.5
36012,2022-07-29,62.5
36013,2022-07-30,62.5
36014,2022-07-31,62.5
36015,2022-08-01,62.5
36016,2022-08-02,62.5
36017,2022-08-03,62.5
36018,2022-08-04,62.5
36019,2022-08-05,62.5
36020,2022-08-06,62.5
36021,2022-08-07,62.5
36022,2022-08-08,62.5
36023,2022-08-09,62.5
36024,2022-08-10,62.5
36025,2022-08-11,62.5
36026,2022-08-12,62.5
36027,2022-08-13,62.5
36028,2022-08-14,62.5
36029,2022-08-15,62.5
36030,2022-08-16,62.5
36031,2022-08-17,62.5
36032,2022-08-18,62.5
36033,2022-08-19,62.5
36034,2022-08-20,62.5
36035,2022-08-21,62.5
36036,2022-08-22,62.5
36037,2022-08-23,62.5
36038,2022-08-24,62.5
36039,2022-08-25,62.5
36040,2022-08-26,62.5
36041,2022-08-27,62.5
36042,2022-08-28,62.5
36043,2022-08-29,62.5
36044,2022-08-30,62.5
36045,2022-08-31,62.5
36046,2022-09-01,62.5
36047,2022-09-02,62.5
36048,2022-09-03,62.5
36049,2022-09-04,62.5
36050,2022-09-05,62.5
36051,2022-09-06,62.5
36052,2022-09-07,62.5
36053,2022-09-08,62.5
36054,2022-09-09,62.5
36055,2022-09-10,62.5
36056,2022-09-11,62.5
36057,2022-09-12,62.5
36058,2022-09-13,62.5
36059,2022-09-14,62.5
36060,2022-09-15,62.5
36061,2022-09-16,62.5
36062,2022-09-17,62.5
36063,2022-09-18,62.5
36064,2022-09-19,62.5
36065,2022-09-20,62.5
36066,2022-09-21,62.5
36067,2022-09-22,62.5
36068,2022-09-23,62.5
36069,2022-09-24,62.5
36070,2022-09-25,62.5
36071,2022-09-26,62.5
36072,2022-09-27,62.5
36073,2022-09-28,62.5
36074,2022-09-29,62.5
36075,2022-09-30,62.5
36076,2022-10-01,62.5
36077,2022-10-02,62.5
36078,2022-10-03,62.5
36079,2022-10-04,62.5
36080,2022-10-05,62.5
36081,2022-10-06,62.5
36082,2022-10-07,62.5
36083,2022-10-08,62.5
36084,2022-10-09,62.5
36085,2022-10-10,62.5
36086,2022-10-11,62.5
36087,2022-10-12,62.5
36088,2022-10-13,62.5
36089,2022-10-14,62.5
36090,2022-10-15,62.5
36091,2022-10-16,62.5
36092,2022-10-17,62.5
36093,2022-10-18,62.5
36094,2022-10-19,62.5
36095,2022-10-20,62.5
36096,2022-10-21,62.5
36097,2022-10-22,62.5
36098,2022-10-23,62.5
36099,2022-10-24,62.5
36100,2022-10-25,62.5
36101,2022-10-26,62.5
36102,2022-10-27,62.5
36103,2022-10-28,62.5
36104,2022-10-29,62.5
36105,2022-10-30,62.5
36106,2022-10-31,62.5
36107,2022-11-01,62.5
36108,2022-11-02,62.5
36109,2022-11-03,62.5
36110,2022-11-04,62.5
36111,2022-11-05,62.5
36112,2022-11-06,62.5
36113,2022-11-07,62.5
36114,2022-11-08,62.5
36115,2022-11-09,62.5
36116,2022-11-10,62.5
36117,2022-11-11,62.5
36118,2022-11-12,62.5
36119,2022-11-13,62.5
36120,2022-11-14,62.5
36121,2022-11-15,62.5
36122,2022-11-16,62.5
36123,2022-11-17,62.5
36124,2022-11-18,62.5
36125,2022-11-19,62.5
36126,2022-11-20,62.5
36127,2022-11-21,62.5
36128,2022-11-22,62.5
36129,2022-11-23,62.5
36130,2022-11-24,62.5
36131,2022-11-25,62.5
36132,2022-11-26,62.5
36133,2022-11-27,62.5
36134,2022-11-28,62.5
36135,2022-11-29,62.5
36136,2022-11-30,62.5
36137,2022-12-01,62.5
36138,2022-12-02,62.5
36139,2022-12-03,62.5
36140,2022-12-04,62.5
36141,2022-12-05,62.5
36142,2022-12-06,62.5
36143,2022-12-07,62.5
36144,2022-12-08,62.5
36145,2022-12-09,62.5
36146,2022-12-10,62.5
36147,2022-12-11,62.5
36148,2022-12-12,62.5
36149,2022-12-13,62.5
36150,2022-12-14,62.5
36151,2022-12-15,62.5
36152,2022-12-16,62.5
36153,2022-12-17,62.5
36154,2022-12-18,62.5
36155,2022-12-19,62.5
36156,2022-12-20,62.5
36157,2022-12-21,62.5
36158,2022-12-22,62.5
36159,2022-12-23,62.5
36160,2022-12-24,62.5
36161,2022-12-25,62.5
36162,2022-12-26,62.5
36163,2022-12-27,62.5
36164,2022-12-28,62.5
36165,2022-12-29,62.5
36166,2022-12-30,62.5
36167,2022-12-31,62.5
83296,2020-01-01,0.0
83297,2020-01-02,0.0
83298,2020-01-03,0.0
83299,2020-01-04,0.0
83300,2020-01-05,0.0
83301,2020-01-06,0.0
83302,2020-01-07,0.0
83303,2020-01-08,0.0
83304,2020-01-09,0.0
83305,2020-01-10,0.0
83306,2020-01-11,0.0
83307,2020-01-12,0.0
83308,2020-01-13,0.0
83309,2020-01-14,0.0
83310,2020-01-15,0.0
83311,2020-01-16,0.0
83312,2020-01-17,0.0
83313,2020-01-18,0.0
83314,2020-01-19,0.0
83315,2020-01-20,0.0
83316,2020-01-21,0.0
83317,2020-01-22,0.0
83318,2020-01-23,0.0
83319,2020-01-24,0.0
83320,2020-01-25,0.0
83321,2020-01-26,0.0
83322,2020-01-27,0.0
83323,2020-01-28,0.0
83324,2020-01-29,0.0
83325,2020-01-30,0.0
83326,2020-01-31,0.0
83327,2020-02-01,0.0
83328,2020-02-02,0.0
83329,2020-02-03,0.0
83330,2020-02-04,0.0
83331,2020-02-05,0.0
83332,2020-02-06,0.0
83333,2020-02-07,0.0
83334,2020-02-08,0.0
83335,2020-02-09,0.0
83336,2020-02-10,0.0
83337,2020-02-11,0.0
83338,2020-02-12,0.0
83339,2020-02-13,0.0
83340,2020-02-14,0.0
83341,2020-02-15,0.0
83342,2020-02-16,0.0
83343,2020-02-17,0.0
83344,2020-02-18,0.0
83345,2020-02-19,0.0
83346,2020-02-20,0.0
83347,2020-02-21,0.0
83348,2020-02-22,0.0
83349,2020-02-23,0.0
83350,2020-02-24,0.0
83351,2020-02-25,0.0
83352,2020-02-26,0.0
83353,2020-02-27,0.0
83354,2020-02-28,0.0
83355,2020-02-29,0.0
83356,2020-03-01,50.0
83357,2020-03-02,50.0
83358,2020-03-03,50.0
83359,2020-03-04,50.0
83360,2020-03-05,50.0
83361,2020-03-06,50.0
83362,2020-03-07,50.0
83363,2020-03-08,50.0
83364,2020-03-09,50.0
83365,2020-03-10,50.0
83366,2020-03-11,50.0
83367,2020-03-12,50.0
83368,2020-03-13,50.0
83369,2020-03-14,50.0
83370,2020-03-15,50.0
83371,2020-03-16,50.0
83372,2020-03-17,50.0
83373,2020-03-18,50.0
83374,2020-03-19,50.0
83375,2020-03-20,75.0
83376,2020-03-21,75.0
83377,2020-03-22,75.0
83378,2020-03-23,75.0
83379,2020-03-24,75.0
83380,2020-03-25,75.0
83381,2020-03-26,75.0
83382,2020-03-27,75.0
83383,2020-03-28,75.0
83384,2020-03-29,75.0
83385,2020-03-30,75.0
83386,2020-03-31,75.0
83387,2020-04-01,75.0
83388,2020-04-02,75.0
83389,2020-04-03,75.0
83390,2020-04-04,75.0
83391,2020-04-05,75.0
83392,2020-04-06,75.0
83393,2020-04-07,75.0
83394,2020-04-08,75.0
83395,2020-04-09,75.0
83396,2020-04-10,75.0
83397,2020-04-11,75.0
83398,2020-04-12,75.0
83399,2020-04-13,75.0
83400,2020-04-14,75.0
83401,2020-04-15,75.0
83402,2020-04-16,75.0
83403,2020-04-17,75.0
83404,2020-04-18,75.0
83405,2020-04-19,75.0
83406,2020-04-20,75.0
83407,2020-04-21,75.0
83408,2020-04-22,75.0
83409,2020-04-23,75.0
83410,2020-04-24,75.0
83411,2020-04-25,75.0
83412,2020-04-26,75.0
83413,2020-04-27,75.0
83414,2020-04-28,75.0
83415,2020-04-29,75.0
83416,2020-04-30,75.0
83417,2020-05-01,75.0
83418,2020-05-02,75.0
83419,2020-05-03,75.0
83420,2020-05-04,75.0
83421,2020-05-05,75.0
83422,2020-05-06,75.0
83423,2020-05-07,75.0
83424,2020-05-08,75.0
83425,2020-05-09,75.0
83426,2020-05-10,75.0
83427,2020-05-11,75.0
83428,2020-05-12,75.0
83429,2020-05-13,75.0
83430,2020-05-14,75.0
83431,2020-05-15,75.0
83432,2020-05-16,75.0
83433,2020-05-17,75.0
83434,2020-05-18,75.0
83435,2020-05-19,75.0
83436,2020-05-20,75.0
83437,2020-05-21,75.0
83438,2020-05-22,75.0
83439,2020-05-23,75.0
83440,2020-05-24,75.0
83441,2020-05-25,75.0
83442,2020-05-26,75.0
83443,2020-05-27,75.0
83444,2020-05-28,75.0
83445,2020-05-29,75.0
83446,2020-05-30,75.0
83447,2020-05-31,75.0
83448,2020-06-01,75.0
83449,2020-06-02,75.0
83450,2020-06-03,75.0
83451,2020-06-04,75.0
83452,2020-06-05,75.0
83453,2020-06-06,75.0
83454,2020-06-07,75.0
83455,2020-06-08,75.0
83456,2020-06-09,75.0
83457,2020-06-10,75.0
83458,2020-06-11,75.0
83459,2020-06-12,75.0
83460,2020-06-13,75.0
83461,2020-06-14,75.0
83462,2020-06-15,75.0
83463,2020-06-16,75.0
83464,2020-06-17,75.0
83465,2020-06-18,75.0
83466,2020-06-19,75.0
83467,2020-06-20,75.0
83468,2020-06-21,75.0
83469,2020-06-22,75.0
83470,2020-06-23,75.0
83471,2020-06-24,75.0
83472,2020-06-25,75.0
83473,2020-06-26,75.0
83474,2020-06-27,75.0
83475,2020-06-28,75.0
83476,2020-06-29,75.0
83477,2020-06-30,75.0
83478,2020-07-01,50.0
83479,2020-07-02,50.0
83480,2020-07-03,50.0
83481,2020-07-04,50.0
83482,2020-07-05,50.0
83483,2020-07-06,50.0
83484,2020-07-07,50.0
83485,2020-07-08,50.0
83486,2020-07-09,50.0
83487,2020-07-10,50.0
83488,2020-07-11,50.0
83489,2020-07-12,50.0
83490,2020-07-13,50.0
83491,2020-07-14,50.0
83492,2020-07-15,50.0
83493,2020-07-16,50.0
83494,2020-07-17,50.0
83495,2020-07-18,50.0
83496,2020-07-19,50.0
83497,2020-07-20,50.0
83498,2020-07-21,50.0
83499,2020-07-22,50.0
83500,2020-07-23,50.0
83501,2020-07-24,50.0
83502,2020-07-25,50.0
83503,2020-07-26,50.0
83504,2020-07-27,50.0
83505,2020-07-28,50.0
83506,2020-07-29,50.0
83507,2020-07-30,50.0
83508,2020-07-31,50.0
83509,2020-08-01,50.0
83510,2020-08-02,50.0
83511,2020-08-03,50.0
83512,2020-08-04,50.0
83513,2020-08-05,50.0
83514,2020-08-06,50.0
83515,2020-08-07,50.0
83516,2020-08-08,50.0
83517,2020-08-09,50.0
83518,2020-08-10,50.0
83519,2020-08-11,50.0
83520,2020-08-12,50.0
83521,2020-08-13,50.0
83522,2020-08-14,50.0
83523,2020-08-15,50.0
83524,2020-08-16,50.0
83525,2020-08-17,50.0
83526,2020-08-18,50.0
83527,2020-08-19,50.0
83528,2020-08-20,50.0
83529,2020-08-21,50.0
83530,2020-08-22,50.0
83531,2020-08-23,50.0
83532,2020-08-24,50.0
83533,2020-08-25,50.0
83534,2020-08-26,50.0
83535,2020-08-27,50.0
83536,2020-08-28,50.0
83537,2020-08-29,50.0
83538,2020-08-30,50.0
83539,2020-08-31,50.0
83540,2020-09-01,50.0
83541,2020-09-02,50.0
83542,2020-09-03,50.0
83543,2020-09-04,50.0
83544,2020-09-05,50.0
83545,2020-09-06,50.0
83546,2020-09-07,50.0
83547,2020-09-08,50.0
83548,2020-09-09,50.0
83549,2020-09-10,50.0
83550,2020-09-11,50.0
83551,2020-09-12,50.0
83552,2020-09-13,50.0
83553,2020-09-14,50.0
83554,2020-09-15,50.0
83555,2020-09-16,50.0
83556,2020-09-17,50.0
83557,2020-09-18,50.0
83558,2020-09-19,50.0
83559,2020-09-20,50.0
83560,2020-09-21,50.0
83561,2020-09-22,50.0
83562,2020-09-23,50.0
83563,2020-09-24,50.0
83564,2020-09-25,50.0
83565,2020-09-26,50.0
83566,2020-09-27,50.0
83567,2020-09-28,50.0
83568,2020-09-29,50.0
83569,2020-09-30,50.0
83570,2020-10-01,50.0
83571,2020-10-02,50.0
83572,2020-10-03,50.0
83573,2020-10-04,50.0
83574,2020-10-05,50.0
83575,2020-10-06,50.0
83576,2020-10-07,50.0
83577,2020-10-08,50.0
83578,2020-10-09,50.0
83579,2020-10-10,50.0
83580,2020-10-11,50.0
83581,2020-10-12,50.0
83582,2020-10-13,50.0
83583,2020-10-14,50.0
83584,2020-10-15,50.0
83585,2020-10-16,50.0
83586,2020-10-17,50.0
83587,2020-10-18,50.0
83588,2020-10-19,50.0
83589,2020-10-20,50.0
83590,2020-10-21,50.0
83591,2020-10-22,50.0
83592,2020-10-23,50.0
83593,2020-10-24,50.0
83594,2020-10-25,50.0
83595,2020-10-26,50.0
83596,2020-10-27,50.0
83597,2020-10-28,50.0
83598,2020-10-29,50.0
83599,2020-10-30,50.0
83600,2020-10-31,50.0
83601,2020-11-01,50.0
83602,2020-11-02,50.0
83603,2020-11-03,50.0
83604,2020-11-04,50.0
83605,2020-11-05,50.0
83606,2020-11-06,50.0
83607,2020-11-07,50.0
83608,2020-11-08,50.0
83609,2020-11-09,50.0
83610,2020-11-10,50.0
83611,2020-11-11,50.0
83612,2020-11-12,50.0
83613,2020-11-13,50.0
83614,2020-11-14,50.0
83615,2020-11-15,50.0
83616,2020-11-16,50.0
83617,2020-11-17,50.0
83618,2020-11-18,50.0
83619,2020-11-19,50.0
83620,2020-11-20,50.0
83621,2020-11-21,50.0
83622,2020-11-22,50.0
83623,2020-11-23,50.0
83624,2020-11-24,50.0
83625,2020-11-25,50.0
83626,2020-11-26,50.0
83627,2020-11-27,50.0
83628,2020-11-28,50.0
83629,2020-11-29,50.0
83630,2020-11-30,50.0
83631,2020-12-01,50.0
83632,2020-12-02,50.0
83633,2020-12-03,50.0
83634,2020-12-04,50.0
83635,2020-12-05,50.0
83636,2020-12-06,50.0
83637,2020-12-07,50.0
83638,2020-12-08,50.0
83639,2020-12-09,50.0
83640,2020-12-10,50.0
83641,2020-12-11,50.0
83642,2020-12-12,50.0
83643,2020-12-13,50.0
83644,2020-12-14,50.0
83645,2020-12-15,50.0
83646,2020-12-16,50.0
83647,2020-12-17,50.0
83648,2020-12-18,50.0
83649,2020-12-19,50.0
83650,2020-12-20,50.0
83651,2020-12-21,50.0
83652,2020-12-22,50.0
83653,2020-12-23,50.0
83654,2020-12-24,50.0
83655,2020-12-25,50.0
83656,2020-12-26,50.0
83657,2020-12-27,50.0
83658,2020-12-28,50.0
83659,2020-12-29,50.0
83660,2020-12-30,50.0
83661,2020-12-31,50.0
83662,2021-01-01,50.0
83663,2021-01-02,50.0
83664,2021-01-03,50.0
83665,2021-01-04,50.0
83666,2021-01-05,50.0
83667,2021-01-06,50.0
83668,2021-01-07,50.0
83669,2021-01-08,50.0
83670,2021-01-09,50.0
83671,2021-01-10,50.0
83672,2021-01-11,50.0
83673,2021-01-12,50.0
83674,2021-01-13,50.0
83675,2021-01-14,50.0
83676,2021-01-15,50.0
83677,2021-01-16,50.0
83678,2021-01-17,50.0
83679,2021-01-18,50.0
83680,2021-01-19,50.0
83681,2021-01-20,50.0
83682,2021-01-21,50.0
83683,2021-01-22,50.0
83684,2021-01-23,50.0
83685,2021-01-24,50.0
83686,2021-01-25,50.0
83687,2021-01-26,50.0
83688,2021-01-27,50.0
83689,2021-01-28,50.0
83690,2021-01-29,50.0
83691,2021-01-30,50.0
83692,2021-01-31,50.0
83693,2021-02-01,50.0
83694,2021-02-02,50.0
83695,2021-02-03,50.0
83696,2021-02-04,50.0
83697,2021-02-05,50.0
83698,2021-02-06,50.0
83699,2021-02-07,50.0
83700,2021-02-08,50.0
83701,2021-02-09,50.0
83702,2021-02-10,50.0
83703,2021-02-11,50.0
83704,2021-02-12,50.0
83705,2021-02-13,50.0
83706,2021-02-14,50.0
83707,2021-02-15,50.0
83708,2021-02-16,50.0
83709,2021-02-17,50.0
83710,2021-02-18,50.0
83711,2021-02-19,50.0
83712,2021-02-20,50.0
83713,2021-02-21,50.0
83714,2021-02-22,50.0
83715,2021-02-23,50.0
83716,2021-02-24,50.0
83717,2021-02-25,50.0
83718,2021-02-26,50.0
83719,2021-02-27,50.0
83720,2021-02-28,50.0
83721,2021-03-01,50.0
83722,2021-03-02,50.0
83723,2021-03-03,50.0
83724,2021-03-04,50.0
83725,2021-03-05,50.0
83726,2021-03-06,50.0
83727,2021-03-07,50.0
83728,2021-03-08,50.0
83729,2021-03-09,50.0
83730,2021-03-10,50.0
83731,2021-03-11,50.0
83732,2021-03-12,50.0
83733,2021-03-13,50.0
83734,2021-03-14,50.0
83735,2021-03-15,50.0
83736,2021-03-16,50.0
83737,2021-03-17,50.0
83738,2021-03-18,50.0
83739,2021-03-19,50.0
83740,2021-03-20,50.0
83741,2021-03-21,50.0
83742,2021-03-22,50.0
83743,2021-03-23,50.0
83744,2021-03-24,50.0
83745,2021-03-25,50.0
83746,2021-03-26,50.0
83747,2021-03-27,50.0
83748,2021-03-28,50.0
83749,2021-03-29,50.0
83750,2021-03-30,50.0
83751,2021-03-31,50.0
83752,2021-04-01,0.0
83753,2021-04-02,0.0
83754,2021-04-03,0.0
83755,2021-04-04,0.0
83756,2021-04-05,0.0
83757,2021-04-06,0.0
83758,2021-04-07,0.0
83759,2021-04-08,0.0
83760,2021-04-09,0.0
83761,2021-04-10,0.0
83762,2021-04-11,0.0
83763,2021-04-12,0.0
83764,2021-04-13,0.0
83765,2021-04-14,0.0
83766,2021-04-15,0.0
83767,2021-04-16,0.0
83768,2021-04-17,0.0
83769,2021-04-18,0.0
83770,2021-04-19,0.0
83771,2021-04-20,0.0
83772,2021-04-21,0.0
83773,2021-04-22,0.0
83774,2021-04-23,0.0
83775,2021-04-24,0.0
83776,2021-04-25,0.0
83777,2021-04-26,0.0
83778,2021-04-27,0.0
83779,2021-04-28,0.0
83780,2021-04-29,0.0
83781,2021-04-30,0.0
83782,2021-05-01,0.0
83783,2021-05-02,0.0
83784,2021-05-03,0.0
83785,2021-05-04,0.0
83786,2021-05-05,25.0
83787,2021-05-06,25.0
83788,2021-05-07,25.0
83789,2021-05-08,25.0
83790,2021-05-09,25.0
83791,2021-05-10,25.0
83792,2021-05-11,25.0
83793,2021-05-12,25.0
83794,2021-05-13,25.0
83795,2021-05-14,25.0
83796,2021-05-15,25.0
83797,2021-05-16,25.0
83798,2021-05-17,25.0
83799,2021-05-18,25.0
83800,2021-05-19,25.0
83801,2021-05-20,25.0
83802,2021-05-21,25.0
83803,2021-05-22,25.0
83804,2021-05-23,25.0
83805,2021-05-24,25.0
83806,2021-05-25,25.0
83807,2021-05-26,25.0
83808,2021-05-27,25.0
83809,2021-05-28,25.0
83810,2021-05-29,25.0
83811,2021-05-30,25.0
83812,2021-05-31,25.0
83813,2021-06-01,25.0
83814,2021-06-02,25.0
83815,2021-06-03,25.0
83816,2021-06-04,25.0
83817,2021-06-05,25.0
83818,2021-06-06,25.0
83819,2021-06-07,25.0
83820,2021-06-08,25.0
83821,2021-06-09,25.0
83822,2021-06-10,25.0
83823,2021-06-11,25.0
83824,2021-06-12,25.0
83825,2021-06-13,25.0
83826,2021-06-14,25.0
83827,2021-06-15,25.0
83828,2021-06-16,25.0
83829,2021-06-17,25.0
83830,2021-06-18,25.0
83831,2021-06-19,25.0
83832,2021-06-20,25.0
83833,2021-06-21,25.0
83834,2021-06-22,25.0
83835,2021-06-23,25.0
83836,2021-06-24,25.0
83837,2021-06-25,25.0
83838,2021-06-26,25.0
83839,2021-06-27,25.0
83840,2021-06-28,25.0
83841,2021-06-29,25.0
83842,2021-06-30,25.0
83843,2021-07-01,25.0
83844,2021-07-02,25.0
83845,2021-07-03,25.0
83846,2021-07-04,25.0
83847,2021-07-05,25.0
83848,2021-07-06,25.0
83849,2021-07-07,25.0
83850,2021-07-08,25.0
83851,2021-07-09,25.0
83852,2021-07-10,25.0
83853,2021-07-11,25.0
83854,2021-07-12,25.0
83855,2021-07-13,25.0
83856,2021-07-14,25.0
83857,2021-07-15,25.0
83858,2021-07-16,25.0
83859,2021-07-17,25.0
83860,2021-07-18,25.0
83861,2021-07-19,25.0
83862,2021-07-20,25.0
83863,2021-07-21,25.0
83864,2021-07-22,25.0
83865,2021-07-23,25.0
83866,2021-07-24,25.0
83867,2021-07-25,25.0
83868,2021-07-26,25.0
83869,2021-07-27,25.0
83870,2021-07-28,25.0
83871,2021-07-29,25.0
83872,2021-07-30,25.0
83873,2021-07-31,25.0
83874,2021-08-01,25.0
83875,2021-08-02,25.0
83876,2021-08-03,25.0
83877,2021-08-04,25.0
83878,2021-08-05,25.0
83879,2021-08-06,25.0
83880,2021-08-07,25.0
83881,2021-08-08,25.0
83882,2021-08-09,25.0
83883,2021-08-10,25.0
83884,2021-08-11,25.0
83885,2021-08-12,25.0
83886,2021-08-13,25.0
83887,2021-08-14,25.0
83888,2021-08-15,25.0
83889,2021-08-16,25.0
83890,2021-08-17,25.0
83891,2021-08-18,25.0
83892,2021-08-19,25.0
83893,2021-08-20,25.0
83894,2021-08-21,25.0
83895,2021-08-22,25.0
83896,2021-08-23,25.0
83897,2021-08-24,25.0
83898,2021-08-25,25.0
83899,2021-08-26,25.0
83900,2021-08-27,25.0
83901,2021-08-28,25.0
83902,2021-08-29,25.0
83903,2021-08-30,25.0
83904,2021-08-31,25.0
83905,2021-09-01,25.0
83906,2021-09-02,25.0
83907,2021-09-03,25.0
83908,2021-09-04,25.0
83909,2021-09-05,25.0
83910,2021-09-06,25.0
83911,2021-09-07,25.0
83912,2021-09-08,25.0
83913,2021-09-09,25.0
83914,2021-09-10,25.0
83915,2021-09-11,25.0
83916,2021-09-12,25.0
83917,2021-09-13,25.0
83918,2021-09-14,25.0
83919,2021-09-15,25.0
83920,2021-09-16,25.0
83921,2021-09-17,25.0
83922,2021-09-18,25.0
83923,2021-09-19,25.0
83924,2021-09-20,25.0
83925,2021-09-21,25.0
83926,2021-09-22,25.0
83927,2021-09-23,25.0
83928,2021-09-24,25.0
83929,2021-09-25,25.0
83930,2021-09-26,25.0
83931,2021-09-27,25.0
83932,2021-09-28,25.0
83933,2021-09-29,25.0
83934,2021-09-30,25.0
83935,2021-10-01,25.0
83936,2021-10-02,25.0
83937,2021-10-03,25.0
83938,2021-10-04,25.0
83939,2021-10-05,25.0
83940,2021-10-06,25.0
83941,2021-10-07,25.0
83942,2021-10-08,25.0
83943,2021-10-09,25.0
83944,2021-10-10,25.0
83945,2021-10-11,25.0
83946,2021-10-12,25.0
83947,2021-10-13,25.0
83948,2021-10-14,25.0
83949,2021-10-15,25.0
83950,2021-10-16,25.0
83951,2021-10-17,25.0
83952,2021-10-18,25.0
83953,2021-10-19,25.0
83954,2021-10-20,25.0
83955,2021-10-21,25.0
83956,2021-10-22,25.0
83957,2021-10-23,25.0
83958,2021-10-24,25.0
83959,2021-10-25,25.0
83960,2021-10-26,25.0
83961,2021-10-27,25.0
83962,2021-10-28,25.0
83963,2021-10-29,25.0
83964,2021-10-30,25.0
83965,2021-10-31,25.0
83966,2021-11-01,25.0
83967,2021-11-02,25.0
83968,2021-11-03,25.0
83969,2021-11-04,25.0
83970,2021-11-05,25.0
83971,2021-11-06,25.0
83972,2021-11-07,25.0
83973,2021-11-08,25.0
83974,2021-11-09,25.0
83975,2021-11-10,25.0
83976,2021-11-11,25.0
83977,2021-11-12,25.0
83978,2021-11-13,25.0
83979,2021-11-14,25.0
83980,2021-11-15,25.0
83981,2021-11-16,25.0
83982,2021-11-17,25.0
83983,2021-11-18,25.0
83984,2021-11-19,25.0
83985,2021-11-20,25.0
83986,2021-11-21,25.0
83987,2021-11-22,25.0
83988,2021-11-23,25.0
83989,2021-11-24,25.0
83990,2021-11-25,25.0
83991,2021-11-26,25.0
83992,2021-11-27,25.0
83993,2021-11-28,25.0
83994,2021-11-29,25.0
83995,2021-11-30,25.0
83996,2021-12-01,25.0
83997,2021-12-02,25.0
83998,2021-12-03,25.0
83999,2021-12-04,25.0
84000,2021-12-05,25.0
84001,2021-12-06,25.0
84002,2021-12-07,25.0
84003,2021-12-08,25.0
84004,2021-12-09,25.0
84005,2021-12-10,25.0
84006,2021-12-11,25.0
84007,2021-12-12,25.0
84008,2021-12-13,25.0
84009,2021-12-14,25.0
84010,2021-12-15,25.0
84011,2021-12-16,25.0
84012,2021-12-17,25.0
84013,2021-12-18,25.0
84014,2021-12-19,25.0
84015,2021-12-20,25.0
84016,2021-12-21,25.0
84017,2021-12-22,25.0
84018,2021-12-23,25.0
84019,2021-12-24,25.0
84020,2021-12-25,25.0
84021,2021-12-26,25.0
84022,2021-12-27,25.0
84023,2021-12-28,25.0
84024,2021-12-29,25.0
84025,2021-12-30,25.0
84026,2021-12-31,25.0
84027,2022-01-01,25.0
84028,2022-01-02,25.0
84029,2022-01-03,25.0
84030,2022-01-04,25.0
84031,2022-01-05,25.0
84032,2022-01-06,25.0
84033,2022-01-07,25.0
84034,2022-01-08,25.0
84035,2022-01-09,25.0
84036,2022-01-10,25.0
84037,2022-01-11,25.0
84038,2022-01-12,25.0
84039,2022-01-13,25.0
84040,2022-01-14,25.0
84041,2022-01-15,25.0
84042,2022-01-16,25.0
84043,2022-01-17,25.0
84044,2022-01-18,25.0
84045,2022-01-19,25.0
84046,2022-01-20,25.0
84047,2022-01-21,25.0
84048,2022-01-22,25.0
84049,2022-01-23,25.0
84050,2022-01-24,25.0
84051,2022-01-25,25.0
84052,2022-01-26,25.0
84053,2022-01-27,25.0
84054,2022-01-28,25.0
84055,2022-01-29,25.0
84056,2022-01-30,25.0
84057,2022-01-31,25.0
84058,2022-02-01,25.0
84059,2022-02-02,25.0
84060,2022-02-03,25.0
84061,2022-02-04,25.0
84062,2022-02-05,25.0
84063,2022-02-06,25.0
84064,2022-02-07,25.0
84065,2022-02-08,25.0
84066,2022-02-09,25.0
84067,2022-02-10,25.0
84068,2022-02-11,25.0
84069,2022-02-12,25.0
84070,2022-02-13,25.0
84071,2022-02-14,25.0
84072,2022-02-15,25.0
84073,2022-02-16,25.0
84074,2022-02-17,25.0
84075,2022-02-18,25.0
84076,2022-02-19,25.0
84077,2022-02-20,25.0
84078,2022-02-21,25.0
84079,2022-02-22,25.0
84080,2022-02-23,25.0
84081,2022-02-24,25.0
84082,2022-02-25,25.0
84083,2022-02-26,25.0
84084,2022-02-27,25.0
84085,2022-02-28,25.0
84086,2022-03-01,25.0
84087,2022-03-02,25.0
84088,2022-03-03,25.0
84089,2022-03-04,25.0
84090,2022-03-05,25.0
84091,2022-03-06,25.0
84092,2022-03-07,25.0
84093,2022-03-08,25.0
84094,2022-03-09,25.0
84095,2022-03-10,25.0
84096,2022-03-11,25.0
84097,2022-03-12,25.0
84098,2022-03-13,25.0
84099,2022-03-14,25.0
84100,2022-03-15,25.0
84101,2022-03-16,25.0
84102,2022-03-17,25.0
84103,2022-03-18,25.0
84104,2022-03-19,25.0
84105,2022-03-20,25.0
84106,2022-03-21,25.0
84107,2022-03-22,25.0
84108,2022-03-23,25.0
84109,2022-03-24,25.0
84110,2022-03-25,25.0
84111,2022-03-26,25.0
84112,2022-03-27,25.0
84113,2022-03-28,25.0
84114,2022-03-29,25.0
84115,2022-03-30,25.0
84116,2022-03-31,25.0
84117,2022-04-01,25.0
84118,2022-04-02,25.0
84119,2022-04-03,25.0
84120,2022-04-04,25.0
84121,2022-04-05,25.0
84122,2022-04-06,25.0
84123,2022-04-07,25.0
84124,2022-04-08,25.0
84125,2022-04-09,25.0
84126,2022-04-10,25.0
84127,2022-04-11,25.0
84128,2022-04-12,25.0
84129,2022-04-13,25.0
84130,2022-04-14,25.0
84131,2022-04-15,25.0
84132,2022-04-16,25.0
84133,2022-04-17,25.0
84134,2022-04-18,25.0
84135,2022-04-19,25.0
84136,2022-04-20,25.0
84137,2022-04-21,25.0
84138,2022-04-22,25.0
84139,2022-04-23,25.0
84140,2022-04-24,25.0
84141,2022-04-25,25.0
84142,2022-04-26,25.0
84143,2022-04-27,25.0
84144,2022-04-28,25.0
84145,2022-04-29,25.0
84146,2022-04-30,25.0
84147,2022-05-01,25.0
84148,2022-05-02,25.0
84149,2022-05-03,25.0
84150,2022-05-04,25.0
84151,2022-05-05,25.0
84152,2022-05-06,25.0
84153,2022-05-07,25.0
84154,2022-05-08,25.0
84155,2022-05-09,25.0
84156,2022-05-10,25.0
84157,2022-05-11,25.0
84158,2022-05-12,25.0
84159,2022-05-13,25.0
84160,2022-05-14,25.0
84161,2022-05-15,25.0
84162,2022-05-16,25.0
84163,2022-05-17,25.0
84164,2022-05-18,25.0
84165,2022-05-19,25.0
84166,2022-05-20,25.0
84167,2022-05-21,25.0
84168,2022-05-22,25.0
84169,2022-05-23,25.0
84170,2022-05-24,25.0
84171,2022-05-25,25.0
84172,2022-05-26,25.0
84173,2022-05-27,25.0
84174,2022-05-28,25.0
84175,2022-05-29,25.0
84176,2022-05-30,25.0
84177,2022-05-31,25.0
84178,2022-06-01,25.0
84179,2022-06-02,25.0
84180,2022-06-03,25.0
84181,2022-06-04,25.0
84182,2022-06-05,25.0
84183,2022-06-06,25.0
84184,2022-06-07,25.0
84185,2022-06-08,25.0
84186,2022-06-09,25.0
84187,2022-06-10,25.0
84188,2022-06-11,25.0
84189,2022-06-12,25.0
84190,2022-06-13,25.0
84191,2022-06-14,25.0
84192,2022-06-15,25.0
84193,2022-06-16,25.0
84194,2022-06-17,25.0
84195,2022-06-18,25.0
84196,2022-06-19,25.0
84197,2022-06-20,25.0
84198,2022-06-21,25.0
84199,2022-06-22,25.0
84200,2022-06-23,25.0
84201,2022-06-24,25.0
84202,2022-06-25,25.0
84203,2022-06-26,25.0
84204,2022-06-27,25.0
84205,2022-06-28,25.0
84206,2022-06-29,25.0
84207,2022-06-30,25.0
84208,2022-07-01,25.0
84209,2022-07-02,25.0
84210,2022-07-03,25.0
84211,2022-07-04,25.0
84212,2022-07-05,25.0
84213,2022-07-06,25.0
84214,2022-07-07,25.0
84215,2022-07-08,25.0
84216,2022-07-09,25.0
84217,2022-07-10,25.0
84218,2022-07-11,25.0
84219,2022-07-12,25.0
84220,2022-07-13,25.0
84221,2022-07-14,25.0
84222,2022-07-15,25.0
84223,2022-07-16,25.0
84224,2022-07-17,25.0
84225,2022-07-18,25.0
84226,2022-07-19,25.0
84227,2022-07-20,25.0
84228,2022-07-21,25.0
84229,2022-07-22,25.0
84230,2022-07-23,25.0
84231,2022-07-24,25.0
84232,2022-07-25,25.0
84233,2022-07-26,25.0
84234,2022-07-27,25.0
84235,2022-07-28,25.0
84236,2022-07-29,25.0
84237,2022-07-30,25.0
84238,2022-07-31,25.0
84239,2022-08-01,25.0
84240,2022-08-02,0.0
84241,2022-08-03,0.0
84242,2022-08-04,0.0
84243,2022-08-05,0.0
84244,2022-08-06,0.0
84245,2022-08-07,0.0
84246,2022-08-08,0.0
84247,2022-08-09,0.0
84248,2022-08-10,0.0
84249,2022-08-11,0.0
84250,2022-08-12,0.0
84251,2022-08-13,0.0
84252,2022-08-14,0.0
84253,2022-08-15,0.0
84254,2022-08-16,0.0
84255,2022-08-17,0.0
84256,2022-08-18,0.0
84257,2022-08-19,0.0
84258,2022-08-20,0.0
84259,2022-08-21,0.0
84260,2022-08-22,0.0
84261,2022-08-23,0.0
84262,2022-08-24,0.0
84263,2022-08-25,0.0
84264,2022-08-26,0.0
84265,2022-08-27,0.0
84266,2022-08-28,0.0
84267,2022-08-29,0.0
84268,2022-08-30,0.0
84269,2022-08-31,0.0
84270,2022-09-01,0.0
84271,2022-09-02,0.0
84272,2022-09-03,0.0
84273,2022-09-04,0.0
84274,2022-09-05,0.0
84275,2022-09-06,0.0
84276,2022-09-07,0.0
84277,2022-09-08,0.0
84278,2022-09-09,0.0
84279,2022-09-10,0.0
84280,2022-09-11,0.0
84281,2022-09-12,0.0
84282,2022-09-13,0.0
84283,2022-09-14,0.0
84284,2022-09-15,0.0
84285,2022-09-16,0.0
84286,2022-09-17,0.0
84287,2022-09-18,0.0
84288,2022-09-19,0.0
84289,2022-09-20,0.0
84290,2022-09-21,0.0
84291,2022-09-22,0.0
84292,2022-09-23,0.0
84293,2022-09-24,0.0
84294,2022-09-25,0.0
84295,2022-09-26,0.0
84296,2022-09-27,0.0
84297,2022-09-28,0.0
84298,2022-09-29,0.0
84299,2022-09-30,0.0
84300,2022-10-01,0.0
84301,2022-10-02,0.0
84302,2022-10-03,0.0
84303,2022-10-04,0.0
84304,2022-10-05,0.0
84305,2022-10-06,0.0
84306,2022-10-07,0.0
84307,2022-10-08,0.0
84308,2022-10-09,0.0
84309,2022-10-10,0.0
84310,2022-10-11,0.0
84311,2022-10-12,0.0
84312,2022-10-13,0.0
84313,2022-10-14,0.0
84314,2022-10-15,0.0
84315,2022-10-16,0.0
84316,2022-10-17,0.0
84317,2022-10-18,0.0
84318,2022-10-19,0.0
84319,2022-10-20,0.0
84320,2022-10-21,0.0
84321,2022-10-22,0.0
84322,2022-10-23,0.0
84323,2022-10-24,0.0
84324,2022-10-25,0.0
84325,2022-10-26,0.0
84326,2022-10-27,0.0
84327,2022-10-28,0.0
84328,2022-10-29,0.0
84329,2022-10-30,0.0
84330,2022-10-31,0.0
84331,2022-11-01,0.0
84332,2022-11-02,0.0
84333,2022-11-03,0.0
84334,2022-11-04,0.0
84335,2022-11-05,0.0
84336,2022-11-06,0.0
84337,2022-11-07,0.0
84338,2022-11-08,0.0
84339,2022-11-09,0.0
84340,2022-11-10,0.0
84341,2022-11-11,0.0
84342,2022-11-12,0.0
84343,2022-11-13,0.0
84344,2022-11-14,0.0
84345,2022-11-15,0.0
84346,2022-11-16,0.0
84347,2022-11-17,0.0
84348,2022-11-18,0.0
84349,2022-11-19,0.0
84350,2022-11-20,0.0
84351,2022-11-21,0.0
84352,2022-11-22,0.0
84353,2022-11-23,0.0
84354,2022-11-24,0.0
84355,2022-11-25,0.0
84356,2022-11-26,0.0
84357,2022-11-27,0.0
84358,2022-11-28,0.0
84359,2022-11-29,0.0
84360,2022-11-30,0.0
84361,2022-12-01,0.0
84362,2022-12-02,0.0
84363,2022-12-03,0.0
84364,2022-12-04,0.0
84365,2022-12-05,0.0
84366,2022-12-06,0.0
84367,2022-12-07,0.0
84368,2022-12-08,0.0
84369,2022-12-09,0.0
84370,2022-12-10,0.0
84371,2022-12-11,0.0
84372,2022-12-12,0.0
84373,2022-12-13,0.0
84374,2022-12-14,0.0
84375,2022-12-15,0.0
84376,2022-12-16,0.0
84377,2022-12-17,0.0
84378,2022-12-18,0.0
84379,2022-12-19,0.0
84380,2022-12-20,0.0
84381,2022-12-21,0.0
84382,2022-12-22,0.0
84383,2022-12-23,0.0
84384,2022-12-24,0.0
84385,2022-12-25,0.0
84386,2022-12-26,0.0
84387,2022-12-27,0.0
84388,2022-12-28,0.0
84389,2022-12-29,0.0
84390,2022-12-30,0.0
84391,2022-12-31,0.0
191800,2020-01-01,0.0
191801,2020-01-02,0.0
191802,2020-01-03,0.0
191803,2020-01-04,0.0
191804,2020-01-05,0.0
191805,2020-01-06,0.0
191806,2020-01-07,0.0
191807,2020-01-08,0.0
191808,2020-01-09,0.0
191809,2020-01-10,0.0
191810,2020-01-11,0.0
191811,2020-01-12,0.0
191812,2020-01-13,0.0
191813,2020-01-14,0.0
191814,2020-01-15,0.0
191815,2020-01-16,0.0
191816,2020-01-17,0.0
191817,2020-01-18,0.0
191818,2020-01-19,0.0
191819,2020-01-20,0.0
191820,2020-01-21,0.0
191821,2020-01-22,0.0
191822,2020-01-23,0.0
191823,2020-01-24,0.0
191824,2020-01-25,0.0
191825,2020-01-26,0.0
191826,2020-01-27,0.0
191827,2020-01-28,0.0
191828,2020-01-29,0.0
191829,2020-01-30,0.0
191830,2020-01-31,0.0
191831,2020-02-01,0.0
191832,2020-02-02,0.0
191833,2020-02-03,0.0
191834,2020-02-04,0.0
191835,2020-02-05,0.0
191836,2020-02-06,0.0
191837,2020-02-07,0.0
191838,2020-02-08,0.0
191839,2020-02-09,0.0
191840,2020-02-10,0.0
191841,2020-02-11,0.0
191842,2020-02-12,0.0
191843,2020-02-13,0.0
191844,2020-02-14,0.0
191845,2020-02-15,0.0
191846,2020-02-16,0.0
191847,2020-02-17,0.0
191848,2020-02-18,0.0
191849,2020-02-19,0.0
191850,2020-02-20,0.0
191851,2020-02-21,0.0
191852,2020-02-22,0.0
191853,2020-02-23,0.0
191854,2020-02-24,0.0
191855,2020-02-25,0.0
191856,2020-02-26,0.0
191857,2020-02-27,0.0
191858,2020-02-28,0.0
191859,2020-02-29,0.0
191860,2020-03-01,0.0
191861,2020-03-02,0.0
191862,2020-03-03,0.0
191863,2020-03-04,0.0
191864,2020-03-05,0.0
191865,2020-03-06,0.0
191866,2020-03-07,0.0
191867,2020-03-08,0.0
191868,2020-03-09,0.0
191869,2020-03-10,0.0
191870,2020-03-11,0.0
191871,2020-03-12,0.0
191872,2020-03-13,0.0
191873,2020-03-14,0.0
191874,2020-03-15,0.0
191875,2020-03-16,0.0
191876,2020-03-17,0.0
191877,2020-03-18,0.0
191878,2020-03-19,0.0
191879,2020-03-20,0.0
191880,2020-03-21,0.0
191881,2020-03-22,0.0
191882,2020-03-23,0.0
191883,2020-03-24,0.0
191884,2020-03-25,0.0
191885,2020-03-26,0.0
191886,2020-03-27,62.5
191887,2020-03-28,62.5
191888,2020-03-29,62.5
191889,2020-03-30,62.5
191890,2020-03-31,62.5
191891,2020-04-01,62.5
191892,2020-04-02,62.5
191893,2020-04-03,62.5
191894,2020-04-04,62.5
191895,2020-04-05,62.5
191896,2020-04-06,62.5
191897,2020-04-07,62.5
191898,2020-04-08,62.5
191899,2020-04-09,62.5
191900,2020-04-10,62.5
191901,2020-04-11,62.5
191902,2020-04-12,62.5
191903,2020-04-13,62.5
191904,2020-04-14,62.5
191905,2020-04-15,62.5
191906,2020-04-16,62.5
191907,2020-04-17,62.5
191908,2020-04-18,62.5
191909,2020-04-19,62.5
191910,2020-04-20,62.5
191911,2020-04-21,62.5
191912,2020-04-22,62.5
191913,2020-04-23,62.5
191914,2020-04-24,62.5
191915,2020-04-25,62.5
191916,2020-04-26,62.5
191917,2020-04-27,62.5
191918,2020-04-28,62.5
191919,2020-04-29,62.5
191920,2020-04-30,62.5
191921,2020-05-01,62.5
191922,2020-05-02,62.5
191923,2020-05-03,62.5
191924,2020-05-04,62.5
191925,2020-05-05,62.5
191926,2020-05-06,62.5
191927,2020-05-07,62.5
191928,2020-05-08,62.5
191929,2020-05-09,62.5
191930,2020-05-10,62.5
191931,2020-05-11,62.5
191932,2020-05-12,62.5
191933,2020-05-13,62.5
191934,2020-05-14,62.5
191935,2020-05-15,62.5
191936,2020-05-16,62.5
191937,2020-05-17,62.5
191938,2020-05-18,62.5
191939,2020-05-19,62.5
191940,2020-05-20,62.5
191941,2020-05-21,62.5
191942,2020-05-22,62.5
191943,2020-05-23,62.5
191944,2020-05-24,62.5
191945,2020-05-25,62.5
191946,2020-05-26,62.5
191947,2020-05-27,62.5
191948,2020-05-28,62.5
191949,2020-05-29,62.5
191950,2020-05-30,62.5
191951,2020-05-31,62.5
191952,2020-06-01,62.5
191953,2020-06-02,62.5
191954,2020-06-03,62.5
191955,2020-06-04,62.5
191956,2020-06-05,62.5
191957,2020-06-06,62.5
191958,2020-06-07,62.5
191959,2020-06-08,62.5
191960,2020-06-09,62.5
191961,2020-06-10,62.5
191962,2020-06-11,62.5
191963,2020-06-12,62.5
191964,2020-06-13,62.5
191965,2020-06-14,62.5
191966,2020-06-15,62.5
191967,2020-06-16,62.5
191968,2020-06-17,62.5
191969,2020-06-18,62.5
191970,2020-06-19,62.5
191971,2020-06-20,62.5
191972,2020-06-21,62.5
191973,2020-06-22,62.5
191974,2020-06-23,62.5
191975,2020-06-24,62.5
191976,2020-06-25,62.5
191977,2020-06-26,62.5
191978,2020-06-27,62.5
191979,2020-06-28,62.5
191980,2020-06-29,62.5
191981,2020-06-30,62.5
191982,2020-07-01,62.5
191983,2020-07-02,62.5
191984,2020-07-03,62.5
191985,2020-07-04,62.5
191986,2020-07-05,62.5
191987,2020-07-06,62.5
191988,2020-07-07,62.5
191989,2020-07-08,62.5
191990,2020-07-09,62.5
191991,2020-07-10,62.5
191992,2020-07-11,62.5
191993,2020-07-12,62.5
191994,2020-07-13,62.5
191995,2020-07-14,62.5
191996,2020-07-15,62.5
191997,2020-07-16,62.5
191998,2020-07-17,62.5
191999,2020-07-18,62.5
192000,2020-07-19,62.5
192001,2020-07-20,62.5
192002,2020-07-21,62.5
192003,2020-07-22,62.5
192004,2020-07-23,62.5
192005,2020-07-24,62.5
192006,2020-07-25,62.5
192007,2020-07-26,62.5
192008,2020-07-27,62.5
192009,2020-07-28,62.5
192010,2020-07-29,62.5
192011,2020-07-30,62.5
192012,2020-07-31,62.5
192013,2020-08-01,62.5
192014,2020-08-02,62.5
192015,2020-08-03,62.5
192016,2020-08-04,62.5
192017,2020-08-05,62.5
192018,2020-08-06,62.5
192019,2020-08-07,62.5
192020,2020-08-08,62.5
192021,2020-08-09,62.5
192022,2020-08-10,62.5
192023,2020-08-11,62.5
192024,2020-08-12,62.5
192025,2020-08-13,62.5
192026,2020-08-14,62.5
192027,2020-08-15,62.5
192028,2020-08-16,62.5
192029,2020-08-17,62.5
192030,2020-08-18,62.5
192031,2020-08-19,62.5
192032,2020-08-20,62.5
192033,2020-08-21,62.5
192034,2020-08-22,62.5
192035,2020-08-23,62.5
192036,2020-08-24,62.5
192037,2020-08-25,62.5
192038,2020-08-26,62.5
192039,2020-08-27,62.5
192040,2020-08-28,62.5
192041,2020-08-29,62.5
192042,2020-08-30,62.5
192043,2020-08-31,62.5
192044,2020-09-01,62.5
192045,2020-09-02,62.5
192046,2020-09-03,62.5
192047,2020-09-04,62.5
192048,2020-09-05,62.5
192049,2020-09-06,62.5
192050,2020-09-07,62.5
192051,2020-09-08,62.5
192052,2020-09-09,62.5
192053,2020-09-10,62.5
192054,2020-09-11,62.5
192055,2020-09-12,62.5
192056,2020-09-13,62.5
192057,2020-09-14,62.5
192058,2020-09-15,62.5
192059,2020-09-16,62.5
192060,2020-09-17,62.5
192061,2020-09-18,62.5
192062,2020-09-19,62.5
192063,2020-09-20,62.5
192064,2020-09-21,62.5
192065,2020-09-22,62.5
192066,2020-09-23,62.5
192067,2020-09-24,62.5
192068,2020-09-25,62.5
192069,2020-09-26,62.5
192070,2020-09-27,62.5
192071,2020-09-28,62.5
192072,2020-09-29,62.5
192073,2020-09-30,62.5
192074,2020-10-01,62.5
192075,2020-10-02,62.5
192076,2020-10-03,62.5
192077,2020-10-04,62.5
192078,2020-10-05,62.5
192079,2020-10-06,62.5
192080,2020-10-07,62.5
192081,2020-10-08,62.5
192082,2020-10-09,62.5
192083,2020-10-10,62.5
192084,2020-10-11,62.5
192085,2020-10-12,62.5
192086,2020-10-13,62.5
192087,2020-10-14,62.5
192088,2020-10-15,62.5
192089,2020-10-16,62.5
192090,2020-10-17,62.5
192091,2020-10-18,62.5
192092,2020-10-19,62.5
192093,2020-10-20,62.5
192094,2020-10-21,62.5
192095,2020-10-22,62.5
192096,2020-10-23,62.5
192097,2020-10-24,62.5
192098,2020-10-25,62.5
192099,2020-10-26,62.5
192100,2020-10-27,62.5
192101,2020-10-28,62.5
192102,2020-10-29,62.5
192103,2020-10-30,62.5
192104,2020-10-31,62.5
192105,2020-11-01,62.5
192106,2020-11-02,62.5
192107,2020-11-03,62.5
192108,2020-11-04,62.5
192109,2020-11-05,62.5
192110,2020-11-06,62.5
192111,2020-11-07,62.5
192112,2020-11-08,62.5
192113,2020-11-09,62.5
192114,2020-11-10,62.5
192115,2020-11-11,62.5
192116,2020-11-12,62.5
192117,2020-11-13,62.5
192118,2020-11-14,62.5
192119,2020-11-15,62.5
192120,2020-11-16,62.5
192121,2020-11-17,62.5
192122,2020-11-18,62.5
192123,2020-11-19,62.5
192124,2020-11-20,62.5
192125,2020-11-21,62.5
192126,2020-11-22,62.5
192127,2020-11-23,62.5
192128,2020-11-24,62.5
192129,2020-11-25,62.5
192130,2020-11-26,62.5
192131,2020-11-27,62.5
192132,2020-11-28,62.5
192133,2020-11-29,62.5
192134,2020-11-30,62.5
192135,2020-12-01,62.5
192136,2020-12-02,62.5
192137,2020-12-03,62.5
192138,2020-12-04,62.5
192139,2020-12-05,62.5
192140,2020-12-06,62.5
192141,2020-12-07,62.5
192142,2020-12-08,62.5
192143,2020-12-09,62.5
192144,2020-12-10,62.5
192145,2020-12-11,62.5
192146,2020-12-12,62.5
192147,2020-12-13,62.5
192148,2020-12-14,62.5
192149,2020-12-15,62.5
192150,2020-12-16,62.5
192151,2020-12-17,62.5
192152,2020-12-18,62.5
192153,2020-12-19,62.5
192154,2020-12-20,62.5
192155,2020-12-21,62.5
192156,2020-12-22,62.5
192157,2020-12-23,62.5
192158,2020-12-24,62.5
192159,2020-12-25,62.5
192160,2020-12-26,62.5
192161,2020-12-27,62.5
192162,2020-12-28,62.5
192163,2020-12-29,62.5
192164,2020-12-30,62.5
192165,2020-12-31,62.5
192166,2021-01-01,62.5
192167,2021-01-02,62.5
192168,2021-01-03,62.5
192169,2021-01-04,62.5
192170,2021-01-05,62.5
192171,2021-01-06,62.5
192172,2021-01-07,62.5
192173,2021-01-08,62.5
192174,2021-01-09,62.5
192175,2021-01-10,62.5
192176,2021-01-11,62.5
192177,2021-01-12,62.5
192178,2021-01-13,62.5
192179,2021-01-14,62.5
192180,2021-01-15,62.5
192181,2021-01-16,62.5
192182,2021-01-17,62.5
192183,2021-01-18,62.5
192184,2021-01-19,62.5
192185,2021-01-20,62.5
192186,2021-01-21,62.5
192187,2021-01-22,62.5
192188,2021-01-23,62.5
192189,2021-01-24,62.5
192190,2021-01-25,62.5
192191,2021-01-26,62.5
192192,2021-01-27,62.5
192193,2021-01-28,62.5
192194,2021-01-29,62.5
192195,2021-01-30,62.5
192196,2021-01-31,62.5
192197,2021-02-01,62.5
192198,2021-02-02,62.5
192199,2021-02-03,62.5
192200,2021-02-04,62.5
192201,2021-02-05,62.5
192202,2021-02-06,62.5
192203,2021-02-07,62.5
192204,2021-02-08,62.5
192205,2021-02-09,62.5
192206,2021-02-10,62.5
192207,2021-02-11,62.5
192208,2021-02-12,62.5
192209,2021-02-13,62.5
192210,2021-02-14,62.5
192211,2021-02-15,62.5
192212,2021-02-16,62.5
192213,2021-02-17,62.5
192214,2021-02-18,62.5
192215,2021-02-19,62.5
192216,2021-02-20,62.5
192217,2021-02-21,62.5
192218,2021-02-22,62.5
192219,2021-02-23,62.5
192220,2021-02-24,62.5
192221,2021-02-25,62.5
192222,2021-02-26,62.5
192223,2021-02-27,62.5
192224,2021-02-28,62.5
192225,2021-03-01,62.5
192226,2021-03-02,62.5
192227,2021-03-03,62.5
192228,2021-03-04,62.5
192229,2021-03-05,62.5
192230,2021-03-06,62.5
192231,2021-03-07,62.5
192232,2021-03-08,62.5
192233,2021-03-09,62.5
192234,2021-03-10,62.5
192235,2021-03-11,62.5
192236,2021-03-12,62.5
192237,2021-03-13,62.5
192238,2021-03-14,62.5
192239,2021-03-15,62.5
192240,2021-03-16,62.5
192241,2021-03-17,62.5
192242,2021-03-18,62.5
192243,2021-03-19,62.5
192244,2021-03-20,62.5
192245,2021-03-21,62.5
192246,2021-03-22,62.5
192247,2021-03-23,62.5
192248,2021-03-24,62.5
192249,2021-03-25,62.5
192250,2021-03-26,62.5
192251,2021-03-27,62.5
192252,2021-03-28,62.5
192253,2021-03-29,62.5
192254,2021-03-30,62.5
192255,2021-03-31,62.5
192256,2021-04-01,62.5
192257,2021-04-02,62.5
192258,2021-04-03,62.5
192259,2021-04-04,62.5
192260,2021-04-05,62.5
192261,2021-04-06,62.5
192262,2021-04-07,62.5
192263,2021-04-08,62.5
192264,2021-04-09,62.5
192265,2021-04-10,62.5
192266,2021-04-11,62.5
192267,2021-04-12,62.5
192268,2021-04-13,62.5
192269,2021-04-14,62.5
192270,2021-04-15,62.5
192271,2021-04-16,62.5
192272,2021-04-17,62.5
192273,2021-04-18,62.5
192274,2021-04-19,62.5
192275,2021-04-20,62.5
192276,2021-04-21,62.5
192277,2021-04-22,62.5
192278,2021-04-23,62.5
192279,2021-04-24,62.5
192280,2021-04-25,62.5
192281,2021-04-26,62.5
192282,2021-04-27,62.5
192283,2021-04-28,62.5
192284,2021-04-29,62.5
192285,2021-04-30,62.5
192286,2021-05-01,62.5
192287,2021-05-02,62.5
192288,2021-05-03,62.5
192289,2021-05-04,62.5
192290,2021-05-05,62.5
192291,2021-05-06,62.5
192292,2021-05-07,62.5
192293,2021-05-08,62.5
192294,2021-05-09,50.0
192295,2021-05-10,50.0
192296,2021-05-11,50.0
192297,2021-05-12,50.0
192298,2021-05-13,50.0
192299,2021-05-14,50.0
192300,2021-05-15,50.0
192301,2021-05-16,50.0
192302,2021-05-17,50.0
192303,2021-05-18,50.0
192304,2021-05-19,50.0
192305,2021-05-20,50.0
192306,2021-05-21,50.0
192307,2021-05-22,50.0
192308,2021-05-23,50.0
192309,2021-05-24,50.0
192310,2021-05-25,50.0
192311,2021-05-26,50.0
192312,2021-05-27,50.0
192313,2021-05-28,50.0
192314,2021-05-29,50.0
192315,2021-05-30,50.0
192316,2021-05-31,50.0
192317,2021-06-01,50.0
192318,2021-06-02,50.0
192319,2021-06-03,50.0
192320,2021-06-04,50.0
192321,2021-06-05,50.0
192322,2021-06-06,50.0
192323,2021-06-07,50.0
192324,2021-06-08,50.0
192325,2021-06-09,50.0
192326,2021-06-10,50.0
192327,2021-06-11,50.0
192328,2021-06-12,50.0
192329,2021-06-13,50.0
192330,2021-06-14,50.0
192331,2021-06-15,50.0
192332,2021-06-16,50.0
192333,2021-06-17,50.0
192334,2021-06-18,50.0
192335,2021-06-19,50.0
192336,2021-06-20,50.0
192337,2021-06-21,50.0
192338,2021-06-22,50.0
192339,2021-06-23,50.0
192340,2021-06-24,50.0
192341,2021-06-25,50.0
192342,2021-06-26,50.0
192343,2021-06-27,50.0
192344,2021-06-28,50.0
192345,2021-06-29,50.0
192346,2021-06-30,50.0
192347,2021-07-01,50.0
192348,2021-07-02,50.0
192349,2021-07-03,50.0
192350,2021-07-04,50.0
192351,2021-07-05,50.0
192352,2021-07-06,50.0
192353,2021-07-07,50.0
192354,2021-07-08,50.0
192355,2021-07-09,50.0
192356,2021-07-10,50.0
192357,2021-07-11,50.0
192358,2021-07-12,50.0
192359,2021-07-13,50.0
192360,2021-07-14,50.0
192361,2021-07-15,37.5
192362,2021-07-16,37.5
192363,2021-07-17,37.5
192364,2021-07-18,37.5
192365,2021-07-19,37.5
192366,2021-07-20,37.5
192367,2021-07-21,37.5
192368,2021-07-22,37.5
192369,2021-07-23,37.5
192370,2021-07-24,37.5
192371,2021-07-25,37.5
192372,2021-07-26,37.5
192373,2021-07-27,37.5
192374,2021-07-28,37.5
192375,2021-07-29,37.5
192376,2021-07-30,37.5
192377,2021-07-31,37.5
192378,2021-08-01,12.5
192379,2021-08-02,12.5
192380,2021-08-03,37.5
192381,2021-08-04,37.5
192382,2021-08-05,37.5
192383,2021-08-06,37.5
192384,2021-08-07,37.5
192385,2021-08-08,37.5
192386,2021-08-09,37.5
192387,2021-08-10,37.5
192388,2021-08-11,37.5
192389,2021-08-12,37.5
192390,2021-08-13,37.5
192391,2021-08-14,37.5
192392,2021-08-15,37.5
192393,2021-08-16,37.5
192394,2021-08-17,37.5
192395,2021-08-18,37.5
192396,2021-08-19,37.5
192397,2021-08-20,37.5
192398,2021-08-21,37.5
192399,2021-08-22,37.5
192400,2021-08-23,37.5
192401,2021-08-24,37.5
192402,2021-08-25,37.5
192403,2021-08-26,37.5
192404,2021-08-27,37.5
192405,2021-08-28,37.5
192406,2021-08-29,37.5
192407,2021-08-30,37.5
192408,2021-08-31,37.5
192409,2021-09-01,37.5
192410,2021-09-02,37.5
192411,2021-09-03,37.5
192412,2021-09-04,37.5
192413,2021-09-05,25.0
192414,2021-09-06,25.0
192415,2021-09-07,25.0
192416,2021-09-08,25.0
192417,2021-09-09,25.0
192418,2021-09-10,25.0
192419,2021-09-11,25.0
192420,2021-09-12,25.0
192421,2021-09-13,25.0
192422,2021-09-14,25.0
192423,2021-09-15,25.0
192424,2021-09-16,25.0
192425,2021-09-17,25.0
192426,2021-09-18,25.0
192427,2021-09-19,25.0
192428,2021-09-20,25.0
192429,2021-09-21,25.0
192430,2021-09-22,25.0
192431,2021-09-23,25.0
192432,2021-09-24,25.0
192433,2021-09-25,25.0
192434,2021-09-26,25.0
192435,2021-09-27,25.0
192436,2021-09-28,25.0
192437,2021-09-29,25.0
192438,2021-09-30,25.0
192439,2021-10-01,25.0
192440,2021-10-02,25.0
192441,2021-10-03,25.0
192442,2021-10-04,0.0
192443,2021-10-05,0.0
192444,2021-10-06,0.0
192445,2021-10-07,0.0
192446,2021-10-08,0.0
192447,2021-10-09,0.0
192448,2021-10-10,0.0
192449,2021-10-11,0.0
192450,2021-10-12,0.0
192451,2021-10-13,0.0
192452,2021-10-14,0.0
192453,2021-10-15,0.0
192454,2021-10-16,0.0
192455,2021-10-17,0.0
192456,2021-10-18,0.0
192457,2021-10-19,0.0
192458,2021-10-20,0.0
192459,2021-10-21,0.0
192460,2021-10-22,0.0
192461,2021-10-23,0.0
192462,2021-10-24,0.0
192463,2021-10-25,0.0
192464,2021-10-26,0.0
192465,2021-10-27,0.0
192466,2021-10-28,0.0
192467,2021-10-29,0.0
192468,2021-10-30,0.0
192469,2021-10-31,0.0
192470,2021-11-01,0.0
192471,2021-11-02,0.0
192472,2021-11-03,0.0
192473,2021-11-04,0.0
192474,2021-11-05,0.0
192475,2021-11-06,0.0
192476,2021-11-07,0.0
192477,2021-11-08,0.0
192478,2021-11-09,0.0
192479,2021-11-10,0.0
192480,2021-11-11,0.0
192481,2021-11-12,0.0
192482,2021-11-13,0.0
192483,2021-11-14,0.0
192484,2021-11-15,0.0
192485,2021-11-16,0.0
192486,2021-11-17,0.0
192487,2021-11-18,0.0
192488,2021-11-19,0.0
192489,2021-11-20,0.0
192490,2021-11-21,0.0
192491,2021-11-22,0.0
192492,2021-11-23,0.0
192493,2021-11-24,0.0
192494,2021-11-25,0.0
192495,2021-11-26,0.0
192496,2021-11-27,0.0
192497,2021-11-28,0.0
192498,2021-11-29,0.0
192499,2021-11-30,0.0
192500,2021-12-01,0.0
192501,2021-12-02,0.0
192502,2021-12-03,0.0
192503,2021-12-04,0.0
192504,2021-12-05,0.0
192505,2021-12-06,0.0
192506,2021-12-07,0.0
192507,2021-12-08,0.0
192508,2021-12-09,0.0
192509,2021-12-10,0.0
192510,2021-12-11,0.0
192511,2021-12-12,0.0
192512,2021-12-13,0.0
192513,2021-12-14,0.0
192514,2021-12-15,0.0
192515,2021-12-16,0.0
192516,2021-12-17,0.0
192517,2021-12-18,0.0
192518,2021-12-19,0.0
192519,2021-12-20,0.0
192520,2021-12-21,0.0
192521,2021-12-22,0.0
192522,2021-12-23,0.0
192523,2021-12-24,0.0
192524,2021-12-25,0.0
192525,2021-12-26,0.0
192526,2021-12-27,0.0
192527,2021-12-28,0.0
192528,2021-12-29,0.0
192529,2021-12-30,0.0
192530,2021-12-31,0.0
192531,2022-01-01,0.0
192532,2022-01-02,0.0
192533,2022-01-03,0.0
192534,2022-01-04,0.0
192535,2022-01-05,0.0
192536,2022-01-06,0.0
192537,2022-01-07,0.0
192538,2022-01-08,0.0
192539,2022-01-09,0.0
192540,2022-01-10,0.0
192541,2022-01-11,0.0
192542,2022-01-12,0.0
192543,2022-01-13,0.0
192544,2022-01-14,0.0
192545,2022-01-15,0.0
192546,2022-01-16,0.0
192547,2022-01-17,0.0
192548,2022-01-18,0.0
192549,2022-01-19,0.0
192550,2022-01-20,0.0
192551,2022-01-21,0.0
192552,2022-01-22,0.0
192553,2022-01-23,0.0
192554,2022-01-24,0.0
192555,2022-01-25,0.0
192556,2022-01-26,0.0
192557,2022-01-27,0.0
192558,2022-01-28,0.0
192559,2022-01-29,0.0
192560,2022-01-30,0.0
192561,2022-01-31,0.0
192562,2022-02-01,0.0
192563,2022-02-02,0.0
192564,2022-02-03,0.0
192565,2022-02-04,0.0
192566,2022-02-05,0.0
192567,2022-02-06,0.0
192568,2022-02-07,0.0
192569,2022-02-08,0.0
192570,2022-02-09,0.0
192571,2022-02-10,0.0
192572,2022-02-11,0.0
192573,2022-02-12,0.0
192574,2022-02-13,0.0
192575,2022-02-14,0.0
192576,2022-02-15,0.0
192577,2022-02-16,0.0
192578,2022-02-17,0.0
192579,2022-02-18,0.0
192580,2022-02-19,0.0
192581,2022-02-20,0.0
192582,2022-02-21,0.0
192583,2022-02-22,0.0
192584,2022-02-23,0.0
192585,2022-02-24,0.0
192586,2022-02-25,0.0
192587,2022-02-26,0.0
192588,2022-02-27,0.0
192589,2022-02-28,0.0
192590,2022-03-01,0.0
192591,2022-03-02,0.0
192592,2022-03-03,0.0
192593,2022-03-04,0.0
192594,2022-03-05,0.0
192595,2022-03-06,0.0
192596,2022-03-07,0.0
192597,2022-03-08,0.0
192598,2022-03-09,0.0
192599,2022-03-10,0.0
192600,2022-03-11,0.0
192601,2022-03-12,0.0
192602,2022-03-13,0.0
192603,2022-03-14,0.0
192604,2022-03-15,0.0
192605,2022-03-16,0.0
192606,2022-03-17,0.0
192607,2022-03-18,0.0
192608,2022-03-19,0.0
192609,2022-03-20,0.0
192610,2022-03-21,0.0
192611,2022-03-22,0.0
192612,2022-03-23,0.0
192613,2022-03-24,0.0
192614,2022-03-25,0.0
192615,2022-03-26,0.0
192616,2022-03-27,0.0
192617,2022-03-28,0.0
192618,2022-03-29,0.0
192619,2022-03-30,0.0
192620,2022-03-31,0.0
192621,2022-04-01,0.0
192622,2022-04-02,0.0
192623,2022-04-03,0.0
192624,2022-04-04,0.0
192625,2022-04-05,0.0
192626,2022-04-06,0.0
192627,2022-04-07,0.0
192628,2022-04-08,0.0
192629,2022-04-09,0.0
192630,2022-04-10,0.0
192631,2022-04-11,0.0
192632,2022-04-12,0.0
192633,2022-04-13,0.0
192634,2022-04-14,0.0
192635,2022-04-15,0.0
192636,2022-04-16,0.0
192637,2022-04-17,0.0
192638,2022-04-18,0.0
192639,2022-04-19,0.0
192640,2022-04-20,0.0
192641,2022-04-21,0.0
192642,2022-04-22,0.0
192643,2022-04-23,0.0
192644,2022-04-24,0.0
192645,2022-04-25,0.0
192646,2022-04-26,0.0
192647,2022-04-27,0.0
192648,2022-04-28,0.0
192649,2022-04-29,0.0
192650,2022-04-30,0.0
192651,2022-05-01,0.0
192652,2022-05-02,0.0
192653,2022-05-03,0.0
192654,2022-05-04,0.0
192655,2022-05-05,0.0
192656,2022-05-06,0.0
192657,2022-05-07,0.0
192658,2022-05-08,0.0
192659,2022-05-09,0.0
192660,2022-05-10,0.0
192661,2022-05-11,0.0
192662,2022-05-12,0.0
192663,2022-05-13,0.0
192664,2022-05-14,0.0
192665,2022-05-15,0.0
192666,2022-05-16,0.0
192667,2022-05-17,0.0
192668,2022-05-18,0.0
192669,2022-05-19,0.0
192670,2022-05-20,0.0
192671,2022-05-21,0.0
192672,2022-05-22,0.0
192673,2022-05-23,0.0
192674,2022-05-24,0.0
192675,2022-05-25,0.0
192676,2022-05-26,0.0
192677,2022-05-27,0.0
192678,2022-05-28,0.0
192679,2022-05-29,0.0
192680,2022-05-30,0.0
192681,2022-05-31,0.0
192682,2022-06-01,0.0
192683,2022-06-02,0.0
192684,2022-06-03,0.0
192685,2022-06-04,0.0
192686,2022-06-05,0.0
192687,2022-06-06,0.0
192688,2022-06-07,0.0
192689,2022-06-08,0.0
192690,2022-06-09,0.0
192691,2022-06-10,0.0
192692,2022-06-11,0.0
192693,2022-06-12,0.0
192694,2022-06-13,0.0
192695,2022-06-14,0.0
192696,2022-06-15,0.0
192697,2022-06-16,0.0
192698,2022-06-17,0.0
192699,2022-06-18,0.0
192700,2022-06-19,0.0
192701,2022-06-20,0.0
192702,2022-06-21,0.0
192703,2022-06-22,0.0
192704,2022-06-23,0.0
192705,2022-06-24,0.0
192706,2022-06-25,0.0
192707,2022-06-26,0.0
192708,2022-06-27,0.0
192709,2022-06-28,0.0
192710,2022-06-29,0.0
192711,2022-06-30,0.0
192712,2022-07-01,0.0
192713,2022-07-02,0.0
192714,2022-07-03,0.0
192715,2022-07-04,0.0
192716,2022-07-05,0.0
192717,2022-07-06,0.0
192718,2022-07-07,0.0
192719,2022-07-08,0.0
192720,2022-07-09,0.0
192721,2022-07-10,0.0
192722,2022-07-11,0.0
192723,2022-07-12,0.0
192724,2022-07-13,0.0
192725,2022-07-14,0.0
192726,2022-07-15,0.0
192727,2022-07-16,0.0
192728,2022-07-17,0.0
192729,2022-07-18,0.0
192730,2022-07-19,0.0
192731,2022-07-20,0.0
192732,2022-07-21,0.0
192733,2022-07-22,0.0
192734,2022-07-23,0.0
192735,2022-07-24,0.0
192736,2022-07-25,0.0
192737,2022-07-26,0.0
192738,2022-07-27,0.0
192739,2022-07-28,0.0
192740,2022-07-29,0.0
192741,2022-07-30,0.0
192742,2022-07-31,0.0
192743,2022-08-01,0.0
192744,2022-08-02,0.0
192745,2022-08-03,0.0
192746,2022-08-04,0.0
192747,2022-08-05,0.0
192748,2022-08-06,0.0
192749,2022-08-07,0.0
192750,2022-08-08,0.0
192751,2022-08-09,0.0
192752,2022-08-10,0.0
192753,2022-08-11,0.0
192754,2022-08-12,0.0
192755,2022-08-13,0.0
192756,2022-08-14,0.0
192757,2022-08-15,0.0
192758,2022-08-16,0.0
192759,2022-08-17,0.0
192760,2022-08-18,0.0
192761,2022-08-19,0.0
192762,2022-08-20,0.0
192763,2022-08-21,0.0
192764,2022-08-22,0.0
192765,2022-08-23,0.0
192766,2022-08-24,0.0
192767,2022-08-25,0.0
192768,2022-08-26,0.0
192769,2022-08-27,0.0
192770,2022-08-28,0.0
192771,2022-08-29,0.0
192772,2022-08-30,0.0
192773,2022-08-31,0.0
192774,2022-09-01,0.0
192775,2022-09-02,0.0
192776,2022-09-03,0.0
192777,2022-09-04,0.0
192778,2022-09-05,0.0
192779,2022-09-06,0.0
192780,2022-09-07,0.0
192781,2022-09-08,0.0
192782,2022-09-09,0.0
192783,2022-09-10,0.0
192784,2022-09-11,0.0
192785,2022-09-12,0.0
192786,2022-09-13,0.0
192787,2022-09-14,0.0
192788,2022-09-15,0.0
192789,2022-09-16,0.0
192790,2022-09-17,0.0
192791,2022-09-18,0.0
192792,2022-09-19,0.0
192793,2022-09-20,0.0
192794,2022-09-21,0.0
192795,2022-09-22,0.0
192796,2022-09-23,0.0
192797,2022-09-24,0.0
192798,2022-09-25,0.0
192799,2022-09-26,0.0
192800,2022-09-27,0.0
192801,2022-09-28,0.0
192802,2022-09-29,0.0
192803,2022-09-30,0.0
192804,2022-10-01,0.0
192805,2022-10-02,0.0
192806,2022-10-03,0.0
192807,2022-10-04,0.0
192808,2022-10-05,0.0
192809,2022-10-06,0.0
192810,2022-10-07,0.0
192811,2022-10-08,0.0
192812,2022-10-09,0.0
192813,2022-10-10,0.0
192814,2022-10-11,0.0
192815,2022-10-12,0.0
192816,2022-10-13,0.0
192817,2022-10-14,0.0
192818,2022-10-15,0.0
192819,2022-10-16,0.0
192820,2022-10-17,0.0
192821,2022-10-18,0.0
192822,2022-10-19,0.0
192823,2022-10-20,0.0
192824,2022-10-21,0.0
192825,2022-10-22,0.0
192826,2022-10-23,0.0
192827,2022-10-24,0.0
192828,2022-10-25,0.0
192829,2022-10-26,0.0
192830,2022-10-27,0.0
192831,2022-10-28,0.0
192832,2022-10-29,0.0
192833,2022-10-30,0.0
192834,2022-10-31,0.0
192835,2022-11-01,0.0
192836,2022-11-02,0.0
192837,2022-11-03,0.0
192838,2022-11-04,0.0
192839,2022-11-05,0.0
192840,2022-11-06,0.0
192841,2022-11-07,0.0
192842,2022-11-08,0.0
192843,2022-11-09,0.0
192844,2022-11-10,0.0
192845,2022-11-11,0.0
192846,2022-11-12,0.0
192847,2022-11-13,0.0
192848,2022-11-14,0.0
192849,2022-11-15,0.0
192850,2022-11-16,0.0
192851,2022-11-17,0.0
192852,2022-11-18,0.0
192853,2022-11-19,0.0
192854,2022-11-20,0.0
192855,2022-11-21,0.0
192856,2022-11-22,0.0
192857,2022-11-23,0.0
192858,2022-11-24,0.0
192859,2022-11-25,0.0
192860,2022-11-26,0.0
192861,2022-11-27,0.0
192862,2022-11-28,0.0
192863,2022-11-29,0.0
192864,2022-11-30,0.0
192865,2022-12-01,0.0
192866,2022-12-02,0.0
192867,2022-12-03,0.0
192868,2022-12-04,0.0
192869,2022-12-05,0.0
192870,2022-12-06,0.0
192871,2022-12-07,0.0
192872,2022-12-08,0.0
192873,2022-12-09,0.0
192874,2022-12-10,0.0
192875,2022-12-11,0.0
192876,2022-12-12,0.0
192877,2022-12-13,0.0
192878,2022-12-14,0.0
192879,2022-12-15,0.0
192880,2022-12-16,0.0
192881,2022-12-17,0.0
192882,2022-12-18,0.0
192883,2022-12-19,0.0
192884,2022-12-20,0.0
192885,2022-12-21,0.0
192886,2022-12-22,0.0
192887,2022-12-23,0.0
192888,2022-12-24,0.0
192889,2022-12-25,0.0
192890,2022-12-26,0.0
192891,2022-12-27,0.0
192892,2022-12-28,0.0
192893,2022-12-29,0.0
192894,2022-12-30,0.0
192895,2022-12-31,0.0
