,date,goverment_response_index_average
35072,2020-01-01,5.99
35073,2020-01-02,5.99
35074,2020-01-03,5.99
35075,2020-01-04,5.99
35076,2020-01-05,10.68
35077,2020-01-06,10.68
35078,2020-01-07,10.68
35079,2020-01-08,10.68
35080,2020-01-09,10.68
35081,2020-01-10,10.68
35082,2020-01-11,10.68
35083,2020-01-12,10.68
35084,2020-01-13,10.68
35085,2020-01-14,10.68
35086,2020-01-15,13.8
35087,2020-01-16,13.8
35088,2020-01-17,13.8
35089,2020-01-18,13.8
35090,2020-01-19,13.8
35091,2020-01-20,14.58
35092,2020-01-21,16.15
35093,2020-01-22,27.08
35094,2020-01-23,37.5
35095,2020-01-24,37.5
35096,2020-01-25,39.06
35097,2020-01-26,51.56
35098,2020-01-27,51.56
35099,2020-01-28,55.73
35100,2020-01-29,55.73
35101,2020-01-30,55.73
35102,2020-01-31,55.73
35103,2020-02-01,59.9
35104,2020-02-02,59.9
35105,2020-02-03,59.9
35106,2020-02-04,59.9
35107,2020-02-05,59.9
35108,2020-02-06,59.9
35109,2020-02-07,59.9
35110,2020-02-08,59.9
35111,2020-02-09,59.9
35112,2020-02-10,58.85
35113,2020-02-11,58.85
35114,2020-02-12,58.85
35115,2020-02-13,58.85
35116,2020-02-14,58.85
35117,2020-02-15,58.85
35118,2020-02-16,60.94
35119,2020-02-17,60.94
35120,2020-02-18,60.94
35121,2020-02-19,60.94
35122,2020-02-20,60.94
35123,2020-02-21,60.94
35124,2020-02-22,60.94
35125,2020-02-23,60.94
35126,2020-02-24,60.94
35127,2020-02-25,64.06
35128,2020-02-26,64.06
35129,2020-02-27,64.06
35130,2020-02-28,64.06
35131,2020-02-29,64.06
35132,2020-03-01,64.06
35133,2020-03-02,64.06
35134,2020-03-03,64.06
35135,2020-03-04,64.06
35136,2020-03-05,64.06
35137,2020-03-06,64.06
35138,2020-03-07,64.06
35139,2020-03-08,64.06
35140,2020-03-09,64.06
35141,2020-03-10,64.06
35142,2020-03-11,64.06
35143,2020-03-12,64.06
35144,2020-03-13,64.06
35145,2020-03-14,64.06
35146,2020-03-15,64.06
35147,2020-03-16,63.02
35148,2020-03-17,63.02
35149,2020-03-18,63.02
35150,2020-03-19,63.02
35151,2020-03-20,63.02
35152,2020-03-21,63.02
35153,2020-03-22,63.02
35154,2020-03-23,63.02
35155,2020-03-24,62.24
35156,2020-03-25,62.24
35157,2020-03-26,63.8
35158,2020-03-27,63.8
35159,2020-03-28,59.11
35160,2020-03-29,59.11
35161,2020-03-30,59.11
35162,2020-03-31,61.2
35163,2020-04-01,61.2
35164,2020-04-02,61.2
35165,2020-04-03,59.11
35166,2020-04-04,59.11
35167,2020-04-05,59.11
35168,2020-04-06,59.11
35169,2020-04-07,59.11
35170,2020-04-08,51.82
35171,2020-04-09,51.82
35172,2020-04-10,51.82
35173,2020-04-11,53.39
35174,2020-04-12,53.39
35175,2020-04-13,53.39
35176,2020-04-14,53.39
35177,2020-04-15,53.39
35178,2020-04-16,53.39
35179,2020-04-17,53.39
35180,2020-04-18,53.39
35181,2020-04-19,53.39
35182,2020-04-20,53.39
35183,2020-04-21,53.39
35184,2020-04-22,53.39
35185,2020-04-23,53.39
35186,2020-04-24,53.39
35187,2020-04-25,53.39
35188,2020-04-26,53.39
35189,2020-04-27,53.39
35190,2020-04-28,53.39
35191,2020-04-29,53.39
35192,2020-04-30,53.39
35193,2020-05-01,53.39
35194,2020-05-02,53.39
35195,2020-05-03,53.39
35196,2020-05-04,53.39
35197,2020-05-05,53.39
35198,2020-05-06,53.39
35199,2020-05-07,53.39
35200,2020-05-08,53.39
35201,2020-05-09,53.39
35202,2020-05-10,67.45
35203,2020-05-11,67.45
35204,2020-05-12,67.45
35205,2020-05-13,67.45
35206,2020-05-14,67.45
35207,2020-05-15,67.45
35208,2020-05-16,67.45
35209,2020-05-17,67.45
35210,2020-05-18,67.45
35211,2020-05-19,67.45
35212,2020-05-20,67.45
35213,2020-05-21,70.57
35214,2020-05-22,70.57
35215,2020-05-23,70.57
35216,2020-05-24,70.57
35217,2020-05-25,70.57
35218,2020-05-26,70.57
35219,2020-05-27,70.57
35220,2020-05-28,70.57
35221,2020-05-29,70.57
35222,2020-05-30,70.57
35223,2020-05-31,70.57
35224,2020-06-01,70.57
35225,2020-06-02,70.57
35226,2020-06-03,68.49
35227,2020-06-04,68.49
35228,2020-06-05,68.49
35229,2020-06-06,68.49
35230,2020-06-07,68.49
35231,2020-06-08,68.49
35232,2020-06-09,68.49
35233,2020-06-10,68.49
35234,2020-06-11,68.49
35235,2020-06-12,68.49
35236,2020-06-13,68.49
35237,2020-06-14,68.49
35238,2020-06-15,68.49
35239,2020-06-16,68.49
35240,2020-06-17,68.49
35241,2020-06-18,68.49
35242,2020-06-19,68.49
35243,2020-06-20,68.49
35244,2020-06-21,68.49
35245,2020-06-22,68.49
35246,2020-06-23,68.49
35247,2020-06-24,68.49
35248,2020-06-25,68.49
35249,2020-06-26,68.49
35250,2020-06-27,68.49
35251,2020-06-28,68.49
35252,2020-06-29,68.49
35253,2020-06-30,68.49
35254,2020-07-01,68.49
35255,2020-07-02,68.49
35256,2020-07-03,68.49
35257,2020-07-04,68.49
35258,2020-07-05,68.49
35259,2020-07-06,68.49
35260,2020-07-07,68.49
35261,2020-07-08,68.49
35262,2020-07-09,68.49
35263,2020-07-10,68.49
35264,2020-07-11,68.49
35265,2020-07-12,68.49
35266,2020-07-13,68.49
35267,2020-07-14,68.49
35268,2020-07-15,68.49
35269,2020-07-16,68.49
35270,2020-07-17,68.49
35271,2020-07-18,68.49
35272,2020-07-19,68.49
35273,2020-07-20,68.49
35274,2020-07-21,68.49
35275,2020-07-22,68.49
35276,2020-07-23,68.49
35277,2020-07-24,68.49
35278,2020-07-25,68.49
35279,2020-07-26,68.49
35280,2020-07-27,68.49
35281,2020-07-28,68.49
35282,2020-07-29,68.49
35283,2020-07-30,68.49
35284,2020-07-31,68.49
35285,2020-08-01,68.49
35286,2020-08-02,68.49
35287,2020-08-03,68.49
35288,2020-08-04,68.49
35289,2020-08-05,68.49
35290,2020-08-06,68.49
35291,2020-08-07,68.49
35292,2020-08-08,68.49
35293,2020-08-09,68.49
35294,2020-08-10,68.49
35295,2020-08-11,68.49
35296,2020-08-12,68.49
35297,2020-08-13,68.49
35298,2020-08-14,68.49
35299,2020-08-15,68.49
35300,2020-08-16,68.49
35301,2020-08-17,68.49
35302,2020-08-18,68.49
35303,2020-08-19,68.49
35304,2020-08-20,68.49
35305,2020-08-21,68.49
35306,2020-08-22,68.49
35307,2020-08-23,68.49
35308,2020-08-24,68.49
35309,2020-08-25,68.49
35310,2020-08-26,68.49
35311,2020-08-27,68.49
35312,2020-08-28,68.49
35313,2020-08-29,68.49
35314,2020-08-30,68.49
35315,2020-08-31,68.49
35316,2020-09-01,68.49
35317,2020-09-02,55.47
35318,2020-09-03,55.47
35319,2020-09-04,50.78
35320,2020-09-05,50.78
35321,2020-09-06,50.78
35322,2020-09-07,50.78
35323,2020-09-08,50.78
35324,2020-09-09,50.78
35325,2020-09-10,50.78
35326,2020-09-11,50.78
35327,2020-09-12,50.78
35328,2020-09-13,50.78
35329,2020-09-14,50.78
35330,2020-09-15,70.57
35331,2020-09-16,70.57
35332,2020-09-17,70.57
35333,2020-09-18,70.57
35334,2020-09-19,70.57
35335,2020-09-20,70.57
35336,2020-09-21,66.93
35337,2020-09-22,64.84
35338,2020-09-23,60.16
35339,2020-09-24,60.16
35340,2020-09-25,60.16
35341,2020-09-26,54.95
35342,2020-09-27,54.95
35343,2020-09-28,54.95
35344,2020-09-29,54.95
35345,2020-09-30,54.95
35346,2020-10-01,54.95
35347,2020-10-02,54.95
35348,2020-10-03,54.95
35349,2020-10-04,54.95
35350,2020-10-05,54.95
35351,2020-10-06,54.95
35352,2020-10-07,54.95
35353,2020-10-08,54.95
35354,2020-10-09,54.95
35355,2020-10-10,53.91
35356,2020-10-11,53.91
35357,2020-10-12,59.11
35358,2020-10-13,59.11
35359,2020-10-14,59.11
35360,2020-10-15,59.11
35361,2020-10-16,59.11
35362,2020-10-17,59.11
35363,2020-10-18,59.11
35364,2020-10-19,59.11
35365,2020-10-20,59.11
35366,2020-10-21,59.11
35367,2020-10-22,59.11
35368,2020-10-23,59.11
35369,2020-10-24,72.92
35370,2020-10-25,72.92
35371,2020-10-26,72.92
35372,2020-10-27,72.92
35373,2020-10-28,72.92
35374,2020-10-29,72.92
35375,2020-10-30,68.75
35376,2020-10-31,65.62
35377,2020-11-01,65.62
35378,2020-11-02,65.62
35379,2020-11-03,65.62
35380,2020-11-04,65.62
35381,2020-11-05,65.62
35382,2020-11-06,65.62
35383,2020-11-07,65.62
35384,2020-11-08,65.62
35385,2020-11-09,65.62
35386,2020-11-10,65.62
35387,2020-11-11,65.62
35388,2020-11-12,65.62
35389,2020-11-13,65.62
35390,2020-11-14,65.62
35391,2020-11-15,65.62
35392,2020-11-16,65.62
35393,2020-11-17,65.62
35394,2020-11-18,65.62
35395,2020-11-19,65.62
35396,2020-11-20,72.92
35397,2020-11-21,72.92
35398,2020-11-22,72.92
35399,2020-11-23,72.92
35400,2020-11-24,76.04
35401,2020-11-25,76.04
35402,2020-11-26,76.04
35403,2020-11-27,76.04
35404,2020-11-28,76.04
35405,2020-11-29,76.04
35406,2020-11-30,76.04
35407,2020-12-01,76.04
35408,2020-12-02,76.04
35409,2020-12-03,76.04
35410,2020-12-04,76.04
35411,2020-12-05,76.04
35412,2020-12-06,76.04
35413,2020-12-07,76.04
35414,2020-12-08,73.96
35415,2020-12-09,73.96
35416,2020-12-10,73.96
35417,2020-12-11,73.96
35418,2020-12-12,73.96
35419,2020-12-13,73.96
35420,2020-12-14,73.96
35421,2020-12-15,75.21
35422,2020-12-16,75.21
35423,2020-12-17,75.21
35424,2020-12-18,75.21
35425,2020-12-19,75.21
35426,2020-12-20,75.21
35427,2020-12-21,75.21
35428,2020-12-22,75.21
35429,2020-12-23,75.21
35430,2020-12-24,75.21
35431,2020-12-25,75.21
35432,2020-12-26,75.21
35433,2020-12-27,75.21
35434,2020-12-28,75.21
35435,2020-12-29,75.21
35436,2020-12-30,75.21
35437,2020-12-31,75.21
35438,2021-01-01,75.21
35439,2021-01-02,75.21
35440,2021-01-03,75.21
35441,2021-01-04,75.21
35442,2021-01-05,75.21
35443,2021-01-06,75.21
35444,2021-01-07,75.21
35445,2021-01-08,75.21
35446,2021-01-09,75.21
35447,2021-01-10,75.21
35448,2021-01-11,75.21
35449,2021-01-12,75.21
35450,2021-01-13,75.21
35451,2021-01-14,75.21
35452,2021-01-15,75.21
35453,2021-01-16,75.21
35454,2021-01-17,75.21
35455,2021-01-18,75.21
35456,2021-01-19,75.21
35457,2021-01-20,75.21
35458,2021-01-21,75.21
35459,2021-01-22,75.21
35460,2021-01-23,75.21
35461,2021-01-24,75.21
35462,2021-01-25,75.21
35463,2021-01-26,75.21
35464,2021-01-27,75.21
35465,2021-01-28,75.21
35466,2021-01-29,75.21
35467,2021-01-30,75.21
35468,2021-01-31,75.21
35469,2021-02-01,75.21
35470,2021-02-02,75.21
35471,2021-02-03,75.21
35472,2021-02-04,75.21
35473,2021-02-05,75.21
35474,2021-02-06,75.21
35475,2021-02-07,75.21
35476,2021-02-08,75.21
35477,2021-02-09,75.21
35478,2021-02-10,75.21
35479,2021-02-11,75.21
35480,2021-02-12,75.21
35481,2021-02-13,75.21
35482,2021-02-14,75.21
35483,2021-02-15,75.21
35484,2021-02-16,75.21
35485,2021-02-17,75.21
35486,2021-02-18,75.21
35487,2021-02-19,75.21
35488,2021-02-20,75.21
35489,2021-02-21,75.21
35490,2021-02-22,63.49
35491,2021-02-23,63.49
35492,2021-02-24,63.49
35493,2021-02-25,63.49
35494,2021-02-26,63.49
35495,2021-02-27,63.49
35496,2021-02-28,63.49
35497,2021-03-01,60.36
35498,2021-03-02,60.36
35499,2021-03-03,61.61
35500,2021-03-04,61.61
35501,2021-03-05,61.61
35502,2021-03-06,61.61
35503,2021-03-07,61.61
35504,2021-03-08,61.61
35505,2021-03-09,61.61
35506,2021-03-10,61.61
35507,2021-03-11,61.61
35508,2021-03-12,61.61
35509,2021-03-13,61.61
35510,2021-03-14,61.61
35511,2021-03-15,59.01
35512,2021-03-16,59.01
35513,2021-03-17,59.01
35514,2021-03-18,59.01
35515,2021-03-19,59.01
35516,2021-03-20,59.01
35517,2021-03-21,59.01
35518,2021-03-22,59.01
35519,2021-03-23,61.51
35520,2021-03-24,61.51
35521,2021-03-25,61.51
35522,2021-03-26,61.51
35523,2021-03-27,61.51
35524,2021-03-28,61.51
35525,2021-03-29,57.6
35526,2021-03-30,57.6
35527,2021-03-31,60.73
35528,2021-04-01,60.73
35529,2021-04-02,60.73
35530,2021-04-03,60.73
35531,2021-04-04,60.73
35532,2021-04-05,76.61
35533,2021-04-06,76.61
35534,2021-04-07,76.61
35535,2021-04-08,76.61
35536,2021-04-09,76.61
35537,2021-04-10,76.61
35538,2021-04-11,76.61
35539,2021-04-12,76.61
35540,2021-04-13,76.61
35541,2021-04-14,76.61
35542,2021-04-15,76.61
35543,2021-04-16,76.61
35544,2021-04-17,76.61
35545,2021-04-18,76.61
35546,2021-04-19,76.61
35547,2021-04-20,76.61
35548,2021-04-21,76.61
35549,2021-04-22,76.61
35550,2021-04-23,76.61
35551,2021-04-24,76.61
35552,2021-04-25,76.61
35553,2021-04-26,76.61
35554,2021-04-27,76.61
35555,2021-04-28,76.61
35556,2021-04-29,76.61
35557,2021-04-30,76.61
35558,2021-05-01,76.61
35559,2021-05-02,76.61
35560,2021-05-03,76.61
35561,2021-05-04,70.36
35562,2021-05-05,70.36
35563,2021-05-06,68.28
35564,2021-05-07,68.28
35565,2021-05-08,68.28
35566,2021-05-09,68.28
35567,2021-05-10,69.53
35568,2021-05-11,69.53
35569,2021-05-12,68.49
35570,2021-05-13,68.49
35571,2021-05-14,71.61
35572,2021-05-15,71.61
35573,2021-05-16,72.66
35574,2021-05-17,72.66
35575,2021-05-18,72.66
35576,2021-05-19,72.66
35577,2021-05-20,72.66
35578,2021-05-21,72.66
35579,2021-05-22,72.66
35580,2021-05-23,72.66
35581,2021-05-24,72.66
35582,2021-05-25,72.66
35583,2021-05-26,72.66
35584,2021-05-27,72.66
35585,2021-05-28,72.66
35586,2021-05-29,74.74
35587,2021-05-30,74.74
35588,2021-05-31,74.74
35589,2021-06-01,70.57
35590,2021-06-02,72.92
35591,2021-06-03,72.92
35592,2021-06-04,72.92
35593,2021-06-05,72.92
35594,2021-06-06,72.92
35595,2021-06-07,72.92
35596,2021-06-08,72.92
35597,2021-06-09,72.92
35598,2021-06-10,72.92
35599,2021-06-11,75.0
35600,2021-06-12,75.0
35601,2021-06-13,75.0
35602,2021-06-14,75.0
35603,2021-06-15,75.0
35604,2021-06-16,75.0
35605,2021-06-17,75.0
35606,2021-06-18,75.0
35607,2021-06-19,75.0
35608,2021-06-20,75.0
35609,2021-06-21,75.0
35610,2021-06-22,75.0
35611,2021-06-23,75.0
35612,2021-06-24,70.57
35613,2021-06-25,70.57
35614,2021-06-26,70.57
35615,2021-06-27,70.57
35616,2021-06-28,70.57
35617,2021-06-29,70.57
35618,2021-06-30,70.57
35619,2021-07-01,70.57
35620,2021-07-02,67.45
35621,2021-07-03,67.45
35622,2021-07-04,67.45
35623,2021-07-05,67.45
35624,2021-07-06,67.45
35625,2021-07-07,72.66
35626,2021-07-08,72.66
35627,2021-07-09,72.66
35628,2021-07-10,72.66
35629,2021-07-11,72.66
35630,2021-07-12,72.66
35631,2021-07-13,72.66
35632,2021-07-14,72.66
35633,2021-07-15,72.66
35634,2021-07-16,72.66
35635,2021-07-17,72.66
35636,2021-07-18,72.66
35637,2021-07-19,72.66
35638,2021-07-20,76.3
35639,2021-07-21,76.3
35640,2021-07-22,76.3
35641,2021-07-23,76.3
35642,2021-07-24,76.3
35643,2021-07-25,76.3
35644,2021-07-26,76.3
35645,2021-07-27,76.3
35646,2021-07-28,76.3
35647,2021-07-29,76.3
35648,2021-07-30,76.3
35649,2021-07-31,79.43
35650,2021-08-01,79.43
35651,2021-08-02,79.43
35652,2021-08-03,79.43
35653,2021-08-04,79.43
35654,2021-08-05,79.43
35655,2021-08-06,79.43
35656,2021-08-07,79.43
35657,2021-08-08,79.43
35658,2021-08-09,79.43
35659,2021-08-10,79.43
35660,2021-08-11,79.43
35661,2021-08-12,79.43
35662,2021-08-13,79.43
35663,2021-08-14,79.43
35664,2021-08-15,79.43
35665,2021-08-16,79.43
35666,2021-08-17,79.43
35667,2021-08-18,79.43
35668,2021-08-19,79.43
35669,2021-08-20,79.43
35670,2021-08-21,79.43
35671,2021-08-22,79.43
35672,2021-08-23,79.43
35673,2021-08-24,79.43
35674,2021-08-25,79.43
35675,2021-08-26,79.43
35676,2021-08-27,79.43
35677,2021-08-28,79.43
35678,2021-08-29,79.43
35679,2021-08-30,79.43
35680,2021-08-31,79.43
35681,2021-09-01,76.3
35682,2021-09-02,76.3
35683,2021-09-03,76.3
35684,2021-09-04,76.3
35685,2021-09-05,76.3
35686,2021-09-06,76.3
35687,2021-09-07,76.3
35688,2021-09-08,76.3
35689,2021-09-09,76.3
35690,2021-09-10,76.3
35691,2021-09-11,79.43
35692,2021-09-12,79.43
35693,2021-09-13,79.43
35694,2021-09-14,79.43
35695,2021-09-15,79.43
35696,2021-09-16,79.43
35697,2021-09-17,79.43
35698,2021-09-18,79.43
35699,2021-09-19,79.43
35700,2021-09-20,79.43
35701,2021-09-21,79.43
35702,2021-09-22,79.43
35703,2021-09-23,79.43
35704,2021-09-24,79.43
35705,2021-09-25,79.43
35706,2021-09-26,79.43
35707,2021-09-27,79.43
35708,2021-09-28,79.43
35709,2021-09-29,79.43
35710,2021-09-30,79.43
35711,2021-10-01,79.43
35712,2021-10-02,79.43
35713,2021-10-03,79.43
35714,2021-10-04,79.43
35715,2021-10-05,79.43
35716,2021-10-06,79.43
35717,2021-10-07,79.43
35718,2021-10-08,79.43
35719,2021-10-09,79.43
35720,2021-10-10,79.43
35721,2021-10-11,79.43
35722,2021-10-12,79.43
35723,2021-10-13,79.43
35724,2021-10-14,79.43
35725,2021-10-15,76.3
35726,2021-10-16,76.3
35727,2021-10-17,76.3
35728,2021-10-18,76.3
35729,2021-10-19,79.43
35730,2021-10-20,79.43
35731,2021-10-21,79.43
35732,2021-10-22,79.43
35733,2021-10-23,79.43
35734,2021-10-24,79.43
35735,2021-10-25,79.43
35736,2021-10-26,79.43
35737,2021-10-27,79.43
35738,2021-10-28,79.43
35739,2021-10-29,79.43
35740,2021-10-30,79.43
35741,2021-10-31,79.43
35742,2021-11-01,79.43
35743,2021-11-02,79.43
35744,2021-11-03,79.43
35745,2021-11-04,79.43
35746,2021-11-05,79.43
35747,2021-11-06,79.43
35748,2021-11-07,79.43
35749,2021-11-08,79.43
35750,2021-11-09,79.43
35751,2021-11-10,79.43
35752,2021-11-11,79.43
35753,2021-11-12,79.43
35754,2021-11-13,79.43
35755,2021-11-14,79.43
35756,2021-11-15,79.43
35757,2021-11-16,79.43
35758,2021-11-17,79.43
35759,2021-11-18,79.43
35760,2021-11-19,79.43
35761,2021-11-20,79.43
35762,2021-11-21,79.43
35763,2021-11-22,79.43
35764,2021-11-23,79.43
35765,2021-11-24,79.43
35766,2021-11-25,79.43
35767,2021-11-26,79.43
35768,2021-11-27,79.43
35769,2021-11-28,79.43
35770,2021-11-29,79.43
35771,2021-11-30,79.43
35772,2021-12-01,79.43
35773,2021-12-02,79.43
35774,2021-12-03,79.43
35775,2021-12-04,79.43
35776,2021-12-05,79.43
35777,2021-12-06,79.43
35778,2021-12-07,79.43
35779,2021-12-08,79.43
35780,2021-12-09,79.43
35781,2021-12-10,79.43
35782,2021-12-11,79.43
35783,2021-12-12,79.43
35784,2021-12-13,79.43
35785,2021-12-14,79.43
35786,2021-12-15,79.43
35787,2021-12-16,79.43
35788,2021-12-17,79.43
35789,2021-12-18,79.43
35790,2021-12-19,79.43
35791,2021-12-20,79.43
35792,2021-12-21,79.43
35793,2021-12-22,79.43
35794,2021-12-23,79.43
35795,2021-12-24,79.43
35796,2021-12-25,79.43
35797,2021-12-26,79.43
35798,2021-12-27,79.43
35799,2021-12-28,79.43
35800,2021-12-29,79.43
35801,2021-12-30,79.43
35802,2021-12-31,79.43
35803,2022-01-01,79.43
35804,2022-01-02,79.43
35805,2022-01-03,79.43
35806,2022-01-04,79.43
35807,2022-01-05,79.43
35808,2022-01-06,79.43
35809,2022-01-07,79.43
35810,2022-01-08,79.43
35811,2022-01-09,79.43
35812,2022-01-10,79.43
35813,2022-01-11,79.43
35814,2022-01-12,79.43
35815,2022-01-13,79.43
35816,2022-01-14,79.43
35817,2022-01-15,79.43
35818,2022-01-16,79.43
35819,2022-01-17,79.43
35820,2022-01-18,79.43
35821,2022-01-19,79.43
35822,2022-01-20,79.43
35823,2022-01-21,79.43
35824,2022-01-22,79.43
35825,2022-01-23,79.43
35826,2022-01-24,77.34
35827,2022-01-25,79.43
35828,2022-01-26,79.43
35829,2022-01-27,79.43
35830,2022-01-28,79.43
35831,2022-01-29,79.43
35832,2022-01-30,79.43
35833,2022-01-31,79.43
35834,2022-02-01,79.43
35835,2022-02-02,79.43
35836,2022-02-03,79.43
35837,2022-02-04,79.43
35838,2022-02-05,79.43
35839,2022-02-06,79.43
35840,2022-02-07,79.43
35841,2022-02-08,79.43
35842,2022-02-09,79.43
35843,2022-02-10,79.43
35844,2022-02-11,79.43
35845,2022-02-12,79.43
35846,2022-02-13,79.43
35847,2022-02-14,79.43
35848,2022-02-15,79.43
35849,2022-02-16,79.43
35850,2022-02-17,79.43
35851,2022-02-18,79.43
35852,2022-02-19,79.43
35853,2022-02-20,79.43
35854,2022-02-21,79.43
35855,2022-02-22,79.43
35856,2022-02-23,79.43
35857,2022-02-24,79.43
35858,2022-02-25,79.43
35859,2022-02-26,79.43
35860,2022-02-27,79.43
35861,2022-02-28,79.43
35862,2022-03-01,79.43
35863,2022-03-02,79.43
35864,2022-03-03,79.43
35865,2022-03-04,79.43
35866,2022-03-05,79.43
35867,2022-03-06,79.43
35868,2022-03-07,79.43
35869,2022-03-08,79.43
35870,2022-03-09,79.43
35871,2022-03-10,79.43
35872,2022-03-11,79.43
35873,2022-03-12,79.43
35874,2022-03-13,79.43
35875,2022-03-14,79.43
35876,2022-03-15,79.43
35877,2022-03-16,81.77
35878,2022-03-17,81.77
35879,2022-03-18,81.77
35880,2022-03-19,81.77
35881,2022-03-20,81.77
35882,2022-03-21,81.77
35883,2022-03-22,81.77
35884,2022-03-23,81.77
35885,2022-03-24,81.77
35886,2022-03-25,81.77
35887,2022-03-26,81.77
35888,2022-03-27,81.77
35889,2022-03-28,81.77
35890,2022-03-29,81.77
35891,2022-03-30,81.77
35892,2022-03-31,81.77
35893,2022-04-01,81.77
35894,2022-04-02,81.77
35895,2022-04-03,81.77
35896,2022-04-04,81.77
35897,2022-04-05,81.77
35898,2022-04-06,81.77
35899,2022-04-07,81.77
35900,2022-04-08,81.77
35901,2022-04-09,81.77
35902,2022-04-10,81.77
35903,2022-04-11,81.77
35904,2022-04-12,81.77
35905,2022-04-13,81.77
35906,2022-04-14,81.77
35907,2022-04-15,81.77
35908,2022-04-16,79.69
35909,2022-04-17,79.69
35910,2022-04-18,81.77
35911,2022-04-19,81.77
35912,2022-04-20,81.77
35913,2022-04-21,81.77
35914,2022-04-22,81.77
35915,2022-04-23,81.77
35916,2022-04-24,81.77
35917,2022-04-25,81.77
35918,2022-04-26,81.77
35919,2022-04-27,81.77
35920,2022-04-28,81.77
35921,2022-04-29,81.77
35922,2022-04-30,81.77
35923,2022-05-01,81.77
35924,2022-05-02,81.77
35925,2022-05-03,81.77
35926,2022-05-04,81.77
35927,2022-05-05,81.77
35928,2022-05-06,81.77
35929,2022-05-07,81.77
35930,2022-05-08,81.77
35931,2022-05-09,81.77
35932,2022-05-10,81.77
35933,2022-05-11,81.77
35934,2022-05-12,81.77
35935,2022-05-13,81.77
35936,2022-05-14,81.77
35937,2022-05-15,81.77
35938,2022-05-16,81.77
35939,2022-05-17,81.77
35940,2022-05-18,81.77
35941,2022-05-19,81.77
35942,2022-05-20,81.77
35943,2022-05-21,81.77
35944,2022-05-22,81.77
35945,2022-05-23,81.77
35946,2022-05-24,81.77
35947,2022-05-25,81.77
35948,2022-05-26,81.77
35949,2022-05-27,81.77
35950,2022-05-28,81.77
35951,2022-05-29,81.77
35952,2022-05-30,81.77
35953,2022-05-31,81.77
35954,2022-06-01,81.77
35955,2022-06-02,81.77
35956,2022-06-03,81.77
35957,2022-06-04,81.77
35958,2022-06-05,81.77
35959,2022-06-06,81.77
35960,2022-06-07,81.77
35961,2022-06-08,81.77
35962,2022-06-09,81.77
35963,2022-06-10,81.77
35964,2022-06-11,81.77
35965,2022-06-12,81.77
35966,2022-06-13,81.77
35967,2022-06-14,81.77
35968,2022-06-15,81.77
35969,2022-06-16,81.77
35970,2022-06-17,81.77
35971,2022-06-18,81.77
35972,2022-06-19,81.77
35973,2022-06-20,81.77
35974,2022-06-21,81.77
35975,2022-06-22,81.77
35976,2022-06-23,81.77
35977,2022-06-24,81.77
35978,2022-06-25,81.77
35979,2022-06-26,81.77
35980,2022-06-27,81.77
35981,2022-06-28,81.77
35982,2022-06-29,81.77
35983,2022-06-30,81.77
35984,2022-07-01,81.77
35985,2022-07-02,81.77
35986,2022-07-03,81.77
35987,2022-07-04,81.77
35988,2022-07-05,81.77
35989,2022-07-06,81.77
35990,2022-07-07,81.77
35991,2022-07-08,81.77
35992,2022-07-09,81.77
35993,2022-07-10,81.77
35994,2022-07-11,81.77
35995,2022-07-12,81.77
35996,2022-07-13,81.77
35997,2022-07-14,81.77
35998,2022-07-15,81.77
35999,2022-07-16,81.77
36000,2022-07-17,81.77
36001,2022-07-18,81.77
36002,2022-07-19,81.77
36003,2022-07-20,81.77
36004,2022-07-21,81.77
36005,2022-07-22,81.77
36006,2022-07-23,81.77
36007,2022-07-24,81.77
36008,2022-07-25,81.77
36009,2022-07-26,81.77
36010,2022-07-27,81.77
36011,2022-07-28,81.77
36012,2022-07-29,81.77
36013,2022-07-30,81.77
36014,2022-07-31,81.77
36015,2022-08-01,81.77
36016,2022-08-02,81.77
36017,2022-08-03,81.77
36018,2022-08-04,81.77
36019,2022-08-05,81.77
36020,2022-08-06,81.77
36021,2022-08-07,81.77
36022,2022-08-08,81.77
36023,2022-08-09,81.77
36024,2022-08-10,81.77
36025,2022-08-11,81.77
36026,2022-08-12,81.77
36027,2022-08-13,81.77
36028,2022-08-14,81.77
36029,2022-08-15,81.77
36030,2022-08-16,81.77
36031,2022-08-17,81.77
36032,2022-08-18,81.77
36033,2022-08-19,81.77
36034,2022-08-20,81.77
36035,2022-08-21,81.77
36036,2022-08-22,81.77
36037,2022-08-23,81.77
36038,2022-08-24,81.77
36039,2022-08-25,81.77
36040,2022-08-26,81.77
36041,2022-08-27,81.77
36042,2022-08-28,81.77
36043,2022-08-29,81.77
36044,2022-08-30,81.77
36045,2022-08-31,81.77
36046,2022-09-01,81.77
36047,2022-09-02,81.77
36048,2022-09-03,81.77
36049,2022-09-04,81.77
36050,2022-09-05,81.77
36051,2022-09-06,81.77
36052,2022-09-07,81.77
36053,2022-09-08,81.77
36054,2022-09-09,81.77
36055,2022-09-10,81.77
36056,2022-09-11,81.77
36057,2022-09-12,81.77
36058,2022-09-13,81.77
36059,2022-09-14,81.77
36060,2022-09-15,81.77
36061,2022-09-16,81.77
36062,2022-09-17,81.77
36063,2022-09-18,81.77
36064,2022-09-19,81.77
36065,2022-09-20,81.77
36066,2022-09-21,81.77
36067,2022-09-22,81.77
36068,2022-09-23,81.77
36069,2022-09-24,81.77
36070,2022-09-25,81.77
36071,2022-09-26,81.77
36072,2022-09-27,81.77
36073,2022-09-28,81.77
36074,2022-09-29,81.77
36075,2022-09-30,81.77
36076,2022-10-01,81.77
36077,2022-10-02,81.77
36078,2022-10-03,81.77
36079,2022-10-04,81.77
36080,2022-10-05,81.77
36081,2022-10-06,81.77
36082,2022-10-07,81.77
36083,2022-10-08,81.77
36084,2022-10-09,81.77
36085,2022-10-10,80.21
36086,2022-10-11,80.21
36087,2022-10-12,80.21
36088,2022-10-13,80.21
36089,2022-10-14,80.21
36090,2022-10-15,80.21
36091,2022-10-16,80.21
36092,2022-10-17,80.21
36093,2022-10-18,80.21
36094,2022-10-19,80.21
36095,2022-10-20,80.21
36096,2022-10-21,80.21
36097,2022-10-22,80.21
36098,2022-10-23,80.21
36099,2022-10-24,80.21
36100,2022-10-25,80.21
36101,2022-10-26,80.21
36102,2022-10-27,80.21
36103,2022-10-28,80.21
36104,2022-10-29,80.21
36105,2022-10-30,80.21
36106,2022-10-31,80.21
36107,2022-11-01,80.21
36108,2022-11-02,80.21
36109,2022-11-03,80.21
36110,2022-11-04,80.21
36111,2022-11-05,80.21
36112,2022-11-06,80.21
36113,2022-11-07,80.21
36114,2022-11-08,80.21
36115,2022-11-09,80.21
36116,2022-11-10,80.21
36117,2022-11-11,80.21
36118,2022-11-12,80.21
36119,2022-11-13,80.21
36120,2022-11-14,80.21
36121,2022-11-15,80.21
36122,2022-11-16,80.21
36123,2022-11-17,80.21
36124,2022-11-18,80.21
36125,2022-11-19,80.21
36126,2022-11-20,80.21
36127,2022-11-21,80.21
36128,2022-11-22,80.21
36129,2022-11-23,80.21
36130,2022-11-24,80.21
36131,2022-11-25,80.21
36132,2022-11-26,80.21
36133,2022-11-27,80.21
36134,2022-11-28,80.21
36135,2022-11-29,80.21
36136,2022-11-30,80.21
36137,2022-12-01,80.21
36138,2022-12-02,80.21
36139,2022-12-03,80.21
36140,2022-12-04,80.21
36141,2022-12-05,80.21
36142,2022-12-06,80.21
36143,2022-12-07,78.13
36144,2022-12-08,72.4
36145,2022-12-09,72.4
36146,2022-12-10,72.4
36147,2022-12-11,72.4
36148,2022-12-12,72.4
36149,2022-12-13,67.71
36150,2022-12-14,64.58
36151,2022-12-15,64.58
36152,2022-12-16,64.58
36153,2022-12-17,64.58
36154,2022-12-18,64.58
36155,2022-12-19,61.46
36156,2022-12-20,61.46
36157,2022-12-21,61.46
36158,2022-12-22,61.46
36159,2022-12-23,61.46
36160,2022-12-24,61.46
36161,2022-12-25,61.46
36162,2022-12-26,61.46
36163,2022-12-27,61.46
36164,2022-12-28,61.46
36165,2022-12-29,61.46
36166,2022-12-30,61.46
36167,2022-12-31,61.46
83296,2020-01-01,0.0
83297,2020-01-02,0.0
83298,2020-01-03,0.0
83299,2020-01-04,0.0
83300,2020-01-05,0.0
83301,2020-01-06,0.0
83302,2020-01-07,0.0
83303,2020-01-08,0.0
83304,2020-01-09,0.0
83305,2020-01-10,0.0
83306,2020-01-11,0.0
83307,2020-01-12,0.0
83308,2020-01-13,0.0
83309,2020-01-14,0.0
83310,2020-01-15,0.0
83311,2020-01-16,0.0
83312,2020-01-17,0.0
83313,2020-01-18,0.0
83314,2020-01-19,0.0
83315,2020-01-20,0.0
83316,2020-01-21,0.0
83317,2020-01-22,0.0
83318,2020-01-23,0.0
83319,2020-01-24,0.0
83320,2020-01-25,5.21
83321,2020-01-26,11.98
83322,2020-01-27,11.98
83323,2020-01-28,11.98
83324,2020-01-29,11.98
83325,2020-01-30,11.98
83326,2020-01-31,15.1
83327,2020-02-01,15.1
83328,2020-02-02,15.1
83329,2020-02-03,15.1
83330,2020-02-04,15.1
83331,2020-02-05,15.1
83332,2020-02-06,15.1
83333,2020-02-07,15.1
83334,2020-02-08,15.1
83335,2020-02-09,15.1
83336,2020-02-10,15.1
83337,2020-02-11,15.1
83338,2020-02-12,15.1
83339,2020-02-13,15.1
83340,2020-02-14,15.1
83341,2020-02-15,15.1
83342,2020-02-16,15.1
83343,2020-02-17,15.1
83344,2020-02-18,15.1
83345,2020-02-19,15.1
83346,2020-02-20,15.1
83347,2020-02-21,15.1
83348,2020-02-22,15.1
83349,2020-02-23,15.1
83350,2020-02-24,15.1
83351,2020-02-25,15.1
83352,2020-02-26,15.1
83353,2020-02-27,15.1
83354,2020-02-28,15.1
83355,2020-02-29,15.1
83356,2020-03-01,21.35
83357,2020-03-02,21.35
83358,2020-03-03,21.35
83359,2020-03-04,21.35
83360,2020-03-05,30.73
83361,2020-03-06,30.73
83362,2020-03-07,30.73
83363,2020-03-08,30.73
83364,2020-03-09,30.73
83365,2020-03-10,30.73
83366,2020-03-11,30.73
83367,2020-03-12,30.73
83368,2020-03-13,38.02
83369,2020-03-14,38.02
83370,2020-03-15,39.58
83371,2020-03-16,39.58
83372,2020-03-17,39.58
83373,2020-03-18,39.58
83374,2020-03-19,39.58
83375,2020-03-20,42.71
83376,2020-03-21,42.71
83377,2020-03-22,80.21
83378,2020-03-23,72.66
83379,2020-03-24,72.66
83380,2020-03-25,80.21
83381,2020-03-26,80.21
83382,2020-03-27,80.21
83383,2020-03-28,80.21
83384,2020-03-29,80.21
83385,2020-03-30,80.21
83386,2020-03-31,80.21
83387,2020-04-01,80.21
83388,2020-04-02,81.77
83389,2020-04-03,81.77
83390,2020-04-04,81.77
83391,2020-04-05,81.77
83392,2020-04-06,81.77
83393,2020-04-07,81.77
83394,2020-04-08,81.77
83395,2020-04-09,89.84
83396,2020-04-10,89.84
83397,2020-04-11,89.84
83398,2020-04-12,89.84
83399,2020-04-13,89.84
83400,2020-04-14,89.84
83401,2020-04-15,89.84
83402,2020-04-16,89.84
83403,2020-04-17,89.84
83404,2020-04-18,89.84
83405,2020-04-19,89.84
83406,2020-04-20,87.76
83407,2020-04-21,87.76
83408,2020-04-22,87.76
83409,2020-04-23,87.76
83410,2020-04-24,87.76
83411,2020-04-25,87.76
83412,2020-04-26,87.76
83413,2020-04-27,87.76
83414,2020-04-28,87.76
83415,2020-04-29,87.76
83416,2020-04-30,87.76
83417,2020-05-01,87.76
83418,2020-05-02,87.76
83419,2020-05-03,87.76
83420,2020-05-04,76.56
83421,2020-05-05,76.56
83422,2020-05-06,76.56
83423,2020-05-07,76.56
83424,2020-05-08,76.56
83425,2020-05-09,76.56
83426,2020-05-10,76.56
83427,2020-05-11,76.56
83428,2020-05-12,76.56
83429,2020-05-13,76.56
83430,2020-05-14,76.56
83431,2020-05-15,76.56
83432,2020-05-16,76.56
83433,2020-05-17,76.56
83434,2020-05-18,76.56
83435,2020-05-19,76.56
83436,2020-05-20,76.56
83437,2020-05-21,76.56
83438,2020-05-22,76.56
83439,2020-05-23,76.56
83440,2020-05-24,76.56
83441,2020-05-25,76.56
83442,2020-05-26,76.56
83443,2020-05-27,76.56
83444,2020-05-28,76.56
83445,2020-05-29,76.56
83446,2020-05-30,76.56
83447,2020-05-31,76.56
83448,2020-06-01,74.48
83449,2020-06-02,74.48
83450,2020-06-03,74.48
83451,2020-06-04,74.48
83452,2020-06-05,74.48
83453,2020-06-06,74.48
83454,2020-06-07,74.48
83455,2020-06-08,74.48
83456,2020-06-09,74.48
83457,2020-06-10,74.48
83458,2020-06-11,74.48
83459,2020-06-12,74.48
83460,2020-06-13,74.48
83461,2020-06-14,74.48
83462,2020-06-15,74.48
83463,2020-06-16,74.48
83464,2020-06-17,74.48
83465,2020-06-18,74.48
83466,2020-06-19,74.48
83467,2020-06-20,74.48
83468,2020-06-21,74.48
83469,2020-06-22,74.48
83470,2020-06-23,74.48
83471,2020-06-24,74.48
83472,2020-06-25,74.48
83473,2020-06-26,74.48
83474,2020-06-27,74.48
83475,2020-06-28,74.48
83476,2020-06-29,74.48
83477,2020-06-30,74.48
83478,2020-07-01,71.35
83479,2020-07-02,71.35
83480,2020-07-03,71.35
83481,2020-07-04,71.35
83482,2020-07-05,71.35
83483,2020-07-06,71.35
83484,2020-07-07,71.35
83485,2020-07-08,71.35
83486,2020-07-09,71.35
83487,2020-07-10,71.35
83488,2020-07-11,71.35
83489,2020-07-12,71.35
83490,2020-07-13,71.35
83491,2020-07-14,71.35
83492,2020-07-15,71.35
83493,2020-07-16,71.35
83494,2020-07-17,71.35
83495,2020-07-18,71.35
83496,2020-07-19,71.35
83497,2020-07-20,71.35
83498,2020-07-21,71.35
83499,2020-07-22,71.35
83500,2020-07-23,71.35
83501,2020-07-24,71.35
83502,2020-07-25,71.35
83503,2020-07-26,71.35
83504,2020-07-27,71.35
83505,2020-07-28,71.35
83506,2020-07-29,71.35
83507,2020-07-30,71.35
83508,2020-07-31,71.35
83509,2020-08-01,70.31
83510,2020-08-02,70.31
83511,2020-08-03,70.31
83512,2020-08-04,70.31
83513,2020-08-05,70.31
83514,2020-08-06,70.31
83515,2020-08-07,70.31
83516,2020-08-08,70.31
83517,2020-08-09,70.31
83518,2020-08-10,70.31
83519,2020-08-11,70.31
83520,2020-08-12,70.31
83521,2020-08-13,70.31
83522,2020-08-14,70.31
83523,2020-08-15,70.31
83524,2020-08-16,70.31
83525,2020-08-17,70.31
83526,2020-08-18,70.31
83527,2020-08-19,70.31
83528,2020-08-20,70.31
83529,2020-08-21,70.31
83530,2020-08-22,70.31
83531,2020-08-23,70.31
83532,2020-08-24,70.31
83533,2020-08-25,70.31
83534,2020-08-26,70.31
83535,2020-08-27,70.31
83536,2020-08-28,70.31
83537,2020-08-29,70.31
83538,2020-08-30,70.31
83539,2020-08-31,70.31
83540,2020-09-01,68.23
83541,2020-09-02,68.23
83542,2020-09-03,68.23
83543,2020-09-04,68.23
83544,2020-09-05,68.23
83545,2020-09-06,68.23
83546,2020-09-07,65.1
83547,2020-09-08,65.1
83548,2020-09-09,65.1
83549,2020-09-10,65.1
83550,2020-09-11,65.1
83551,2020-09-12,65.1
83552,2020-09-13,65.1
83553,2020-09-14,65.1
83554,2020-09-15,65.1
83555,2020-09-16,65.1
83556,2020-09-17,65.1
83557,2020-09-18,65.1
83558,2020-09-19,65.1
83559,2020-09-20,65.1
83560,2020-09-21,61.98
83561,2020-09-22,61.98
83562,2020-09-23,61.98
83563,2020-09-24,61.98
83564,2020-09-25,61.98
83565,2020-09-26,61.98
83566,2020-09-27,61.98
83567,2020-09-28,61.98
83568,2020-09-29,61.98
83569,2020-09-30,61.98
83570,2020-10-01,61.98
83571,2020-10-02,61.98
83572,2020-10-03,61.98
83573,2020-10-04,61.98
83574,2020-10-05,61.98
83575,2020-10-06,61.98
83576,2020-10-07,61.98
83577,2020-10-08,61.98
83578,2020-10-09,61.98
83579,2020-10-10,61.98
83580,2020-10-11,61.98
83581,2020-10-12,61.98
83582,2020-10-13,61.98
83583,2020-10-14,61.98
83584,2020-10-15,56.77
83585,2020-10-16,56.77
83586,2020-10-17,56.77
83587,2020-10-18,56.77
83588,2020-10-19,56.77
83589,2020-10-20,56.77
83590,2020-10-21,56.77
83591,2020-10-22,56.77
83592,2020-10-23,56.77
83593,2020-10-24,56.77
83594,2020-10-25,56.77
83595,2020-10-26,56.77
83596,2020-10-27,55.21
83597,2020-10-28,55.21
83598,2020-10-29,55.21
83599,2020-10-30,55.21
83600,2020-10-31,55.21
83601,2020-11-01,55.21
83602,2020-11-02,55.21
83603,2020-11-03,55.21
83604,2020-11-04,55.21
83605,2020-11-05,55.21
83606,2020-11-06,55.21
83607,2020-11-07,55.21
83608,2020-11-08,55.21
83609,2020-11-09,55.21
83610,2020-11-10,55.21
83611,2020-11-11,55.21
83612,2020-11-12,55.21
83613,2020-11-13,55.21
83614,2020-11-14,55.21
83615,2020-11-15,55.21
83616,2020-11-16,55.21
83617,2020-11-17,55.21
83618,2020-11-18,55.21
83619,2020-11-19,55.21
83620,2020-11-20,55.21
83621,2020-11-21,59.38
83622,2020-11-22,59.38
83623,2020-11-23,59.38
83624,2020-11-24,59.38
83625,2020-11-25,59.38
83626,2020-11-26,59.38
83627,2020-11-27,59.38
83628,2020-11-28,59.38
83629,2020-11-29,59.38
83630,2020-11-30,59.38
83631,2020-12-01,59.38
83632,2020-12-02,59.38
83633,2020-12-03,59.38
83634,2020-12-04,59.38
83635,2020-12-05,59.38
83636,2020-12-06,59.38
83637,2020-12-07,59.38
83638,2020-12-08,59.38
83639,2020-12-09,59.38
83640,2020-12-10,59.38
83641,2020-12-11,59.38
83642,2020-12-12,59.38
83643,2020-12-13,59.38
83644,2020-12-14,59.38
83645,2020-12-15,59.38
83646,2020-12-16,59.38
83647,2020-12-17,59.38
83648,2020-12-18,59.38
83649,2020-12-19,59.38
83650,2020-12-20,59.38
83651,2020-12-21,59.38
83652,2020-12-22,59.38
83653,2020-12-23,59.38
83654,2020-12-24,59.38
83655,2020-12-25,59.38
83656,2020-12-26,59.38
83657,2020-12-27,59.38
83658,2020-12-28,59.38
83659,2020-12-29,59.38
83660,2020-12-30,59.38
83661,2020-12-31,59.38
83662,2021-01-01,59.38
83663,2021-01-02,59.38
83664,2021-01-03,59.38
83665,2021-01-04,59.38
83666,2021-01-05,59.38
83667,2021-01-06,59.38
83668,2021-01-07,59.38
83669,2021-01-08,59.38
83670,2021-01-09,59.38
83671,2021-01-10,59.38
83672,2021-01-11,59.38
83673,2021-01-12,59.38
83674,2021-01-13,59.38
83675,2021-01-14,59.38
83676,2021-01-15,59.38
83677,2021-01-16,61.88
83678,2021-01-17,61.88
83679,2021-01-18,61.88
83680,2021-01-19,61.88
83681,2021-01-20,61.88
83682,2021-01-21,61.88
83683,2021-01-22,61.88
83684,2021-01-23,61.88
83685,2021-01-24,61.88
83686,2021-01-25,61.88
83687,2021-01-26,70.47
83688,2021-01-27,67.34
83689,2021-01-28,67.34
83690,2021-01-29,67.34
83691,2021-01-30,67.34
83692,2021-01-31,67.34
83693,2021-02-01,67.34
83694,2021-02-02,67.34
83695,2021-02-03,67.34
83696,2021-02-04,67.34
83697,2021-02-05,67.34
83698,2021-02-06,67.34
83699,2021-02-07,67.34
83700,2021-02-08,67.34
83701,2021-02-09,67.34
83702,2021-02-10,67.34
83703,2021-02-11,67.34
83704,2021-02-12,67.34
83705,2021-02-13,67.34
83706,2021-02-14,67.34
83707,2021-02-15,67.34
83708,2021-02-16,67.34
83709,2021-02-17,67.34
83710,2021-02-18,67.34
83711,2021-02-19,67.34
83712,2021-02-20,67.34
83713,2021-02-21,67.34
83714,2021-02-22,67.34
83715,2021-02-23,67.34
83716,2021-02-24,68.39
83717,2021-02-25,68.39
83718,2021-02-26,68.39
83719,2021-02-27,68.39
83720,2021-02-28,68.39
83721,2021-03-01,69.64
83722,2021-03-02,69.64
83723,2021-03-03,69.64
83724,2021-03-04,69.64
83725,2021-03-05,69.64
83726,2021-03-06,69.64
83727,2021-03-07,69.64
83728,2021-03-08,69.64
83729,2021-03-09,66.51
83730,2021-03-10,66.51
83731,2021-03-11,66.51
83732,2021-03-12,66.51
83733,2021-03-13,66.51
83734,2021-03-14,66.51
83735,2021-03-15,66.51
83736,2021-03-16,66.51
83737,2021-03-17,66.51
83738,2021-03-18,66.51
83739,2021-03-19,66.51
83740,2021-03-20,66.51
83741,2021-03-21,66.51
83742,2021-03-22,66.51
83743,2021-03-23,66.51
83744,2021-03-24,66.51
83745,2021-03-25,66.51
83746,2021-03-26,66.51
83747,2021-03-27,66.51
83748,2021-03-28,66.51
83749,2021-03-29,66.51
83750,2021-03-30,66.51
83751,2021-03-31,66.51
83752,2021-04-01,61.51
83753,2021-04-02,61.51
83754,2021-04-03,70.89
83755,2021-04-04,70.89
83756,2021-04-05,68.28
83757,2021-04-06,68.28
83758,2021-04-07,68.28
83759,2021-04-08,68.28
83760,2021-04-09,68.28
83761,2021-04-10,68.28
83762,2021-04-11,68.28
83763,2021-04-12,68.28
83764,2021-04-13,68.28
83765,2021-04-14,68.28
83766,2021-04-15,68.28
83767,2021-04-16,68.28
83768,2021-04-17,68.28
83769,2021-04-18,68.28
83770,2021-04-19,70.36
83771,2021-04-20,70.36
83772,2021-04-21,70.36
83773,2021-04-22,70.36
83774,2021-04-23,70.36
83775,2021-04-24,70.36
83776,2021-04-25,70.36
83777,2021-04-26,70.36
83778,2021-04-27,70.36
83779,2021-04-28,70.36
83780,2021-04-29,70.36
83781,2021-04-30,70.36
83782,2021-05-01,71.61
83783,2021-05-02,71.61
83784,2021-05-03,71.61
83785,2021-05-04,66.41
83786,2021-05-05,69.53
83787,2021-05-06,69.53
83788,2021-05-07,69.53
83789,2021-05-08,69.53
83790,2021-05-09,69.53
83791,2021-05-10,74.22
83792,2021-05-11,74.22
83793,2021-05-12,74.22
83794,2021-05-13,74.22
83795,2021-05-14,74.22
83796,2021-05-15,74.22
83797,2021-05-16,74.22
83798,2021-05-17,74.22
83799,2021-05-18,74.22
83800,2021-05-19,74.22
83801,2021-05-20,74.22
83802,2021-05-21,74.22
83803,2021-05-22,74.22
83804,2021-05-23,74.22
83805,2021-05-24,74.22
83806,2021-05-25,74.22
83807,2021-05-26,74.22
83808,2021-05-27,74.22
83809,2021-05-28,74.22
83810,2021-05-29,74.22
83811,2021-05-30,74.22
83812,2021-05-31,74.22
83813,2021-06-01,74.22
83814,2021-06-02,74.22
83815,2021-06-03,74.22
83816,2021-06-04,74.22
83817,2021-06-05,74.22
83818,2021-06-06,74.22
83819,2021-06-07,74.22
83820,2021-06-08,74.22
83821,2021-06-09,74.22
83822,2021-06-10,74.22
83823,2021-06-11,74.22
83824,2021-06-12,74.22
83825,2021-06-13,74.22
83826,2021-06-14,74.22
83827,2021-06-15,74.22
83828,2021-06-16,74.22
83829,2021-06-17,74.22
83830,2021-06-18,74.22
83831,2021-06-19,74.22
83832,2021-06-20,74.22
83833,2021-06-21,74.22
83834,2021-06-22,74.22
83835,2021-06-23,74.22
83836,2021-06-24,74.22
83837,2021-06-25,74.22
83838,2021-06-26,74.22
83839,2021-06-27,74.22
83840,2021-06-28,74.22
83841,2021-06-29,74.22
83842,2021-06-30,74.22
83843,2021-07-01,74.22
83844,2021-07-02,74.22
83845,2021-07-03,74.22
83846,2021-07-04,74.22
83847,2021-07-05,74.22
83848,2021-07-06,74.22
83849,2021-07-07,74.22
83850,2021-07-08,74.22
83851,2021-07-09,74.22
83852,2021-07-10,74.22
83853,2021-07-11,74.22
83854,2021-07-12,74.22
83855,2021-07-13,74.22
83856,2021-07-14,74.22
83857,2021-07-15,74.22
83858,2021-07-16,74.22
83859,2021-07-17,74.22
83860,2021-07-18,74.22
83861,2021-07-19,74.22
83862,2021-07-20,74.22
83863,2021-07-21,72.14
83864,2021-07-22,72.14
83865,2021-07-23,72.14
83866,2021-07-24,72.14
83867,2021-07-25,72.14
83868,2021-07-26,70.05
83869,2021-07-27,70.05
83870,2021-07-28,70.05
83871,2021-07-29,70.05
83872,2021-07-30,70.05
83873,2021-07-31,70.05
83874,2021-08-01,70.05
83875,2021-08-02,70.05
83876,2021-08-03,70.05
83877,2021-08-04,70.05
83878,2021-08-05,70.05
83879,2021-08-06,70.05
83880,2021-08-07,70.05
83881,2021-08-08,70.05
83882,2021-08-09,70.05
83883,2021-08-10,70.05
83884,2021-08-11,70.05
83885,2021-08-12,70.05
83886,2021-08-13,70.05
83887,2021-08-14,70.05
83888,2021-08-15,67.3
83889,2021-08-16,67.3
83890,2021-08-17,67.29
83891,2021-08-18,67.28
83892,2021-08-19,67.28
83893,2021-08-20,67.27
83894,2021-08-21,67.26
83895,2021-08-22,67.26
83896,2021-08-23,67.25
83897,2021-08-24,67.24
83898,2021-08-25,67.23
83899,2021-08-26,67.22
83900,2021-08-27,67.2
83901,2021-08-28,67.19
83902,2021-08-29,67.17
83903,2021-08-30,67.16
83904,2021-08-31,67.16
83905,2021-09-01,67.13
83906,2021-09-02,67.12
83907,2021-09-03,67.11
83908,2021-09-04,67.11
83909,2021-09-05,67.09
83910,2021-09-06,67.09
83911,2021-09-07,67.07
83912,2021-09-08,63.92
83913,2021-09-09,63.9
83914,2021-09-10,63.9
83915,2021-09-11,63.88
83916,2021-09-12,63.86
83917,2021-09-13,63.85
83918,2021-09-14,63.84
83919,2021-09-15,63.82
83920,2021-09-16,63.8
83921,2021-09-17,63.79
83922,2021-09-18,63.74
83923,2021-09-19,63.72
83924,2021-09-20,63.71
83925,2021-09-21,63.69
83926,2021-09-22,63.67
83927,2021-09-23,63.65
83928,2021-09-24,63.63
83929,2021-09-25,63.61
83930,2021-09-26,63.6
83931,2021-09-27,63.58
83932,2021-09-28,63.56
83933,2021-09-29,63.55
83934,2021-09-30,63.53
83935,2021-10-01,63.51
83936,2021-10-02,63.5
83937,2021-10-03,63.48
83938,2021-10-04,63.47
83939,2021-10-05,63.45
83940,2021-10-06,63.44
83941,2021-10-07,63.43
83942,2021-10-08,63.41
83943,2021-10-09,63.39
83944,2021-10-10,63.36
83945,2021-10-11,63.35
83946,2021-10-12,61.78
83947,2021-10-13,61.76
83948,2021-10-14,61.76
83949,2021-10-15,61.75
83950,2021-10-16,61.74
83951,2021-10-17,61.73
83952,2021-10-18,61.72
83953,2021-10-19,61.7
83954,2021-10-20,61.67
83955,2021-10-21,61.66
83956,2021-10-22,61.64
83957,2021-10-23,61.63
83958,2021-10-24,61.6
83959,2021-10-25,58.47
83960,2021-10-26,58.45
83961,2021-10-27,58.43
83962,2021-10-28,58.41
83963,2021-10-29,58.38
83964,2021-10-30,58.36
83965,2021-10-31,58.34
83966,2021-11-01,58.33
83967,2021-11-02,58.32
83968,2021-11-03,58.3
83969,2021-11-04,58.3
83970,2021-11-05,58.29
83971,2021-11-06,58.28
83972,2021-11-07,58.27
83973,2021-11-08,58.25
83974,2021-11-09,55.11
83975,2021-11-10,55.09
83976,2021-11-11,55.07
83977,2021-11-12,55.03
83978,2021-11-13,55.0
83979,2021-11-14,56.14
83980,2021-11-15,56.12
83981,2021-11-16,56.09
83982,2021-11-17,56.06
83983,2021-11-18,56.02
83984,2021-11-19,56.0
83985,2021-11-20,55.96
83986,2021-11-21,55.94
83987,2021-11-22,60.59
83988,2021-11-23,60.56
83989,2021-11-24,60.51
83990,2021-11-25,60.49
83991,2021-11-26,60.44
83992,2021-11-27,59.79
83993,2021-11-28,59.73
83994,2021-11-29,59.7
83995,2021-11-30,59.66
83996,2021-12-01,61.17
83997,2021-12-02,61.11
83998,2021-12-03,61.08
83999,2021-12-04,61.01
84000,2021-12-05,60.98
84001,2021-12-06,60.96
84002,2021-12-07,60.91
84003,2021-12-08,60.86
84004,2021-12-09,60.82
84005,2021-12-10,60.79
84006,2021-12-11,60.7
84007,2021-12-12,60.68
84008,2021-12-13,60.66
84009,2021-12-14,57.73
84010,2021-12-15,57.7
84011,2021-12-16,57.67
84012,2021-12-17,57.61
84013,2021-12-18,57.57
84014,2021-12-19,57.55
84015,2021-12-20,57.52
84016,2021-12-21,57.47
84017,2021-12-22,57.46
84018,2021-12-23,57.41
84019,2021-12-24,57.37
84020,2021-12-25,57.31
84021,2021-12-26,57.31
84022,2021-12-27,57.29
84023,2021-12-28,57.24
84024,2021-12-29,59.27
84025,2021-12-30,59.24
84026,2021-12-31,64.65
84027,2022-01-01,64.62
84028,2022-01-02,64.61
84029,2022-01-03,64.68
84030,2022-01-04,62.59
84031,2022-01-05,62.57
84032,2022-01-06,62.56
84033,2022-01-07,62.54
84034,2022-01-08,62.54
84035,2022-01-09,62.52
84036,2022-01-10,62.51
84037,2022-01-11,62.49
84038,2022-01-12,62.48
84039,2022-01-13,62.46
84040,2022-01-14,62.46
84041,2022-01-15,62.44
84042,2022-01-16,62.43
84043,2022-01-17,62.42
84044,2022-01-18,62.42
84045,2022-01-19,68.49
84046,2022-01-20,68.46
84047,2022-01-21,69.43
84048,2022-01-22,69.4
84049,2022-01-23,69.39
84050,2022-01-24,69.39
84051,2022-01-25,68.35
84052,2022-01-26,68.33
84053,2022-01-27,68.32
84054,2022-01-28,69.33
84055,2022-01-29,69.31
84056,2022-01-30,69.29
84057,2022-01-31,68.22
84058,2022-02-01,67.15
84059,2022-02-02,67.13
84060,2022-02-03,67.11
84061,2022-02-04,67.08
84062,2022-02-05,68.13
84063,2022-02-06,68.12
84064,2022-02-07,67.05
84065,2022-02-08,66.53
84066,2022-02-09,66.51
84067,2022-02-10,66.51
84068,2022-02-11,66.48
84069,2022-02-12,66.47
84070,2022-02-13,66.45
84071,2022-02-14,64.88
84072,2022-02-15,63.9
84073,2022-02-16,63.89
84074,2022-02-17,63.88
84075,2022-02-18,63.87
84076,2022-02-19,63.86
84077,2022-02-20,63.85
84078,2022-02-21,63.85
84079,2022-02-22,63.84
84080,2022-02-23,63.83
84081,2022-02-24,63.82
84082,2022-02-25,63.81
84083,2022-02-26,63.8
84084,2022-02-27,63.8
84085,2022-02-28,63.79
84086,2022-03-01,58.58
84087,2022-03-02,58.58
84088,2022-03-03,58.57
84089,2022-03-04,58.56
84090,2022-03-05,58.55
84091,2022-03-06,58.55
84092,2022-03-07,58.54
84093,2022-03-08,58.54
84094,2022-03-09,58.53
84095,2022-03-10,58.53
84096,2022-03-11,58.52
84097,2022-03-12,58.52
84098,2022-03-13,58.51
84099,2022-03-14,58.51
84100,2022-03-15,49.65
84101,2022-03-16,49.64
84102,2022-03-17,49.64
84103,2022-03-18,49.64
84104,2022-03-19,49.64
84105,2022-03-20,49.63
84106,2022-03-21,49.63
84107,2022-03-22,49.63
84108,2022-03-23,49.62
84109,2022-03-24,49.62
84110,2022-03-25,49.62
84111,2022-03-26,47.66
84112,2022-03-27,44.53
84113,2022-03-28,44.53
84114,2022-03-29,44.53
84115,2022-03-30,44.53
84116,2022-03-31,44.53
84117,2022-04-01,42.19
84118,2022-04-02,42.19
84119,2022-04-03,42.19
84120,2022-04-04,47.92
84121,2022-04-05,47.92
84122,2022-04-06,47.92
84123,2022-04-07,47.92
84124,2022-04-08,47.92
84125,2022-04-09,47.92
84126,2022-04-10,47.92
84127,2022-04-11,47.92
84128,2022-04-12,47.92
84129,2022-04-13,47.92
84130,2022-04-14,47.92
84131,2022-04-15,47.92
84132,2022-04-16,47.92
84133,2022-04-17,47.92
84134,2022-04-18,47.92
84135,2022-04-19,51.04
84136,2022-04-20,51.04
84137,2022-04-21,51.04
84138,2022-04-22,51.04
84139,2022-04-23,51.04
84140,2022-04-24,51.04
84141,2022-04-25,51.04
84142,2022-04-26,39.32
84143,2022-04-27,39.32
84144,2022-04-28,39.32
84145,2022-04-29,39.32
84146,2022-04-30,39.32
84147,2022-05-01,39.32
84148,2022-05-02,39.32
84149,2022-05-03,39.32
84150,2022-05-04,39.32
84151,2022-05-05,39.32
84152,2022-05-06,39.32
84153,2022-05-07,39.32
84154,2022-05-08,39.32
84155,2022-05-09,39.32
84156,2022-05-10,39.32
84157,2022-05-11,39.32
84158,2022-05-12,39.32
84159,2022-05-13,39.32
84160,2022-05-14,39.32
84161,2022-05-15,39.32
84162,2022-05-16,39.32
84163,2022-05-17,39.32
84164,2022-05-18,39.32
84165,2022-05-19,39.32
84166,2022-05-20,39.32
84167,2022-05-21,39.32
84168,2022-05-22,39.32
84169,2022-05-23,39.32
84170,2022-05-24,39.32
84171,2022-05-25,39.32
84172,2022-05-26,39.32
84173,2022-05-27,39.32
84174,2022-05-28,39.32
84175,2022-05-29,39.32
84176,2022-05-30,39.32
84177,2022-05-31,39.32
84178,2022-06-01,39.32
84179,2022-06-02,39.32
84180,2022-06-03,39.32
84181,2022-06-04,39.32
84182,2022-06-05,39.32
84183,2022-06-06,39.32
84184,2022-06-07,39.32
84185,2022-06-08,39.32
84186,2022-06-09,39.32
84187,2022-06-10,39.32
84188,2022-06-11,39.32
84189,2022-06-12,39.32
84190,2022-06-13,39.32
84191,2022-06-14,39.32
84192,2022-06-15,39.32
84193,2022-06-16,39.32
84194,2022-06-17,39.32
84195,2022-06-18,39.32
84196,2022-06-19,39.32
84197,2022-06-20,39.32
84198,2022-06-21,39.32
84199,2022-06-22,39.32
84200,2022-06-23,39.32
84201,2022-06-24,39.32
84202,2022-06-25,39.32
84203,2022-06-26,39.32
84204,2022-06-27,39.32
84205,2022-06-28,39.32
84206,2022-06-29,39.32
84207,2022-06-30,39.32
84208,2022-07-01,39.32
84209,2022-07-02,39.32
84210,2022-07-03,39.32
84211,2022-07-04,39.32
84212,2022-07-05,39.32
84213,2022-07-06,39.32
84214,2022-07-07,39.32
84215,2022-07-08,39.32
84216,2022-07-09,39.32
84217,2022-07-10,39.32
84218,2022-07-11,39.32
84219,2022-07-12,39.32
84220,2022-07-13,39.32
84221,2022-07-14,39.32
84222,2022-07-15,39.32
84223,2022-07-16,39.32
84224,2022-07-17,39.32
84225,2022-07-18,39.32
84226,2022-07-19,39.32
84227,2022-07-20,39.32
84228,2022-07-21,39.32
84229,2022-07-22,39.32
84230,2022-07-23,39.32
84231,2022-07-24,39.32
84232,2022-07-25,39.32
84233,2022-07-26,39.32
84234,2022-07-27,39.32
84235,2022-07-28,39.32
84236,2022-07-29,39.32
84237,2022-07-30,39.32
84238,2022-07-31,39.32
84239,2022-08-01,39.32
84240,2022-08-02,37.24
84241,2022-08-03,37.24
84242,2022-08-04,37.24
84243,2022-08-05,37.24
84244,2022-08-06,37.24
84245,2022-08-07,37.24
84246,2022-08-08,37.24
84247,2022-08-09,37.24
84248,2022-08-10,37.24
84249,2022-08-11,37.24
84250,2022-08-12,37.24
84251,2022-08-13,37.24
84252,2022-08-14,37.24
84253,2022-08-15,37.24
84254,2022-08-16,37.24
84255,2022-08-17,37.24
84256,2022-08-18,37.24
84257,2022-08-19,37.24
84258,2022-08-20,37.24
84259,2022-08-21,37.24
84260,2022-08-22,37.24
84261,2022-08-23,37.24
84262,2022-08-24,37.24
84263,2022-08-25,37.24
84264,2022-08-26,37.24
84265,2022-08-27,37.24
84266,2022-08-28,37.24
84267,2022-08-29,37.24
84268,2022-08-30,37.24
84269,2022-08-31,37.24
84270,2022-09-01,37.24
84271,2022-09-02,37.24
84272,2022-09-03,37.24
84273,2022-09-04,37.24
84274,2022-09-05,37.24
84275,2022-09-06,37.24
84276,2022-09-07,37.24
84277,2022-09-08,37.24
84278,2022-09-09,37.24
84279,2022-09-10,37.24
84280,2022-09-11,37.24
84281,2022-09-12,37.24
84282,2022-09-13,37.24
84283,2022-09-14,37.24
84284,2022-09-15,37.24
84285,2022-09-16,37.24
84286,2022-09-17,37.24
84287,2022-09-18,37.24
84288,2022-09-19,37.24
84289,2022-09-20,37.24
84290,2022-09-21,37.24
84291,2022-09-22,37.24
84292,2022-09-23,37.24
84293,2022-09-24,37.24
84294,2022-09-25,37.24
84295,2022-09-26,37.24
84296,2022-09-27,37.24
84297,2022-09-28,37.24
84298,2022-09-29,37.24
84299,2022-09-30,37.24
84300,2022-10-01,37.24
84301,2022-10-02,37.24
84302,2022-10-03,37.24
84303,2022-10-04,37.24
84304,2022-10-05,37.24
84305,2022-10-06,37.24
84306,2022-10-07,37.24
84307,2022-10-08,37.24
84308,2022-10-09,37.24
84309,2022-10-10,37.24
84310,2022-10-11,37.24
84311,2022-10-12,37.24
84312,2022-10-13,37.24
84313,2022-10-14,37.24
84314,2022-10-15,37.24
84315,2022-10-16,37.24
84316,2022-10-17,37.24
84317,2022-10-18,37.24
84318,2022-10-19,37.24
84319,2022-10-20,37.24
84320,2022-10-21,37.24
84321,2022-10-22,37.24
84322,2022-10-23,37.24
84323,2022-10-24,37.24
84324,2022-10-25,37.24
84325,2022-10-26,37.24
84326,2022-10-27,37.24
84327,2022-10-28,37.24
84328,2022-10-29,37.24
84329,2022-10-30,37.24
84330,2022-10-31,37.24
84331,2022-11-01,37.24
84332,2022-11-02,37.24
84333,2022-11-03,37.24
84334,2022-11-04,37.24
84335,2022-11-05,37.24
84336,2022-11-06,37.24
84337,2022-11-07,37.24
84338,2022-11-08,37.24
84339,2022-11-09,37.24
84340,2022-11-10,37.24
84341,2022-11-11,37.24
84342,2022-11-12,37.24
84343,2022-11-13,37.24
84344,2022-11-14,37.24
84345,2022-11-15,37.24
84346,2022-11-16,37.24
84347,2022-11-17,37.24
84348,2022-11-18,37.24
84349,2022-11-19,37.24
84350,2022-11-20,37.24
84351,2022-11-21,37.24
84352,2022-11-22,35.68
84353,2022-11-23,35.68
84354,2022-11-24,35.68
84355,2022-11-25,35.68
84356,2022-11-26,35.68
84357,2022-11-27,35.68
84358,2022-11-28,35.68
84359,2022-11-29,35.68
84360,2022-11-30,35.68
84361,2022-12-01,35.68
84362,2022-12-02,35.68
84363,2022-12-03,35.68
84364,2022-12-04,35.68
84365,2022-12-05,35.68
84366,2022-12-06,35.68
84367,2022-12-07,35.68
84368,2022-12-08,35.68
84369,2022-12-09,35.68
84370,2022-12-10,35.68
84371,2022-12-11,35.68
84372,2022-12-12,35.68
84373,2022-12-13,35.68
84374,2022-12-14,35.68
84375,2022-12-15,35.68
84376,2022-12-16,35.68
84377,2022-12-17,35.68
84378,2022-12-18,35.68
84379,2022-12-19,35.68
84380,2022-12-20,35.68
84381,2022-12-21,35.68
84382,2022-12-22,35.68
84383,2022-12-23,35.68
84384,2022-12-24,35.68
84385,2022-12-25,35.68
84386,2022-12-26,35.68
84387,2022-12-27,35.68
84388,2022-12-28,35.68
84389,2022-12-29,35.68
84390,2022-12-30,35.68
84391,2022-12-31,35.68
191800,2020-01-01,0.0
191801,2020-01-02,0.0
191802,2020-01-03,0.0
191803,2020-01-04,0.0
191804,2020-01-05,0.0
191805,2020-01-06,0.0
191806,2020-01-07,0.0
191807,2020-01-08,0.0
191808,2020-01-09,0.0
191809,2020-01-10,0.0
191810,2020-01-11,0.0
191811,2020-01-12,0.0
191812,2020-01-13,0.0
191813,2020-01-14,0.0
191814,2020-01-15,0.0
191815,2020-01-16,0.0
191816,2020-01-17,0.0
191817,2020-01-18,0.0
191818,2020-01-19,0.0
191819,2020-01-20,0.0
191820,2020-01-21,5.21
191821,2020-01-22,5.21
191822,2020-01-23,5.21
191823,2020-01-24,5.21
191824,2020-01-25,5.21
191825,2020-01-26,5.21
191826,2020-01-27,5.21
191827,2020-01-28,5.21
191828,2020-01-29,5.21
191829,2020-01-30,5.21
191830,2020-01-31,5.21
191831,2020-02-01,5.21
191832,2020-02-02,8.33
191833,2020-02-03,8.33
191834,2020-02-04,8.33
191835,2020-02-05,8.33
191836,2020-02-06,13.54
191837,2020-02-07,13.54
191838,2020-02-08,13.54
191839,2020-02-09,13.54
191840,2020-02-10,13.54
191841,2020-02-11,15.1
191842,2020-02-12,15.1
191843,2020-02-13,15.1
191844,2020-02-14,15.1
191845,2020-02-15,15.1
191846,2020-02-16,15.1
191847,2020-02-17,15.1
191848,2020-02-18,15.1
191849,2020-02-19,15.1
191850,2020-02-20,15.1
191851,2020-02-21,15.1
191852,2020-02-22,15.1
191853,2020-02-23,15.1
191854,2020-02-24,15.1
191855,2020-02-25,15.1
191856,2020-02-26,15.1
191857,2020-02-27,15.1
191858,2020-02-28,15.1
191859,2020-02-29,15.1
191860,2020-03-01,16.67
191861,2020-03-02,16.67
191862,2020-03-03,16.67
191863,2020-03-04,16.67
191864,2020-03-05,21.88
191865,2020-03-06,21.88
191866,2020-03-07,21.88
191867,2020-03-08,21.88
191868,2020-03-09,21.88
191869,2020-03-10,22.66
191870,2020-03-11,23.44
191871,2020-03-12,28.13
191872,2020-03-13,28.13
191873,2020-03-14,31.25
191874,2020-03-15,34.38
191875,2020-03-16,40.62
191876,2020-03-17,42.19
191877,2020-03-18,42.19
191878,2020-03-19,48.96
191879,2020-03-20,48.96
191880,2020-03-21,52.08
191881,2020-03-22,52.08
191882,2020-03-23,52.08
191883,2020-03-24,52.08
191884,2020-03-25,52.08
191885,2020-03-26,52.08
191886,2020-03-27,59.9
191887,2020-03-28,59.9
191888,2020-03-29,59.9
191889,2020-03-30,59.9
191890,2020-03-31,59.9
191891,2020-04-01,59.9
191892,2020-04-02,59.9
191893,2020-04-03,59.9
191894,2020-04-04,64.58
191895,2020-04-05,64.58
191896,2020-04-06,64.58
191897,2020-04-07,64.58
191898,2020-04-08,64.58
191899,2020-04-09,64.58
191900,2020-04-10,64.58
191901,2020-04-11,64.58
191902,2020-04-12,64.58
191903,2020-04-13,64.58
191904,2020-04-14,64.58
191905,2020-04-15,64.58
191906,2020-04-16,64.58
191907,2020-04-17,64.58
191908,2020-04-18,64.58
191909,2020-04-19,64.58
191910,2020-04-20,64.58
191911,2020-04-21,64.58
191912,2020-04-22,64.58
191913,2020-04-23,64.58
191914,2020-04-24,64.58
191915,2020-04-25,64.58
191916,2020-04-26,64.58
191917,2020-04-27,64.58
191918,2020-04-28,64.58
191919,2020-04-29,64.58
191920,2020-04-30,64.58
191921,2020-05-01,64.58
191922,2020-05-02,64.58
191923,2020-05-03,64.58
191924,2020-05-04,64.58
191925,2020-05-05,64.58
191926,2020-05-06,64.58
191927,2020-05-07,64.58
191928,2020-05-08,64.58
191929,2020-05-09,64.58
191930,2020-05-10,64.58
191931,2020-05-11,64.58
191932,2020-05-12,64.58
191933,2020-05-13,64.58
191934,2020-05-14,64.58
191935,2020-05-15,64.58
191936,2020-05-16,64.58
191937,2020-05-17,64.58
191938,2020-05-18,64.58
191939,2020-05-19,64.58
191940,2020-05-20,64.58
191941,2020-05-21,64.58
191942,2020-05-22,64.58
191943,2020-05-23,64.58
191944,2020-05-24,64.58
191945,2020-05-25,64.58
191946,2020-05-26,64.58
191947,2020-05-27,64.58
191948,2020-05-28,64.58
191949,2020-05-29,64.58
191950,2020-05-30,64.58
191951,2020-05-31,64.58
191952,2020-06-01,64.58
191953,2020-06-02,64.58
191954,2020-06-03,64.58
191955,2020-06-04,64.58
191956,2020-06-05,64.58
191957,2020-06-06,64.58
191958,2020-06-07,64.58
191959,2020-06-08,64.58
191960,2020-06-09,64.58
191961,2020-06-10,64.58
191962,2020-06-11,64.58
191963,2020-06-12,64.58
191964,2020-06-13,64.58
191965,2020-06-14,64.58
191966,2020-06-15,62.5
191967,2020-06-16,62.5
191968,2020-06-17,62.5
191969,2020-06-18,62.5
191970,2020-06-19,62.5
191971,2020-06-20,62.5
191972,2020-06-21,62.5
191973,2020-06-22,62.5
191974,2020-06-23,62.5
191975,2020-06-24,64.58
191976,2020-06-25,64.58
191977,2020-06-26,64.58
191978,2020-06-27,64.58
191979,2020-06-28,64.58
191980,2020-06-29,64.58
191981,2020-06-30,64.58
191982,2020-07-01,64.58
191983,2020-07-02,64.58
191984,2020-07-03,64.58
191985,2020-07-04,64.58
191986,2020-07-05,64.58
191987,2020-07-06,64.58
191988,2020-07-07,64.58
191989,2020-07-08,64.58
191990,2020-07-09,64.58
191991,2020-07-10,64.58
191992,2020-07-11,64.58
191993,2020-07-12,64.58
191994,2020-07-13,64.58
191995,2020-07-14,64.58
191996,2020-07-15,64.58
191997,2020-07-16,64.58
191998,2020-07-17,64.58
191999,2020-07-18,64.58
192000,2020-07-19,64.58
192001,2020-07-20,64.58
192002,2020-07-21,64.58
192003,2020-07-22,64.58
192004,2020-07-23,64.58
192005,2020-07-24,64.58
192006,2020-07-25,64.58
192007,2020-07-26,64.58
192008,2020-07-27,64.58
192009,2020-07-28,64.58
192010,2020-07-29,64.58
192011,2020-07-30,64.58
192012,2020-07-31,64.58
192013,2020-08-01,64.58
192014,2020-08-02,64.58
192015,2020-08-03,64.58
192016,2020-08-04,64.58
192017,2020-08-05,64.58
192018,2020-08-06,64.58
192019,2020-08-07,64.58
192020,2020-08-08,64.58
192021,2020-08-09,64.58
192022,2020-08-10,64.58
192023,2020-08-11,64.58
192024,2020-08-12,64.58
192025,2020-08-13,64.58
192026,2020-08-14,64.58
192027,2020-08-15,64.58
192028,2020-08-16,64.58
192029,2020-08-17,64.58
192030,2020-08-18,64.58
192031,2020-08-19,64.58
192032,2020-08-20,64.58
192033,2020-08-21,64.58
192034,2020-08-22,64.58
192035,2020-08-23,64.58
192036,2020-08-24,64.58
192037,2020-08-25,64.58
192038,2020-08-26,64.58
192039,2020-08-27,64.58
192040,2020-08-28,64.58
192041,2020-08-29,64.58
192042,2020-08-30,64.58
192043,2020-08-31,64.58
192044,2020-09-01,64.58
192045,2020-09-02,64.58
192046,2020-09-03,64.58
192047,2020-09-04,64.58
192048,2020-09-05,64.58
192049,2020-09-06,64.58
192050,2020-09-07,64.58
192051,2020-09-08,64.58
192052,2020-09-09,64.58
192053,2020-09-10,64.58
192054,2020-09-11,64.58
192055,2020-09-12,63.02
192056,2020-09-13,63.02
192057,2020-09-14,63.02
192058,2020-09-15,63.02
192059,2020-09-16,63.02
192060,2020-09-17,61.98
192061,2020-09-18,61.98
192062,2020-09-19,61.98
192063,2020-09-20,61.98
192064,2020-09-21,61.98
192065,2020-09-22,61.98
192066,2020-09-23,61.98
192067,2020-09-24,61.98
192068,2020-09-25,61.98
192069,2020-09-26,61.98
192070,2020-09-27,61.98
192071,2020-09-28,61.98
192072,2020-09-29,61.98
192073,2020-09-30,61.98
192074,2020-10-01,61.98
192075,2020-10-02,61.98
192076,2020-10-03,61.98
192077,2020-10-04,61.98
192078,2020-10-05,61.98
192079,2020-10-06,61.98
192080,2020-10-07,61.98
192081,2020-10-08,61.98
192082,2020-10-09,61.98
192083,2020-10-10,61.98
192084,2020-10-11,61.98
192085,2020-10-12,61.98
192086,2020-10-13,61.98
192087,2020-10-14,61.98
192088,2020-10-15,61.98
192089,2020-10-16,61.98
192090,2020-10-17,61.98
192091,2020-10-18,61.98
192092,2020-10-19,61.98
192093,2020-10-20,61.98
192094,2020-10-21,61.98
192095,2020-10-22,61.98
192096,2020-10-23,61.98
192097,2020-10-24,61.98
192098,2020-10-25,61.98
192099,2020-10-26,61.98
192100,2020-10-27,61.98
192101,2020-10-28,61.98
192102,2020-10-29,61.98
192103,2020-10-30,61.98
192104,2020-10-31,61.98
192105,2020-11-01,61.98
192106,2020-11-02,61.98
192107,2020-11-03,61.98
192108,2020-11-04,61.98
192109,2020-11-05,61.98
192110,2020-11-06,61.98
192111,2020-11-07,61.98
192112,2020-11-08,61.98
192113,2020-11-09,63.54
192114,2020-11-10,63.54
192115,2020-11-11,63.54
192116,2020-11-12,63.54
192117,2020-11-13,63.54
192118,2020-11-14,63.54
192119,2020-11-15,63.54
192120,2020-11-16,67.19
192121,2020-11-17,67.19
192122,2020-11-18,67.19
192123,2020-11-19,67.19
192124,2020-11-20,67.19
192125,2020-11-21,67.19
192126,2020-11-22,67.19
192127,2020-11-23,67.19
192128,2020-11-24,67.19
192129,2020-11-25,67.19
192130,2020-11-26,67.19
192131,2020-11-27,67.19
192132,2020-11-28,67.19
192133,2020-11-29,67.19
192134,2020-11-30,67.19
192135,2020-12-01,67.19
192136,2020-12-02,65.1
192137,2020-12-03,65.1
192138,2020-12-04,65.1
192139,2020-12-05,65.1
192140,2020-12-06,65.1
192141,2020-12-07,65.1
192142,2020-12-08,65.1
192143,2020-12-09,65.1
192144,2020-12-10,65.1
192145,2020-12-11,65.1
192146,2020-12-12,65.1
192147,2020-12-13,65.1
192148,2020-12-14,66.35
192149,2020-12-15,68.44
192150,2020-12-16,68.44
192151,2020-12-17,68.44
192152,2020-12-18,68.44
192153,2020-12-19,68.44
192154,2020-12-20,68.44
192155,2020-12-21,68.44
192156,2020-12-22,68.44
192157,2020-12-23,68.44
192158,2020-12-24,68.44
192159,2020-12-25,68.44
192160,2020-12-26,68.44
192161,2020-12-27,68.44
192162,2020-12-28,68.44
192163,2020-12-29,68.44
192164,2020-12-30,68.44
192165,2020-12-31,68.44
192166,2021-01-01,68.44
192167,2021-01-02,68.44
192168,2021-01-03,68.44
192169,2021-01-04,68.44
192170,2021-01-05,68.44
192171,2021-01-06,68.44
192172,2021-01-07,68.44
192173,2021-01-08,68.44
192174,2021-01-09,68.44
192175,2021-01-10,68.44
192176,2021-01-11,68.44
192177,2021-01-12,68.44
192178,2021-01-13,68.44
192179,2021-01-14,68.44
192180,2021-01-15,68.44
192181,2021-01-16,68.44
192182,2021-01-17,68.44
192183,2021-01-18,68.44
192184,2021-01-19,68.44
192185,2021-01-20,68.44
192186,2021-01-21,68.44
192187,2021-01-22,68.44
192188,2021-01-23,68.44
192189,2021-01-24,68.44
192190,2021-01-25,68.44
192191,2021-01-26,68.44
192192,2021-01-27,68.44
192193,2021-01-28,68.44
192194,2021-01-29,68.44
192195,2021-01-30,68.44
192196,2021-01-31,68.44
192197,2021-02-01,68.44
192198,2021-02-02,68.44
192199,2021-02-03,66.35
192200,2021-02-04,66.35
192201,2021-02-05,66.35
192202,2021-02-06,66.35
192203,2021-02-07,66.35
192204,2021-02-08,66.35
192205,2021-02-09,66.35
192206,2021-02-10,66.35
192207,2021-02-11,66.35
192208,2021-02-12,66.35
192209,2021-02-13,66.35
192210,2021-02-14,66.35
192211,2021-02-15,66.35
192212,2021-02-16,66.35
192213,2021-02-17,66.35
192214,2021-02-18,66.35
192215,2021-02-19,66.35
192216,2021-02-20,66.35
192217,2021-02-21,66.35
192218,2021-02-22,66.35
192219,2021-02-23,66.35
192220,2021-02-24,66.35
192221,2021-02-25,66.35
192222,2021-02-26,66.35
192223,2021-02-27,67.6
192224,2021-02-28,67.6
192225,2021-03-01,67.6
192226,2021-03-02,67.6
192227,2021-03-03,67.6
192228,2021-03-04,65.52
192229,2021-03-05,65.52
192230,2021-03-06,65.52
192231,2021-03-07,65.52
192232,2021-03-08,65.52
192233,2021-03-09,65.52
192234,2021-03-10,64.48
192235,2021-03-11,64.48
192236,2021-03-12,64.48
192237,2021-03-13,64.48
192238,2021-03-14,64.48
192239,2021-03-15,64.48
192240,2021-03-16,64.48
192241,2021-03-17,64.48
192242,2021-03-18,64.48
192243,2021-03-19,64.48
192244,2021-03-20,64.48
192245,2021-03-21,64.48
192246,2021-03-22,64.48
192247,2021-03-23,61.35
192248,2021-03-24,61.35
192249,2021-03-25,61.35
192250,2021-03-26,61.35
192251,2021-03-27,61.35
192252,2021-03-28,61.35
192253,2021-03-29,59.79
192254,2021-03-30,61.04
192255,2021-03-31,61.04
192256,2021-04-01,61.04
192257,2021-04-02,60.39
192258,2021-04-03,60.38
192259,2021-04-04,60.38
192260,2021-04-05,60.36
192261,2021-04-06,60.34
192262,2021-04-07,60.32
192263,2021-04-08,60.3
192264,2021-04-09,60.27
192265,2021-04-10,60.26
192266,2021-04-11,60.25
192267,2021-04-12,60.23
192268,2021-04-13,60.22
192269,2021-04-14,60.2
192270,2021-04-15,60.18
192271,2021-04-16,60.16
192272,2021-04-17,60.15
192273,2021-04-18,60.15
192274,2021-04-19,62.63
192275,2021-04-20,62.62
192276,2021-04-21,62.6
192277,2021-04-22,62.58
192278,2021-04-23,62.56
192279,2021-04-24,62.55
192280,2021-04-25,62.54
192281,2021-04-26,62.53
192282,2021-04-27,62.51
192283,2021-04-28,62.49
192284,2021-04-29,62.48
192285,2021-04-30,62.46
192286,2021-05-01,62.45
192287,2021-05-02,62.44
192288,2021-05-03,62.43
192289,2021-05-04,62.41
192290,2021-05-05,62.4
192291,2021-05-06,62.38
192292,2021-05-07,62.36
192293,2021-05-08,62.35
192294,2021-05-09,61.83
192295,2021-05-10,61.82
192296,2021-05-11,64.58
192297,2021-05-12,64.58
192298,2021-05-13,64.58
192299,2021-05-14,64.58
192300,2021-05-15,64.58
192301,2021-05-16,63.02
192302,2021-05-17,63.02
192303,2021-05-18,63.02
192304,2021-05-19,63.02
192305,2021-05-20,63.02
192306,2021-05-21,63.02
192307,2021-05-22,63.02
192308,2021-05-23,60.42
192309,2021-05-24,60.42
192310,2021-05-25,60.42
192311,2021-05-26,60.42
192312,2021-05-27,60.42
192313,2021-05-28,60.42
192314,2021-05-29,60.42
192315,2021-05-30,60.42
192316,2021-05-31,60.42
192317,2021-06-01,60.42
192318,2021-06-02,60.42
192319,2021-06-03,60.42
192320,2021-06-04,60.42
192321,2021-06-05,60.42
192322,2021-06-06,60.42
192323,2021-06-07,60.42
192324,2021-06-08,60.42
192325,2021-06-09,60.42
192326,2021-06-10,57.4
192327,2021-06-11,57.39
192328,2021-06-12,57.38
192329,2021-06-13,57.38
192330,2021-06-14,62.06
192331,2021-06-15,62.06
192332,2021-06-16,62.05
192333,2021-06-17,62.04
192334,2021-06-18,62.04
192335,2021-06-19,62.04
192336,2021-06-20,62.03
192337,2021-06-21,62.03
192338,2021-06-22,62.03
192339,2021-06-23,62.02
192340,2021-06-24,62.02
192341,2021-06-25,62.01
192342,2021-06-26,62.01
192343,2021-06-27,62.01
192344,2021-06-28,62.01
192345,2021-06-29,62.0
192346,2021-06-30,62.0
192347,2021-07-01,62.0
192348,2021-07-02,61.99
192349,2021-07-03,61.99
192350,2021-07-04,61.99
192351,2021-07-05,61.99
192352,2021-07-06,61.99
192353,2021-07-07,61.98
192354,2021-07-08,55.21
192355,2021-07-09,55.21
192356,2021-07-10,55.21
192357,2021-07-11,55.2
192358,2021-07-12,55.2
192359,2021-07-13,55.2
192360,2021-07-14,55.2
192361,2021-07-15,53.63
192362,2021-07-16,53.63
192363,2021-07-17,53.62
192364,2021-07-18,53.62
192365,2021-07-19,53.62
192366,2021-07-20,53.62
192367,2021-07-21,53.62
192368,2021-07-22,53.61
192369,2021-07-23,53.61
192370,2021-07-24,53.61
192371,2021-07-25,53.61
192372,2021-07-26,52.81
192373,2021-07-27,52.8
192374,2021-07-28,52.8
192375,2021-07-29,52.8
192376,2021-07-30,52.79
192377,2021-07-31,52.79
192378,2021-08-01,49.66
192379,2021-08-02,49.66
192380,2021-08-03,52.78
192381,2021-08-04,52.78
192382,2021-08-05,52.77
192383,2021-08-06,52.77
192384,2021-08-07,52.77
192385,2021-08-08,52.77
192386,2021-08-09,52.76
192387,2021-08-10,54.32
192388,2021-08-11,54.31
192389,2021-08-12,54.31
192390,2021-08-13,55.79
192391,2021-08-14,55.78
192392,2021-08-15,55.78
192393,2021-08-16,56.75
192394,2021-08-17,56.74
192395,2021-08-18,56.73
192396,2021-08-19,56.72
192397,2021-08-20,56.7
192398,2021-08-21,56.69
192399,2021-08-22,56.69
192400,2021-08-23,56.67
192401,2021-08-24,58.34
192402,2021-08-25,58.34
192403,2021-08-26,58.33
192404,2021-08-27,58.31
192405,2021-08-28,58.31
192406,2021-08-29,58.3
192407,2021-08-30,58.3
192408,2021-08-31,58.29
192409,2021-09-01,56.01
192410,2021-09-02,56.0
192411,2021-09-03,55.99
192412,2021-09-04,55.99
192413,2021-09-05,54.42
192414,2021-09-06,54.42
192415,2021-09-07,54.41
192416,2021-09-08,54.4
192417,2021-09-09,54.4
192418,2021-09-10,54.39
192419,2021-09-11,54.38
192420,2021-09-12,54.38
192421,2021-09-13,54.38
192422,2021-09-14,54.37
192423,2021-09-15,54.36
192424,2021-09-16,54.36
192425,2021-09-17,54.35
192426,2021-09-18,54.35
192427,2021-09-19,54.34
192428,2021-09-20,54.34
192429,2021-09-21,54.33
192430,2021-09-22,54.33
192431,2021-09-23,54.32
192432,2021-09-24,54.32
192433,2021-09-25,54.31
192434,2021-09-26,54.31
192435,2021-09-27,54.31
192436,2021-09-28,54.3
192437,2021-09-29,54.3
192438,2021-09-30,54.29
192439,2021-10-01,54.28
192440,2021-10-02,54.28
192441,2021-10-03,54.28
192442,2021-10-04,51.16
192443,2021-10-05,51.15
192444,2021-10-06,51.15
192445,2021-10-07,51.14
192446,2021-10-08,51.14
192447,2021-10-09,51.14
192448,2021-10-10,51.13
192449,2021-10-11,51.13
192450,2021-10-12,51.13
192451,2021-10-13,51.12
192452,2021-10-14,51.12
192453,2021-10-15,51.11
192454,2021-10-16,51.11
192455,2021-10-17,51.11
192456,2021-10-18,51.11
192457,2021-10-19,51.1
192458,2021-10-20,51.1
192459,2021-10-21,51.1
192460,2021-10-22,51.09
192461,2021-10-23,51.09
192462,2021-10-24,51.09
192463,2021-10-25,51.09
192464,2021-10-26,51.08
192465,2021-10-27,51.08
192466,2021-10-28,51.08
192467,2021-10-29,51.07
192468,2021-10-30,51.07
192469,2021-10-31,51.07
192470,2021-11-01,51.07
192471,2021-11-02,51.07
192472,2021-11-03,51.06
192473,2021-11-04,51.06
192474,2021-11-05,51.06
192475,2021-11-06,51.05
192476,2021-11-07,51.05
192477,2021-11-08,49.8
192478,2021-11-09,49.8
192479,2021-11-10,49.79
192480,2021-11-11,49.79
192481,2021-11-12,49.78
192482,2021-11-13,49.78
192483,2021-11-14,49.78
192484,2021-11-15,49.77
192485,2021-11-16,50.71
192486,2021-11-17,50.71
192487,2021-11-18,50.7
192488,2021-11-19,50.7
192489,2021-11-20,50.7
192490,2021-11-21,50.69
192491,2021-11-22,50.69
192492,2021-11-23,50.69
192493,2021-11-24,50.68
192494,2021-11-25,50.68
192495,2021-11-26,50.68
192496,2021-11-27,52.57
192497,2021-11-28,52.56
192498,2021-11-29,52.56
192499,2021-11-30,49.08
192500,2021-12-01,49.07
192501,2021-12-02,49.06
192502,2021-12-03,49.05
192503,2021-12-04,49.04
192504,2021-12-05,49.03
192505,2021-12-06,49.02
192506,2021-12-07,49.02
192507,2021-12-08,49.01
192508,2021-12-09,49.0
192509,2021-12-10,48.99
192510,2021-12-11,48.98
192511,2021-12-12,48.98
192512,2021-12-13,48.97
192513,2021-12-14,48.96
192514,2021-12-15,48.95
192515,2021-12-16,48.95
192516,2021-12-17,48.94
192517,2021-12-18,48.94
192518,2021-12-19,48.94
192519,2021-12-20,48.93
192520,2021-12-21,48.93
192521,2021-12-22,48.92
192522,2021-12-23,48.91
192523,2021-12-24,48.91
192524,2021-12-25,48.91
192525,2021-12-26,48.91
192526,2021-12-27,50.47
192527,2021-12-28,50.47
192528,2021-12-29,50.46
192529,2021-12-30,50.45
192530,2021-12-31,48.47
192531,2022-01-01,48.47
192532,2022-01-02,48.47
192533,2022-01-03,48.46
192534,2022-01-04,48.45
192535,2022-01-05,48.44
192536,2022-01-06,48.44
192537,2022-01-07,48.43
192538,2022-01-08,48.42
192539,2022-01-09,48.42
192540,2022-01-10,48.41
192541,2022-01-11,48.4
192542,2022-01-12,48.4
192543,2022-01-13,48.39
192544,2022-01-14,48.39
192545,2022-01-15,48.38
192546,2022-01-16,48.38
192547,2022-01-17,48.37
192548,2022-01-18,48.37
192549,2022-01-19,47.36
192550,2022-01-20,47.35
192551,2022-01-21,47.35
192552,2022-01-22,47.34
192553,2022-01-23,47.34
192554,2022-01-24,47.33
192555,2022-01-25,47.33
192556,2022-01-26,47.32
192557,2022-01-27,47.31
192558,2022-01-28,47.3
192559,2022-01-29,47.3
192560,2022-01-30,47.3
192561,2022-01-31,47.29
192562,2022-02-01,47.28
192563,2022-02-02,47.28
192564,2022-02-03,47.27
192565,2022-02-04,47.26
192566,2022-02-05,47.26
192567,2022-02-06,47.26
192568,2022-02-07,47.25
192569,2022-02-08,47.25
192570,2022-02-09,47.24
192571,2022-02-10,47.23
192572,2022-02-11,47.23
192573,2022-02-12,47.22
192574,2022-02-13,47.22
192575,2022-02-14,47.22
192576,2022-02-15,47.21
192577,2022-02-16,47.21
192578,2022-02-17,47.2
192579,2022-02-18,47.2
192580,2022-02-19,47.2
192581,2022-02-20,47.19
192582,2022-02-21,47.19
192583,2022-02-22,47.19
192584,2022-02-23,47.18
192585,2022-02-24,47.18
192586,2022-02-25,47.17
192587,2022-02-26,47.17
192588,2022-02-27,47.17
192589,2022-02-28,42.5
192590,2022-03-01,42.5
192591,2022-03-02,42.49
192592,2022-03-03,41.12
192593,2022-03-04,41.12
192594,2022-03-05,41.11
192595,2022-03-06,41.11
192596,2022-03-07,41.11
192597,2022-03-08,41.11
192598,2022-03-09,41.1
192599,2022-03-10,41.1
192600,2022-03-11,41.09
192601,2022-03-12,41.09
192602,2022-03-13,41.09
192603,2022-03-14,41.09
192604,2022-03-15,41.09
192605,2022-03-16,43.18
192606,2022-03-17,43.17
192607,2022-03-18,43.17
192608,2022-03-19,43.17
192609,2022-03-20,43.17
192610,2022-03-21,43.16
192611,2022-03-22,43.16
192612,2022-03-23,43.16
192613,2022-03-24,43.16
192614,2022-03-25,43.15
192615,2022-03-26,43.15
192616,2022-03-27,43.15
192617,2022-03-28,43.15
192618,2022-03-29,43.15
192619,2022-03-30,37.89
192620,2022-03-31,37.89
192621,2022-04-01,37.89
192622,2022-04-02,37.89
192623,2022-04-03,37.89
192624,2022-04-04,37.88
192625,2022-04-05,37.88
192626,2022-04-06,37.88
192627,2022-04-07,37.88
192628,2022-04-08,37.88
192629,2022-04-09,37.87
192630,2022-04-10,37.87
192631,2022-04-11,37.87
192632,2022-04-12,37.87
192633,2022-04-13,37.87
192634,2022-04-14,37.87
192635,2022-04-15,37.86
192636,2022-04-16,37.86
192637,2022-04-17,37.86
192638,2022-04-18,37.86
192639,2022-04-19,37.86
192640,2022-04-20,37.86
192641,2022-04-21,36.82
192642,2022-04-22,36.81
192643,2022-04-23,36.81
192644,2022-04-24,36.81
192645,2022-04-25,36.81
192646,2022-04-26,36.81
192647,2022-04-27,36.81
192648,2022-04-28,36.8
192649,2022-04-29,36.8
192650,2022-04-30,36.8
192651,2022-05-01,36.8
192652,2022-05-02,36.8
192653,2022-05-03,36.8
192654,2022-05-04,36.79
192655,2022-05-05,36.79
192656,2022-05-06,36.79
192657,2022-05-07,36.79
192658,2022-05-08,36.79
192659,2022-05-09,36.79
192660,2022-05-10,36.79
192661,2022-05-11,36.01
192662,2022-05-12,36.01
192663,2022-05-13,36.0
192664,2022-05-14,36.0
192665,2022-05-15,36.0
192666,2022-05-16,36.0
192667,2022-05-17,36.0
192668,2022-05-18,36.0
192669,2022-05-19,36.0
192670,2022-05-20,35.99
192671,2022-05-21,35.99
192672,2022-05-22,35.99
192673,2022-05-23,35.99
192674,2022-05-24,35.99
192675,2022-05-25,35.99
192676,2022-05-26,35.99
192677,2022-05-27,35.99
192678,2022-05-28,35.99
192679,2022-05-29,35.98
192680,2022-05-30,35.98
192681,2022-05-31,35.98
192682,2022-06-01,35.98
192683,2022-06-02,35.98
192684,2022-06-03,35.98
192685,2022-06-04,35.98
192686,2022-06-05,39.1
192687,2022-06-06,39.1
192688,2022-06-07,39.1
192689,2022-06-08,39.1
192690,2022-06-09,39.1
192691,2022-06-10,39.1
192692,2022-06-11,39.1
192693,2022-06-12,39.1
192694,2022-06-13,39.1
192695,2022-06-14,39.1
192696,2022-06-15,39.09
192697,2022-06-16,39.09
192698,2022-06-17,39.09
192699,2022-06-18,39.09
192700,2022-06-19,39.09
192701,2022-06-20,39.09
192702,2022-06-21,39.09
192703,2022-06-22,39.09
192704,2022-06-23,39.09
192705,2022-06-24,39.09
192706,2022-06-25,39.09
192707,2022-06-26,39.09
192708,2022-06-27,39.09
192709,2022-06-28,39.08
192710,2022-06-29,39.08
192711,2022-06-30,39.08
192712,2022-07-01,39.08
192713,2022-07-02,39.08
192714,2022-07-03,39.08
192715,2022-07-04,39.08
192716,2022-07-05,39.08
192717,2022-07-06,39.08
192718,2022-07-07,39.08
192719,2022-07-08,38.4
192720,2022-07-09,38.4
192721,2022-07-10,38.4
192722,2022-07-11,38.4
192723,2022-07-12,38.4
192724,2022-07-13,38.39
192725,2022-07-14,38.39
192726,2022-07-15,38.39
192727,2022-07-16,38.39
192728,2022-07-17,38.39
192729,2022-07-18,38.39
192730,2022-07-19,38.39
192731,2022-07-20,38.39
192732,2022-07-21,38.39
192733,2022-07-22,38.39
192734,2022-07-23,38.39
192735,2022-07-24,38.38
192736,2022-07-25,38.38
192737,2022-07-26,38.38
192738,2022-07-27,38.38
192739,2022-07-28,38.38
192740,2022-07-29,38.38
192741,2022-07-30,38.38
192742,2022-07-31,38.38
192743,2022-08-01,38.38
192744,2022-08-02,39.42
192745,2022-08-03,39.42
192746,2022-08-04,39.42
192747,2022-08-05,39.41
192748,2022-08-06,39.41
192749,2022-08-07,39.41
192750,2022-08-08,39.41
192751,2022-08-09,39.41
192752,2022-08-10,39.41
192753,2022-08-11,39.41
192754,2022-08-12,39.41
192755,2022-08-13,39.41
192756,2022-08-14,39.41
192757,2022-08-15,39.41
192758,2022-08-16,39.41
192759,2022-08-17,34.72
192760,2022-08-18,34.72
192761,2022-08-19,34.71
192762,2022-08-20,34.71
192763,2022-08-21,34.71
192764,2022-08-22,34.71
192765,2022-08-23,34.71
192766,2022-08-24,34.71
192767,2022-08-25,34.71
192768,2022-08-26,34.71
192769,2022-08-27,34.71
192770,2022-08-28,34.71
192771,2022-08-29,34.71
192772,2022-08-30,34.71
192773,2022-08-31,34.71
192774,2022-09-01,34.71
192775,2022-09-02,34.71
192776,2022-09-03,34.71
192777,2022-09-04,34.71
192778,2022-09-05,34.71
192779,2022-09-06,34.71
192780,2022-09-07,34.7
192781,2022-09-08,34.7
192782,2022-09-09,34.7
192783,2022-09-10,34.7
192784,2022-09-11,34.7
192785,2022-09-12,34.7
192786,2022-09-13,34.7
192787,2022-09-14,34.7
192788,2022-09-15,34.7
192789,2022-09-16,34.69
192790,2022-09-17,34.69
192791,2022-09-18,34.69
192792,2022-09-19,34.69
192793,2022-09-20,34.69
192794,2022-09-21,34.69
192795,2022-09-22,34.69
192796,2022-09-23,34.69
192797,2022-09-24,34.68
192798,2022-09-25,34.68
192799,2022-09-26,34.68
192800,2022-09-27,34.68
192801,2022-09-28,34.68
192802,2022-09-29,34.68
192803,2022-09-30,34.68
192804,2022-10-01,34.68
192805,2022-10-02,34.68
192806,2022-10-03,34.67
192807,2022-10-04,34.67
192808,2022-10-05,34.67
192809,2022-10-06,34.67
192810,2022-10-07,34.67
192811,2022-10-08,34.67
192812,2022-10-09,34.67
192813,2022-10-10,34.67
192814,2022-10-11,34.66
192815,2022-10-12,34.66
192816,2022-10-13,34.66
192817,2022-10-14,34.66
192818,2022-10-15,34.66
192819,2022-10-16,34.66
192820,2022-10-17,34.66
192821,2022-10-18,34.66
192822,2022-10-19,34.65
192823,2022-10-20,34.65
192824,2022-10-21,34.65
192825,2022-10-22,34.65
192826,2022-10-23,34.65
192827,2022-10-24,34.65
192828,2022-10-25,34.65
192829,2022-10-26,34.65
192830,2022-10-27,34.64
192831,2022-10-28,34.64
192832,2022-10-29,34.64
192833,2022-10-30,34.64
192834,2022-10-31,34.64
192835,2022-11-01,37.28
192836,2022-11-02,37.28
192837,2022-11-03,37.28
192838,2022-11-04,37.28
192839,2022-11-05,37.28
192840,2022-11-06,37.28
192841,2022-11-07,37.28
192842,2022-11-08,37.28
192843,2022-11-09,37.27
192844,2022-11-10,37.27
192845,2022-11-11,37.27
192846,2022-11-12,37.27
192847,2022-11-13,37.27
192848,2022-11-14,37.27
192849,2022-11-15,37.27
192850,2022-11-16,37.27
192851,2022-11-17,37.27
192852,2022-11-18,37.27
192853,2022-11-19,37.27
192854,2022-11-20,37.27
192855,2022-11-21,37.27
192856,2022-11-22,37.27
192857,2022-11-23,37.27
192858,2022-11-24,37.27
192859,2022-11-25,37.26
192860,2022-11-26,37.26
192861,2022-11-27,37.26
192862,2022-11-28,37.26
192863,2022-11-29,37.26
192864,2022-11-30,37.26
192865,2022-12-01,37.26
192866,2022-12-02,37.26
192867,2022-12-03,37.26
192868,2022-12-04,37.26
192869,2022-12-05,37.26
192870,2022-12-06,37.26
192871,2022-12-07,37.26
192872,2022-12-08,37.26
192873,2022-12-09,37.26
192874,2022-12-10,37.26
192875,2022-12-11,37.26
192876,2022-12-12,37.26
192877,2022-12-13,37.26
192878,2022-12-14,37.26
192879,2022-12-15,37.25
192880,2022-12-16,37.25
192881,2022-12-17,37.25
192882,2022-12-18,37.25
192883,2022-12-19,37.25
192884,2022-12-20,37.25
192885,2022-12-21,37.25
192886,2022-12-22,37.25
192887,2022-12-23,37.25
192888,2022-12-24,37.25
192889,2022-12-25,37.25
192890,2022-12-26,37.25
192891,2022-12-27,37.25
192892,2022-12-28,37.25
192893,2022-12-29,37.25
192894,2022-12-30,37.25
192895,2022-12-31,38.03
