,date,stringency_index_average
35072,2020-01-01,0.0
35073,2020-01-02,0.0
35074,2020-01-03,0.0
35075,2020-01-04,0.0
35076,2020-01-05,2.78
35077,2020-01-06,2.78
35078,2020-01-07,2.78
35079,2020-01-08,2.78
35080,2020-01-09,2.78
35081,2020-01-10,2.78
35082,2020-01-11,2.78
35083,2020-01-12,2.78
35084,2020-01-13,2.78
35085,2020-01-14,2.78
35086,2020-01-15,8.33
35087,2020-01-16,8.33
35088,2020-01-17,8.33
35089,2020-01-18,8.33
35090,2020-01-19,8.33
35091,2020-01-20,8.33
35092,2020-01-21,8.33
35093,2020-01-22,26.39
35094,2020-01-23,44.91
35095,2020-01-24,44.91
35096,2020-01-25,47.69
35097,2020-01-26,69.91
35098,2020-01-27,69.91
35099,2020-01-28,69.91
35100,2020-01-29,69.91
35101,2020-01-30,69.91
35102,2020-01-31,69.91
35103,2020-02-01,77.31
35104,2020-02-02,77.31
35105,2020-02-03,77.31
35106,2020-02-04,77.31
35107,2020-02-05,77.31
35108,2020-02-06,77.31
35109,2020-02-07,77.31
35110,2020-02-08,77.31
35111,2020-02-09,77.31
35112,2020-02-10,75.46
35113,2020-02-11,75.46
35114,2020-02-12,75.46
35115,2020-02-13,75.46
35116,2020-02-14,75.46
35117,2020-02-15,75.46
35118,2020-02-16,75.46
35119,2020-02-17,75.46
35120,2020-02-18,75.46
35121,2020-02-19,75.46
35122,2020-02-20,75.46
35123,2020-02-21,75.46
35124,2020-02-22,75.46
35125,2020-02-23,75.46
35126,2020-02-24,75.46
35127,2020-02-25,81.02
35128,2020-02-26,81.02
35129,2020-02-27,81.02
35130,2020-02-28,81.02
35131,2020-02-29,81.02
35132,2020-03-01,81.02
35133,2020-03-02,81.02
35134,2020-03-03,81.02
35135,2020-03-04,81.02
35136,2020-03-05,81.02
35137,2020-03-06,81.02
35138,2020-03-07,81.02
35139,2020-03-08,81.02
35140,2020-03-09,81.02
35141,2020-03-10,81.02
35142,2020-03-11,81.02
35143,2020-03-12,81.02
35144,2020-03-13,81.02
35145,2020-03-14,81.02
35146,2020-03-15,81.02
35147,2020-03-16,79.17
35148,2020-03-17,79.17
35149,2020-03-18,79.17
35150,2020-03-19,79.17
35151,2020-03-20,79.17
35152,2020-03-21,79.17
35153,2020-03-22,79.17
35154,2020-03-23,79.17
35155,2020-03-24,79.17
35156,2020-03-25,79.17
35157,2020-03-26,81.94
35158,2020-03-27,81.94
35159,2020-03-28,73.61
35160,2020-03-29,73.61
35161,2020-03-30,73.61
35162,2020-03-31,73.61
35163,2020-04-01,73.61
35164,2020-04-02,73.61
35165,2020-04-03,69.91
35166,2020-04-04,69.91
35167,2020-04-05,69.91
35168,2020-04-06,69.91
35169,2020-04-07,69.91
35170,2020-04-08,56.94
35171,2020-04-09,56.94
35172,2020-04-10,56.94
35173,2020-04-11,56.94
35174,2020-04-12,56.94
35175,2020-04-13,56.94
35176,2020-04-14,56.94
35177,2020-04-15,56.94
35178,2020-04-16,56.94
35179,2020-04-17,56.94
35180,2020-04-18,56.94
35181,2020-04-19,56.94
35182,2020-04-20,56.94
35183,2020-04-21,56.94
35184,2020-04-22,56.94
35185,2020-04-23,56.94
35186,2020-04-24,56.94
35187,2020-04-25,56.94
35188,2020-04-26,56.94
35189,2020-04-27,56.94
35190,2020-04-28,56.94
35191,2020-04-29,56.94
35192,2020-04-30,56.94
35193,2020-05-01,56.94
35194,2020-05-02,56.94
35195,2020-05-03,56.94
35196,2020-05-04,56.94
35197,2020-05-05,56.94
35198,2020-05-06,56.94
35199,2020-05-07,56.94
35200,2020-05-08,56.94
35201,2020-05-09,56.94
35202,2020-05-10,81.94
35203,2020-05-11,81.94
35204,2020-05-12,81.94
35205,2020-05-13,81.94
35206,2020-05-14,81.94
35207,2020-05-15,81.94
35208,2020-05-16,81.94
35209,2020-05-17,81.94
35210,2020-05-18,81.94
35211,2020-05-19,81.94
35212,2020-05-20,81.94
35213,2020-05-21,81.94
35214,2020-05-22,81.94
35215,2020-05-23,81.94
35216,2020-05-24,81.94
35217,2020-05-25,81.94
35218,2020-05-26,81.94
35219,2020-05-27,81.94
35220,2020-05-28,81.94
35221,2020-05-29,81.94
35222,2020-05-30,81.94
35223,2020-05-31,81.94
35224,2020-06-01,81.94
35225,2020-06-02,81.94
35226,2020-06-03,78.24
35227,2020-06-04,78.24
35228,2020-06-05,78.24
35229,2020-06-06,78.24
35230,2020-06-07,78.24
35231,2020-06-08,78.24
35232,2020-06-09,78.24
35233,2020-06-10,78.24
35234,2020-06-11,78.24
35235,2020-06-12,78.24
35236,2020-06-13,78.24
35237,2020-06-14,78.24
35238,2020-06-15,78.24
35239,2020-06-16,78.24
35240,2020-06-17,78.24
35241,2020-06-18,78.24
35242,2020-06-19,78.24
35243,2020-06-20,78.24
35244,2020-06-21,78.24
35245,2020-06-22,78.24
35246,2020-06-23,78.24
35247,2020-06-24,78.24
35248,2020-06-25,78.24
35249,2020-06-26,78.24
35250,2020-06-27,78.24
35251,2020-06-28,78.24
35252,2020-06-29,78.24
35253,2020-06-30,78.24
35254,2020-07-01,78.24
35255,2020-07-02,78.24
35256,2020-07-03,78.24
35257,2020-07-04,78.24
35258,2020-07-05,78.24
35259,2020-07-06,78.24
35260,2020-07-07,78.24
35261,2020-07-08,78.24
35262,2020-07-09,78.24
35263,2020-07-10,78.24
35264,2020-07-11,78.24
35265,2020-07-12,78.24
35266,2020-07-13,78.24
35267,2020-07-14,78.24
35268,2020-07-15,78.24
35269,2020-07-16,78.24
35270,2020-07-17,78.24
35271,2020-07-18,78.24
35272,2020-07-19,78.24
35273,2020-07-20,78.24
35274,2020-07-21,78.24
35275,2020-07-22,78.24
35276,2020-07-23,78.24
35277,2020-07-24,78.24
35278,2020-07-25,78.24
35279,2020-07-26,78.24
35280,2020-07-27,78.24
35281,2020-07-28,78.24
35282,2020-07-29,78.24
35283,2020-07-30,78.24
35284,2020-07-31,78.24
35285,2020-08-01,78.24
35286,2020-08-02,78.24
35287,2020-08-03,78.24
35288,2020-08-04,78.24
35289,2020-08-05,78.24
35290,2020-08-06,78.24
35291,2020-08-07,78.24
35292,2020-08-08,78.24
35293,2020-08-09,78.24
35294,2020-08-10,78.24
35295,2020-08-11,78.24
35296,2020-08-12,78.24
35297,2020-08-13,78.24
35298,2020-08-14,78.24
35299,2020-08-15,78.24
35300,2020-08-16,78.24
35301,2020-08-17,78.24
35302,2020-08-18,78.24
35303,2020-08-19,78.24
35304,2020-08-20,78.24
35305,2020-08-21,78.24
35306,2020-08-22,78.24
35307,2020-08-23,78.24
35308,2020-08-24,78.24
35309,2020-08-25,78.24
35310,2020-08-26,78.24
35311,2020-08-27,78.24
35312,2020-08-28,78.24
35313,2020-08-29,78.24
35314,2020-08-30,78.24
35315,2020-08-31,78.24
35316,2020-09-01,78.24
35317,2020-09-02,55.09
35318,2020-09-03,55.09
35319,2020-09-04,46.76
35320,2020-09-05,46.76
35321,2020-09-06,46.76
35322,2020-09-07,46.76
35323,2020-09-08,46.76
35324,2020-09-09,46.76
35325,2020-09-10,46.76
35326,2020-09-11,46.76
35327,2020-09-12,46.76
35328,2020-09-13,46.76
35329,2020-09-14,46.76
35330,2020-09-15,81.94
35331,2020-09-16,81.94
35332,2020-09-17,81.94
35333,2020-09-18,81.94
35334,2020-09-19,81.94
35335,2020-09-20,81.94
35336,2020-09-21,75.46
35337,2020-09-22,71.76
35338,2020-09-23,63.43
35339,2020-09-24,63.43
35340,2020-09-25,63.43
35341,2020-09-26,54.17
35342,2020-09-27,54.17
35343,2020-09-28,54.17
35344,2020-09-29,54.17
35345,2020-09-30,54.17
35346,2020-10-01,54.17
35347,2020-10-02,54.17
35348,2020-10-03,54.17
35349,2020-10-04,54.17
35350,2020-10-05,54.17
35351,2020-10-06,54.17
35352,2020-10-07,54.17
35353,2020-10-08,54.17
35354,2020-10-09,54.17
35355,2020-10-10,52.31
35356,2020-10-11,52.31
35357,2020-10-12,61.57
35358,2020-10-13,61.57
35359,2020-10-14,61.57
35360,2020-10-15,61.57
35361,2020-10-16,61.57
35362,2020-10-17,61.57
35363,2020-10-18,61.57
35364,2020-10-19,61.57
35365,2020-10-20,61.57
35366,2020-10-21,61.57
35367,2020-10-22,61.57
35368,2020-10-23,61.57
35369,2020-10-24,81.94
35370,2020-10-25,81.94
35371,2020-10-26,81.94
35372,2020-10-27,81.94
35373,2020-10-28,81.94
35374,2020-10-29,81.94
35375,2020-10-30,68.98
35376,2020-10-31,63.43
35377,2020-11-01,63.43
35378,2020-11-02,63.43
35379,2020-11-03,63.43
35380,2020-11-04,63.43
35381,2020-11-05,63.43
35382,2020-11-06,63.43
35383,2020-11-07,63.43
35384,2020-11-08,63.43
35385,2020-11-09,63.43
35386,2020-11-10,63.43
35387,2020-11-11,63.43
35388,2020-11-12,63.43
35389,2020-11-13,63.43
35390,2020-11-14,63.43
35391,2020-11-15,63.43
35392,2020-11-16,63.43
35393,2020-11-17,63.43
35394,2020-11-18,63.43
35395,2020-11-19,63.43
35396,2020-11-20,76.39
35397,2020-11-21,76.39
35398,2020-11-22,76.39
35399,2020-11-23,76.39
35400,2020-11-24,81.94
35401,2020-11-25,81.94
35402,2020-11-26,81.94
35403,2020-11-27,81.94
35404,2020-11-28,81.94
35405,2020-11-29,81.94
35406,2020-11-30,81.94
35407,2020-12-01,81.94
35408,2020-12-02,81.94
35409,2020-12-03,81.94
35410,2020-12-04,81.94
35411,2020-12-05,81.94
35412,2020-12-06,81.94
35413,2020-12-07,81.94
35414,2020-12-08,78.24
35415,2020-12-09,78.24
35416,2020-12-10,78.24
35417,2020-12-11,78.24
35418,2020-12-12,78.24
35419,2020-12-13,78.24
35420,2020-12-14,78.24
35421,2020-12-15,78.24
35422,2020-12-16,78.24
35423,2020-12-17,78.24
35424,2020-12-18,78.24
35425,2020-12-19,78.24
35426,2020-12-20,78.24
35427,2020-12-21,78.24
35428,2020-12-22,78.24
35429,2020-12-23,78.24
35430,2020-12-24,78.24
35431,2020-12-25,78.24
35432,2020-12-26,78.24
35433,2020-12-27,78.24
35434,2020-12-28,78.24
35435,2020-12-29,78.24
35436,2020-12-30,78.24
35437,2020-12-31,78.24
35438,2021-01-01,78.24
35439,2021-01-02,78.24
35440,2021-01-03,78.24
35441,2021-01-04,78.24
35442,2021-01-05,78.24
35443,2021-01-06,78.24
35444,2021-01-07,78.24
35445,2021-01-08,78.24
35446,2021-01-09,78.24
35447,2021-01-10,78.24
35448,2021-01-11,78.24
35449,2021-01-12,78.24
35450,2021-01-13,78.24
35451,2021-01-14,78.24
35452,2021-01-15,78.24
35453,2021-01-16,78.24
35454,2021-01-17,78.24
35455,2021-01-18,78.24
35456,2021-01-19,78.24
35457,2021-01-20,78.24
35458,2021-01-21,78.24
35459,2021-01-22,78.24
35460,2021-01-23,78.24
35461,2021-01-24,78.24
35462,2021-01-25,78.24
35463,2021-01-26,78.24
35464,2021-01-27,78.24
35465,2021-01-28,78.24
35466,2021-01-29,78.24
35467,2021-01-30,78.24
35468,2021-01-31,78.24
35469,2021-02-01,78.24
35470,2021-02-02,78.24
35471,2021-02-03,78.24
35472,2021-02-04,78.24
35473,2021-02-05,78.24
35474,2021-02-06,78.24
35475,2021-02-07,78.24
35476,2021-02-08,78.24
35477,2021-02-09,78.24
35478,2021-02-10,78.24
35479,2021-02-11,78.24
35480,2021-02-12,78.24
35481,2021-02-13,78.24
35482,2021-02-14,78.24
35483,2021-02-15,78.24
35484,2021-02-16,78.24
35485,2021-02-17,78.24
35486,2021-02-18,78.24
35487,2021-02-19,78.24
35488,2021-02-20,78.24
35489,2021-02-21,78.24
35490,2021-02-22,61.57
35491,2021-02-23,61.57
35492,2021-02-24,61.57
35493,2021-02-25,61.57
35494,2021-02-26,61.57
35495,2021-02-27,61.57
35496,2021-02-28,61.57
35497,2021-03-01,56.02
35498,2021-03-02,56.02
35499,2021-03-03,56.02
35500,2021-03-04,56.02
35501,2021-03-05,56.02
35502,2021-03-06,56.02
35503,2021-03-07,56.02
35504,2021-03-08,56.02
35505,2021-03-09,56.02
35506,2021-03-10,56.02
35507,2021-03-11,56.02
35508,2021-03-12,56.02
35509,2021-03-13,56.02
35510,2021-03-14,56.02
35511,2021-03-15,51.39
35512,2021-03-16,51.39
35513,2021-03-17,51.39
35514,2021-03-18,51.39
35515,2021-03-19,51.39
35516,2021-03-20,51.39
35517,2021-03-21,51.39
35518,2021-03-22,51.39
35519,2021-03-23,51.39
35520,2021-03-24,51.39
35521,2021-03-25,51.39
35522,2021-03-26,51.39
35523,2021-03-27,51.39
35524,2021-03-28,51.39
35525,2021-03-29,44.44
35526,2021-03-30,44.44
35527,2021-03-31,50.0
35528,2021-04-01,50.0
35529,2021-04-02,50.0
35530,2021-04-03,50.0
35531,2021-04-04,50.0
35532,2021-04-05,78.24
35533,2021-04-06,78.24
35534,2021-04-07,78.24
35535,2021-04-08,78.24
35536,2021-04-09,78.24
35537,2021-04-10,78.24
35538,2021-04-11,78.24
35539,2021-04-12,78.24
35540,2021-04-13,78.24
35541,2021-04-14,78.24
35542,2021-04-15,78.24
35543,2021-04-16,78.24
35544,2021-04-17,78.24
35545,2021-04-18,78.24
35546,2021-04-19,78.24
35547,2021-04-20,78.24
35548,2021-04-21,78.24
35549,2021-04-22,78.24
35550,2021-04-23,78.24
35551,2021-04-24,78.24
35552,2021-04-25,78.24
35553,2021-04-26,78.24
35554,2021-04-27,78.24
35555,2021-04-28,78.24
35556,2021-04-29,78.24
35557,2021-04-30,78.24
35558,2021-05-01,78.24
35559,2021-05-02,78.24
35560,2021-05-03,78.24
35561,2021-05-04,67.13
35562,2021-05-05,67.13
35563,2021-05-06,63.43
35564,2021-05-07,63.43
35565,2021-05-08,63.43
35566,2021-05-09,63.43
35567,2021-05-10,63.43
35568,2021-05-11,63.43
35569,2021-05-12,61.57
35570,2021-05-13,61.57
35571,2021-05-14,67.13
35572,2021-05-15,67.13
35573,2021-05-16,68.98
35574,2021-05-17,68.98
35575,2021-05-18,68.98
35576,2021-05-19,68.98
35577,2021-05-20,68.98
35578,2021-05-21,68.98
35579,2021-05-22,68.98
35580,2021-05-23,68.98
35581,2021-05-24,68.98
35582,2021-05-25,68.98
35583,2021-05-26,68.98
35584,2021-05-27,68.98
35585,2021-05-28,68.98
35586,2021-05-29,72.69
35587,2021-05-30,72.69
35588,2021-05-31,72.69
35589,2021-06-01,72.69
35590,2021-06-02,72.69
35591,2021-06-03,72.69
35592,2021-06-04,72.69
35593,2021-06-05,72.69
35594,2021-06-06,72.69
35595,2021-06-07,72.69
35596,2021-06-08,72.69
35597,2021-06-09,72.69
35598,2021-06-10,72.69
35599,2021-06-11,76.39
35600,2021-06-12,76.39
35601,2021-06-13,76.39
35602,2021-06-14,76.39
35603,2021-06-15,76.39
35604,2021-06-16,76.39
35605,2021-06-17,76.39
35606,2021-06-18,76.39
35607,2021-06-19,76.39
35608,2021-06-20,76.39
35609,2021-06-21,76.39
35610,2021-06-22,76.39
35611,2021-06-23,76.39
35612,2021-06-24,72.69
35613,2021-06-25,72.69
35614,2021-06-26,72.69
35615,2021-06-27,72.69
35616,2021-06-28,72.69
35617,2021-06-29,72.69
35618,2021-06-30,72.69
35619,2021-07-01,72.69
35620,2021-07-02,67.13
35621,2021-07-03,67.13
35622,2021-07-04,67.13
35623,2021-07-05,67.13
35624,2021-07-06,67.13
35625,2021-07-07,76.39
35626,2021-07-08,76.39
35627,2021-07-09,76.39
35628,2021-07-10,76.39
35629,2021-07-11,76.39
35630,2021-07-12,76.39
35631,2021-07-13,76.39
35632,2021-07-14,76.39
35633,2021-07-15,76.39
35634,2021-07-16,76.39
35635,2021-07-17,76.39
35636,2021-07-18,76.39
35637,2021-07-19,76.39
35638,2021-07-20,73.61
35639,2021-07-21,73.61
35640,2021-07-22,73.61
35641,2021-07-23,73.61
35642,2021-07-24,73.61
35643,2021-07-25,73.61
35644,2021-07-26,73.61
35645,2021-07-27,73.61
35646,2021-07-28,73.61
35647,2021-07-29,73.61
35648,2021-07-30,73.61
35649,2021-07-31,79.17
35650,2021-08-01,79.17
35651,2021-08-02,79.17
35652,2021-08-03,79.17
35653,2021-08-04,79.17
35654,2021-08-05,79.17
35655,2021-08-06,79.17
35656,2021-08-07,79.17
35657,2021-08-08,79.17
35658,2021-08-09,79.17
35659,2021-08-10,79.17
35660,2021-08-11,79.17
35661,2021-08-12,79.17
35662,2021-08-13,79.17
35663,2021-08-14,79.17
35664,2021-08-15,79.17
35665,2021-08-16,79.17
35666,2021-08-17,79.17
35667,2021-08-18,79.17
35668,2021-08-19,79.17
35669,2021-08-20,79.17
35670,2021-08-21,79.17
35671,2021-08-22,79.17
35672,2021-08-23,79.17
35673,2021-08-24,79.17
35674,2021-08-25,79.17
35675,2021-08-26,79.17
35676,2021-08-27,79.17
35677,2021-08-28,79.17
35678,2021-08-29,79.17
35679,2021-08-30,79.17
35680,2021-08-31,79.17
35681,2021-09-01,73.61
35682,2021-09-02,73.61
35683,2021-09-03,73.61
35684,2021-09-04,73.61
35685,2021-09-05,73.61
35686,2021-09-06,73.61
35687,2021-09-07,73.61
35688,2021-09-08,73.61
35689,2021-09-09,73.61
35690,2021-09-10,73.61
35691,2021-09-11,79.17
35692,2021-09-12,79.17
35693,2021-09-13,79.17
35694,2021-09-14,79.17
35695,2021-09-15,79.17
35696,2021-09-16,79.17
35697,2021-09-17,79.17
35698,2021-09-18,79.17
35699,2021-09-19,79.17
35700,2021-09-20,79.17
35701,2021-09-21,79.17
35702,2021-09-22,79.17
35703,2021-09-23,79.17
35704,2021-09-24,79.17
35705,2021-09-25,79.17
35706,2021-09-26,79.17
35707,2021-09-27,79.17
35708,2021-09-28,79.17
35709,2021-09-29,79.17
35710,2021-09-30,79.17
35711,2021-10-01,79.17
35712,2021-10-02,79.17
35713,2021-10-03,79.17
35714,2021-10-04,79.17
35715,2021-10-05,79.17
35716,2021-10-06,79.17
35717,2021-10-07,79.17
35718,2021-10-08,79.17
35719,2021-10-09,79.17
35720,2021-10-10,79.17
35721,2021-10-11,79.17
35722,2021-10-12,79.17
35723,2021-10-13,79.17
35724,2021-10-14,79.17
35725,2021-10-15,73.61
35726,2021-10-16,73.61
35727,2021-10-17,73.61
35728,2021-10-18,73.61
35729,2021-10-19,79.17
35730,2021-10-20,79.17
35731,2021-10-21,79.17
35732,2021-10-22,79.17
35733,2021-10-23,79.17
35734,2021-10-24,79.17
35735,2021-10-25,79.17
35736,2021-10-26,79.17
35737,2021-10-27,79.17
35738,2021-10-28,79.17
35739,2021-10-29,79.17
35740,2021-10-30,79.17
35741,2021-10-31,79.17
35742,2021-11-01,79.17
35743,2021-11-02,79.17
35744,2021-11-03,79.17
35745,2021-11-04,79.17
35746,2021-11-05,79.17
35747,2021-11-06,79.17
35748,2021-11-07,79.17
35749,2021-11-08,79.17
35750,2021-11-09,79.17
35751,2021-11-10,79.17
35752,2021-11-11,79.17
35753,2021-11-12,79.17
35754,2021-11-13,79.17
35755,2021-11-14,79.17
35756,2021-11-15,79.17
35757,2021-11-16,79.17
35758,2021-11-17,79.17
35759,2021-11-18,79.17
35760,2021-11-19,79.17
35761,2021-11-20,79.17
35762,2021-11-21,79.17
35763,2021-11-22,79.17
35764,2021-11-23,79.17
35765,2021-11-24,79.17
35766,2021-11-25,79.17
35767,2021-11-26,79.17
35768,2021-11-27,79.17
35769,2021-11-28,79.17
35770,2021-11-29,79.17
35771,2021-11-30,79.17
35772,2021-12-01,79.17
35773,2021-12-02,79.17
35774,2021-12-03,79.17
35775,2021-12-04,79.17
35776,2021-12-05,79.17
35777,2021-12-06,79.17
35778,2021-12-07,79.17
35779,2021-12-08,79.17
35780,2021-12-09,79.17
35781,2021-12-10,79.17
35782,2021-12-11,79.17
35783,2021-12-12,79.17
35784,2021-12-13,79.17
35785,2021-12-14,79.17
35786,2021-12-15,79.17
35787,2021-12-16,79.17
35788,2021-12-17,79.17
35789,2021-12-18,79.17
35790,2021-12-19,79.17
35791,2021-12-20,79.17
35792,2021-12-21,79.17
35793,2021-12-22,79.17
35794,2021-12-23,79.17
35795,2021-12-24,79.17
35796,2021-12-25,79.17
35797,2021-12-26,79.17
35798,2021-12-27,79.17
35799,2021-12-28,79.17
35800,2021-12-29,79.17
35801,2021-12-30,79.17
35802,2021-12-31,79.17
35803,2022-01-01,79.17
35804,2022-01-02,79.17
35805,2022-01-03,79.17
35806,2022-01-04,79.17
35807,2022-01-05,79.17
35808,2022-01-06,79.17
35809,2022-01-07,79.17
35810,2022-01-08,79.17
35811,2022-01-09,79.17
35812,2022-01-10,79.17
35813,2022-01-11,79.17
35814,2022-01-12,79.17
35815,2022-01-13,79.17
35816,2022-01-14,79.17
35817,2022-01-15,79.17
35818,2022-01-16,79.17
35819,2022-01-17,79.17
35820,2022-01-18,79.17
35821,2022-01-19,79.17
35822,2022-01-20,79.17
35823,2022-01-21,79.17
35824,2022-01-22,79.17
35825,2022-01-23,79.17
35826,2022-01-24,75.46
35827,2022-01-25,79.17
35828,2022-01-26,79.17
35829,2022-01-27,79.17
35830,2022-01-28,79.17
35831,2022-01-29,79.17
35832,2022-01-30,79.17
35833,2022-01-31,79.17
35834,2022-02-01,79.17
35835,2022-02-02,79.17
35836,2022-02-03,79.17
35837,2022-02-04,79.17
35838,2022-02-05,79.17
35839,2022-02-06,79.17
35840,2022-02-07,79.17
35841,2022-02-08,79.17
35842,2022-02-09,79.17
35843,2022-02-10,79.17
35844,2022-02-11,79.17
35845,2022-02-12,79.17
35846,2022-02-13,79.17
35847,2022-02-14,79.17
35848,2022-02-15,79.17
35849,2022-02-16,79.17
35850,2022-02-17,79.17
35851,2022-02-18,79.17
35852,2022-02-19,79.17
35853,2022-02-20,79.17
35854,2022-02-21,79.17
35855,2022-02-22,79.17
35856,2022-02-23,79.17
35857,2022-02-24,79.17
35858,2022-02-25,79.17
35859,2022-02-26,79.17
35860,2022-02-27,79.17
35861,2022-02-28,79.17
35862,2022-03-01,79.17
35863,2022-03-02,79.17
35864,2022-03-03,79.17
35865,2022-03-04,79.17
35866,2022-03-05,79.17
35867,2022-03-06,79.17
35868,2022-03-07,79.17
35869,2022-03-08,79.17
35870,2022-03-09,79.17
35871,2022-03-10,79.17
35872,2022-03-11,79.17
35873,2022-03-12,79.17
35874,2022-03-13,79.17
35875,2022-03-14,79.17
35876,2022-03-15,79.17
35877,2022-03-16,79.17
35878,2022-03-17,79.17
35879,2022-03-18,79.17
35880,2022-03-19,79.17
35881,2022-03-20,79.17
35882,2022-03-21,79.17
35883,2022-03-22,79.17
35884,2022-03-23,79.17
35885,2022-03-24,79.17
35886,2022-03-25,79.17
35887,2022-03-26,79.17
35888,2022-03-27,79.17
35889,2022-03-28,79.17
35890,2022-03-29,79.17
35891,2022-03-30,79.17
35892,2022-03-31,79.17
35893,2022-04-01,79.17
35894,2022-04-02,79.17
35895,2022-04-03,79.17
35896,2022-04-04,79.17
35897,2022-04-05,79.17
35898,2022-04-06,79.17
35899,2022-04-07,79.17
35900,2022-04-08,79.17
35901,2022-04-09,79.17
35902,2022-04-10,79.17
35903,2022-04-11,79.17
35904,2022-04-12,79.17
35905,2022-04-13,79.17
35906,2022-04-14,79.17
35907,2022-04-15,79.17
35908,2022-04-16,75.46
35909,2022-04-17,75.46
35910,2022-04-18,79.17
35911,2022-04-19,79.17
35912,2022-04-20,79.17
35913,2022-04-21,79.17
35914,2022-04-22,79.17
35915,2022-04-23,79.17
35916,2022-04-24,79.17
35917,2022-04-25,79.17
35918,2022-04-26,79.17
35919,2022-04-27,79.17
35920,2022-04-28,79.17
35921,2022-04-29,79.17
35922,2022-04-30,79.17
35923,2022-05-01,79.17
35924,2022-05-02,79.17
35925,2022-05-03,79.17
35926,2022-05-04,79.17
35927,2022-05-05,79.17
35928,2022-05-06,79.17
35929,2022-05-07,79.17
35930,2022-05-08,79.17
35931,2022-05-09,79.17
35932,2022-05-10,79.17
35933,2022-05-11,79.17
35934,2022-05-12,79.17
35935,2022-05-13,79.17
35936,2022-05-14,79.17
35937,2022-05-15,79.17
35938,2022-05-16,79.17
35939,2022-05-17,79.17
35940,2022-05-18,79.17
35941,2022-05-19,79.17
35942,2022-05-20,79.17
35943,2022-05-21,79.17
35944,2022-05-22,79.17
35945,2022-05-23,79.17
35946,2022-05-24,79.17
35947,2022-05-25,79.17
35948,2022-05-26,79.17
35949,2022-05-27,79.17
35950,2022-05-28,79.17
35951,2022-05-29,79.17
35952,2022-05-30,79.17
35953,2022-05-31,79.17
35954,2022-06-01,79.17
35955,2022-06-02,79.17
35956,2022-06-03,79.17
35957,2022-06-04,79.17
35958,2022-06-05,79.17
35959,2022-06-06,79.17
35960,2022-06-07,79.17
35961,2022-06-08,79.17
35962,2022-06-09,79.17
35963,2022-06-10,79.17
35964,2022-06-11,79.17
35965,2022-06-12,79.17
35966,2022-06-13,79.17
35967,2022-06-14,79.17
35968,2022-06-15,79.17
35969,2022-06-16,79.17
35970,2022-06-17,79.17
35971,2022-06-18,79.17
35972,2022-06-19,79.17
35973,2022-06-20,79.17
35974,2022-06-21,79.17
35975,2022-06-22,79.17
35976,2022-06-23,79.17
35977,2022-06-24,79.17
35978,2022-06-25,79.17
35979,2022-06-26,79.17
35980,2022-06-27,79.17
35981,2022-06-28,79.17
35982,2022-06-29,79.17
35983,2022-06-30,79.17
35984,2022-07-01,79.17
35985,2022-07-02,79.17
35986,2022-07-03,79.17
35987,2022-07-04,79.17
35988,2022-07-05,79.17
35989,2022-07-06,79.17
35990,2022-07-07,79.17
35991,2022-07-08,79.17
35992,2022-07-09,79.17
35993,2022-07-10,79.17
35994,2022-07-11,79.17
35995,2022-07-12,79.17
35996,2022-07-13,79.17
35997,2022-07-14,79.17
35998,2022-07-15,79.17
35999,2022-07-16,79.17
36000,2022-07-17,79.17
36001,2022-07-18,79.17
36002,2022-07-19,79.17
36003,2022-07-20,79.17
36004,2022-07-21,79.17
36005,2022-07-22,79.17
36006,2022-07-23,79.17
36007,2022-07-24,79.17
36008,2022-07-25,79.17
36009,2022-07-26,79.17
36010,2022-07-27,79.17
36011,2022-07-28,79.17
36012,2022-07-29,79.17
36013,2022-07-30,79.17
36014,2022-07-31,79.17
36015,2022-08-01,79.17
36016,2022-08-02,79.17
36017,2022-08-03,79.17
36018,2022-08-04,79.17
36019,2022-08-05,79.17
36020,2022-08-06,79.17
36021,2022-08-07,79.17
36022,2022-08-08,79.17
36023,2022-08-09,79.17
36024,2022-08-10,79.17
36025,2022-08-11,79.17
36026,2022-08-12,79.17
36027,2022-08-13,79.17
36028,2022-08-14,79.17
36029,2022-08-15,79.17
36030,2022-08-16,79.17
36031,2022-08-17,79.17
36032,2022-08-18,79.17
36033,2022-08-19,79.17
36034,2022-08-20,79.17
36035,2022-08-21,79.17
36036,2022-08-22,79.17
36037,2022-08-23,79.17
36038,2022-08-24,79.17
36039,2022-08-25,79.17
36040,2022-08-26,79.17
36041,2022-08-27,79.17
36042,2022-08-28,79.17
36043,2022-08-29,79.17
36044,2022-08-30,79.17
36045,2022-08-31,79.17
36046,2022-09-01,79.17
36047,2022-09-02,79.17
36048,2022-09-03,79.17
36049,2022-09-04,79.17
36050,2022-09-05,79.17
36051,2022-09-06,79.17
36052,2022-09-07,79.17
36053,2022-09-08,79.17
36054,2022-09-09,79.17
36055,2022-09-10,79.17
36056,2022-09-11,79.17
36057,2022-09-12,79.17
36058,2022-09-13,79.17
36059,2022-09-14,79.17
36060,2022-09-15,79.17
36061,2022-09-16,79.17
36062,2022-09-17,79.17
36063,2022-09-18,79.17
36064,2022-09-19,79.17
36065,2022-09-20,79.17
36066,2022-09-21,79.17
36067,2022-09-22,79.17
36068,2022-09-23,79.17
36069,2022-09-24,79.17
36070,2022-09-25,79.17
36071,2022-09-26,79.17
36072,2022-09-27,79.17
36073,2022-09-28,79.17
36074,2022-09-29,79.17
36075,2022-09-30,79.17
36076,2022-10-01,79.17
36077,2022-10-02,79.17
36078,2022-10-03,79.17
36079,2022-10-04,79.17
36080,2022-10-05,79.17
36081,2022-10-06,79.17
36082,2022-10-07,79.17
36083,2022-10-08,79.17
36084,2022-10-09,79.17
36085,2022-10-10,79.17
36086,2022-10-11,79.17
36087,2022-10-12,79.17
36088,2022-10-13,79.17
36089,2022-10-14,79.17
36090,2022-10-15,79.17
36091,2022-10-16,79.17
36092,2022-10-17,79.17
36093,2022-10-18,79.17
36094,2022-10-19,79.17
36095,2022-10-20,79.17
36096,2022-10-21,79.17
36097,2022-10-22,79.17
36098,2022-10-23,79.17
36099,2022-10-24,79.17
36100,2022-10-25,79.17
36101,2022-10-26,79.17
36102,2022-10-27,79.17
36103,2022-10-28,79.17
36104,2022-10-29,79.17
36105,2022-10-30,79.17
36106,2022-10-31,79.17
36107,2022-11-01,79.17
36108,2022-11-02,79.17
36109,2022-11-03,79.17
36110,2022-11-04,79.17
36111,2022-11-05,79.17
36112,2022-11-06,79.17
36113,2022-11-07,79.17
36114,2022-11-08,79.17
36115,2022-11-09,79.17
36116,2022-11-10,79.17
36117,2022-11-11,79.17
36118,2022-11-12,79.17
36119,2022-11-13,79.17
36120,2022-11-14,79.17
36121,2022-11-15,79.17
36122,2022-11-16,79.17
36123,2022-11-17,79.17
36124,2022-11-18,79.17
36125,2022-11-19,79.17
36126,2022-11-20,79.17
36127,2022-11-21,79.17
36128,2022-11-22,79.17
36129,2022-11-23,79.17
36130,2022-11-24,79.17
36131,2022-11-25,79.17
36132,2022-11-26,79.17
36133,2022-11-27,79.17
36134,2022-11-28,79.17
36135,2022-11-29,79.17
36136,2022-11-30,79.17
36137,2022-12-01,79.17
36138,2022-12-02,79.17
36139,2022-12-03,79.17
36140,2022-12-04,79.17
36141,2022-12-05,79.17
36142,2022-12-06,79.17
36143,2022-12-07,79.17
36144,2022-12-08,68.98
36145,2022-12-09,68.98
36146,2022-12-10,68.98
36147,2022-12-11,68.98
36148,2022-12-12,68.98
36149,2022-12-13,60.65
36150,2022-12-14,55.09
36151,2022-12-15,55.09
36152,2022-12-16,55.09
36153,2022-12-17,55.09
36154,2022-12-18,55.09
36155,2022-12-19,49.54
36156,2022-12-20,49.54
36157,2022-12-21,49.54
36158,2022-12-22,49.54
36159,2022-12-23,49.54
36160,2022-12-24,49.54
36161,2022-12-25,49.54
36162,2022-12-26,49.54
36163,2022-12-27,49.54
36164,2022-12-28,49.54
36165,2022-12-29,49.54
36166,2022-12-30,49.54
36167,2022-12-31,49.54
83296,2020-01-01,0.0
83297,2020-01-02,0.0
83298,2020-01-03,0.0
83299,2020-01-04,0.0
83300,2020-01-05,0.0
83301,2020-01-06,0.0
83302,2020-01-07,0.0
83303,2020-01-08,0.0
83304,2020-01-09,0.0
83305,2020-01-10,0.0
83306,2020-01-11,0.0
83307,2020-01-12,0.0
83308,2020-01-13,0.0
83309,2020-01-14,0.0
83310,2020-01-15,0.0
83311,2020-01-16,0.0
83312,2020-01-17,0.0
83313,2020-01-18,0.0
83314,2020-01-19,0.0
83315,2020-01-20,0.0
83316,2020-01-21,0.0
83317,2020-01-22,0.0
83318,2020-01-23,0.0
83319,2020-01-24,0.0
83320,2020-01-25,5.56
83321,2020-01-26,10.19
83322,2020-01-27,10.19
83323,2020-01-28,10.19
83324,2020-01-29,10.19
83325,2020-01-30,10.19
83326,2020-01-31,10.19
83327,2020-02-01,10.19
83328,2020-02-02,10.19
83329,2020-02-03,10.19
83330,2020-02-04,10.19
83331,2020-02-05,10.19
83332,2020-02-06,10.19
83333,2020-02-07,10.19
83334,2020-02-08,10.19
83335,2020-02-09,10.19
83336,2020-02-10,10.19
83337,2020-02-11,10.19
83338,2020-02-12,10.19
83339,2020-02-13,10.19
83340,2020-02-14,10.19
83341,2020-02-15,10.19
83342,2020-02-16,10.19
83343,2020-02-17,10.19
83344,2020-02-18,10.19
83345,2020-02-19,10.19
83346,2020-02-20,10.19
83347,2020-02-21,10.19
83348,2020-02-22,10.19
83349,2020-02-23,10.19
83350,2020-02-24,10.19
83351,2020-02-25,10.19
83352,2020-02-26,10.19
83353,2020-02-27,10.19
83354,2020-02-28,10.19
83355,2020-02-29,10.19
83356,2020-03-01,10.19
83357,2020-03-02,10.19
83358,2020-03-03,10.19
83359,2020-03-04,10.19
83360,2020-03-05,26.85
83361,2020-03-06,26.85
83362,2020-03-07,26.85
83363,2020-03-08,26.85
83364,2020-03-09,26.85
83365,2020-03-10,26.85
83366,2020-03-11,26.85
83367,2020-03-12,26.85
83368,2020-03-13,41.67
83369,2020-03-14,41.67
83370,2020-03-15,44.44
83371,2020-03-16,44.44
83372,2020-03-17,44.44
83373,2020-03-18,44.44
83374,2020-03-19,44.44
83375,2020-03-20,44.44
83376,2020-03-21,44.44
83377,2020-03-22,100.0
83378,2020-03-23,86.57
83379,2020-03-24,86.57
83380,2020-03-25,100.0
83381,2020-03-26,100.0
83382,2020-03-27,100.0
83383,2020-03-28,100.0
83384,2020-03-29,100.0
83385,2020-03-30,100.0
83386,2020-03-31,100.0
83387,2020-04-01,100.0
83388,2020-04-02,100.0
83389,2020-04-03,100.0
83390,2020-04-04,100.0
83391,2020-04-05,100.0
83392,2020-04-06,100.0
83393,2020-04-07,100.0
83394,2020-04-08,100.0
83395,2020-04-09,100.0
83396,2020-04-10,100.0
83397,2020-04-11,100.0
83398,2020-04-12,100.0
83399,2020-04-13,100.0
83400,2020-04-14,100.0
83401,2020-04-15,100.0
83402,2020-04-16,100.0
83403,2020-04-17,100.0
83404,2020-04-18,100.0
83405,2020-04-19,100.0
83406,2020-04-20,96.3
83407,2020-04-21,96.3
83408,2020-04-22,96.3
83409,2020-04-23,96.3
83410,2020-04-24,96.3
83411,2020-04-25,96.3
83412,2020-04-26,96.3
83413,2020-04-27,96.3
83414,2020-04-28,96.3
83415,2020-04-29,96.3
83416,2020-04-30,96.3
83417,2020-05-01,96.3
83418,2020-05-02,96.3
83419,2020-05-03,96.3
83420,2020-05-04,81.94
83421,2020-05-05,81.94
83422,2020-05-06,81.94
83423,2020-05-07,81.94
83424,2020-05-08,81.94
83425,2020-05-09,81.94
83426,2020-05-10,81.94
83427,2020-05-11,81.94
83428,2020-05-12,81.94
83429,2020-05-13,81.94
83430,2020-05-14,81.94
83431,2020-05-15,81.94
83432,2020-05-16,81.94
83433,2020-05-17,81.94
83434,2020-05-18,81.94
83435,2020-05-19,81.94
83436,2020-05-20,81.94
83437,2020-05-21,81.94
83438,2020-05-22,81.94
83439,2020-05-23,81.94
83440,2020-05-24,81.94
83441,2020-05-25,81.94
83442,2020-05-26,81.94
83443,2020-05-27,81.94
83444,2020-05-28,81.94
83445,2020-05-29,81.94
83446,2020-05-30,81.94
83447,2020-05-31,81.94
83448,2020-06-01,87.5
83449,2020-06-02,87.5
83450,2020-06-03,87.5
83451,2020-06-04,87.5
83452,2020-06-05,87.5
83453,2020-06-06,87.5
83454,2020-06-07,87.5
83455,2020-06-08,87.5
83456,2020-06-09,87.5
83457,2020-06-10,87.5
83458,2020-06-11,87.5
83459,2020-06-12,87.5
83460,2020-06-13,87.5
83461,2020-06-14,87.5
83462,2020-06-15,87.5
83463,2020-06-16,87.5
83464,2020-06-17,87.5
83465,2020-06-18,87.5
83466,2020-06-19,87.5
83467,2020-06-20,87.5
83468,2020-06-21,87.5
83469,2020-06-22,87.5
83470,2020-06-23,87.5
83471,2020-06-24,87.5
83472,2020-06-25,87.5
83473,2020-06-26,87.5
83474,2020-06-27,87.5
83475,2020-06-28,87.5
83476,2020-06-29,87.5
83477,2020-06-30,87.5
83478,2020-07-01,87.5
83479,2020-07-02,87.5
83480,2020-07-03,87.5
83481,2020-07-04,87.5
83482,2020-07-05,87.5
83483,2020-07-06,87.5
83484,2020-07-07,87.5
83485,2020-07-08,87.5
83486,2020-07-09,87.5
83487,2020-07-10,87.5
83488,2020-07-11,87.5
83489,2020-07-12,87.5
83490,2020-07-13,87.5
83491,2020-07-14,87.5
83492,2020-07-15,87.5
83493,2020-07-16,87.5
83494,2020-07-17,87.5
83495,2020-07-18,87.5
83496,2020-07-19,87.5
83497,2020-07-20,87.5
83498,2020-07-21,87.5
83499,2020-07-22,87.5
83500,2020-07-23,87.5
83501,2020-07-24,87.5
83502,2020-07-25,87.5
83503,2020-07-26,87.5
83504,2020-07-27,87.5
83505,2020-07-28,87.5
83506,2020-07-29,87.5
83507,2020-07-30,87.5
83508,2020-07-31,87.5
83509,2020-08-01,85.65
83510,2020-08-02,85.65
83511,2020-08-03,85.65
83512,2020-08-04,85.65
83513,2020-08-05,85.65
83514,2020-08-06,85.65
83515,2020-08-07,85.65
83516,2020-08-08,85.65
83517,2020-08-09,85.65
83518,2020-08-10,85.65
83519,2020-08-11,85.65
83520,2020-08-12,85.65
83521,2020-08-13,85.65
83522,2020-08-14,85.65
83523,2020-08-15,85.65
83524,2020-08-16,85.65
83525,2020-08-17,85.65
83526,2020-08-18,85.65
83527,2020-08-19,85.65
83528,2020-08-20,85.65
83529,2020-08-21,85.65
83530,2020-08-22,85.65
83531,2020-08-23,85.65
83532,2020-08-24,85.65
83533,2020-08-25,85.65
83534,2020-08-26,85.65
83535,2020-08-27,85.65
83536,2020-08-28,85.65
83537,2020-08-29,85.65
83538,2020-08-30,85.65
83539,2020-08-31,85.65
83540,2020-09-01,81.94
83541,2020-09-02,81.94
83542,2020-09-03,81.94
83543,2020-09-04,81.94
83544,2020-09-05,81.94
83545,2020-09-06,81.94
83546,2020-09-07,76.39
83547,2020-09-08,76.39
83548,2020-09-09,76.39
83549,2020-09-10,76.39
83550,2020-09-11,76.39
83551,2020-09-12,76.39
83552,2020-09-13,76.39
83553,2020-09-14,76.39
83554,2020-09-15,76.39
83555,2020-09-16,76.39
83556,2020-09-17,76.39
83557,2020-09-18,76.39
83558,2020-09-19,76.39
83559,2020-09-20,76.39
83560,2020-09-21,70.83
83561,2020-09-22,70.83
83562,2020-09-23,70.83
83563,2020-09-24,70.83
83564,2020-09-25,70.83
83565,2020-09-26,70.83
83566,2020-09-27,70.83
83567,2020-09-28,70.83
83568,2020-09-29,70.83
83569,2020-09-30,70.83
83570,2020-10-01,70.83
83571,2020-10-02,70.83
83572,2020-10-03,70.83
83573,2020-10-04,70.83
83574,2020-10-05,70.83
83575,2020-10-06,70.83
83576,2020-10-07,70.83
83577,2020-10-08,70.83
83578,2020-10-09,70.83
83579,2020-10-10,70.83
83580,2020-10-11,70.83
83581,2020-10-12,70.83
83582,2020-10-13,70.83
83583,2020-10-14,70.83
83584,2020-10-15,61.57
83585,2020-10-16,61.57
83586,2020-10-17,61.57
83587,2020-10-18,61.57
83588,2020-10-19,61.57
83589,2020-10-20,61.57
83590,2020-10-21,61.57
83591,2020-10-22,61.57
83592,2020-10-23,61.57
83593,2020-10-24,61.57
83594,2020-10-25,61.57
83595,2020-10-26,61.57
83596,2020-10-27,58.8
83597,2020-10-28,58.8
83598,2020-10-29,58.8
83599,2020-10-30,58.8
83600,2020-10-31,58.8
83601,2020-11-01,58.8
83602,2020-11-02,58.8
83603,2020-11-03,58.8
83604,2020-11-04,58.8
83605,2020-11-05,58.8
83606,2020-11-06,58.8
83607,2020-11-07,58.8
83608,2020-11-08,58.8
83609,2020-11-09,58.8
83610,2020-11-10,58.8
83611,2020-11-11,58.8
83612,2020-11-12,58.8
83613,2020-11-13,58.8
83614,2020-11-14,58.8
83615,2020-11-15,58.8
83616,2020-11-16,58.8
83617,2020-11-17,58.8
83618,2020-11-18,58.8
83619,2020-11-19,58.8
83620,2020-11-20,58.8
83621,2020-11-21,66.2
83622,2020-11-22,66.2
83623,2020-11-23,66.2
83624,2020-11-24,66.2
83625,2020-11-25,66.2
83626,2020-11-26,66.2
83627,2020-11-27,66.2
83628,2020-11-28,66.2
83629,2020-11-29,66.2
83630,2020-11-30,66.2
83631,2020-12-01,66.2
83632,2020-12-02,66.2
83633,2020-12-03,66.2
83634,2020-12-04,66.2
83635,2020-12-05,66.2
83636,2020-12-06,66.2
83637,2020-12-07,66.2
83638,2020-12-08,66.2
83639,2020-12-09,66.2
83640,2020-12-10,66.2
83641,2020-12-11,66.2
83642,2020-12-12,66.2
83643,2020-12-13,66.2
83644,2020-12-14,66.2
83645,2020-12-15,66.2
83646,2020-12-16,66.2
83647,2020-12-17,66.2
83648,2020-12-18,66.2
83649,2020-12-19,66.2
83650,2020-12-20,66.2
83651,2020-12-21,66.2
83652,2020-12-22,66.2
83653,2020-12-23,66.2
83654,2020-12-24,66.2
83655,2020-12-25,66.2
83656,2020-12-26,66.2
83657,2020-12-27,66.2
83658,2020-12-28,66.2
83659,2020-12-29,66.2
83660,2020-12-30,66.2
83661,2020-12-31,66.2
83662,2021-01-01,66.2
83663,2021-01-02,66.2
83664,2021-01-03,66.2
83665,2021-01-04,66.2
83666,2021-01-05,66.2
83667,2021-01-06,66.2
83668,2021-01-07,66.2
83669,2021-01-08,66.2
83670,2021-01-09,66.2
83671,2021-01-10,66.2
83672,2021-01-11,66.2
83673,2021-01-12,66.2
83674,2021-01-13,66.2
83675,2021-01-14,66.2
83676,2021-01-15,66.2
83677,2021-01-16,66.2
83678,2021-01-17,66.2
83679,2021-01-18,66.2
83680,2021-01-19,66.2
83681,2021-01-20,66.2
83682,2021-01-21,66.2
83683,2021-01-22,66.2
83684,2021-01-23,66.2
83685,2021-01-24,66.2
83686,2021-01-25,66.2
83687,2021-01-26,67.13
83688,2021-01-27,61.57
83689,2021-01-28,61.57
83690,2021-01-29,61.57
83691,2021-01-30,61.57
83692,2021-01-31,61.57
83693,2021-02-01,61.57
83694,2021-02-02,61.57
83695,2021-02-03,61.57
83696,2021-02-04,61.57
83697,2021-02-05,61.57
83698,2021-02-06,61.57
83699,2021-02-07,61.57
83700,2021-02-08,61.57
83701,2021-02-09,61.57
83702,2021-02-10,61.57
83703,2021-02-11,61.57
83704,2021-02-12,61.57
83705,2021-02-13,61.57
83706,2021-02-14,61.57
83707,2021-02-15,61.57
83708,2021-02-16,61.57
83709,2021-02-17,61.57
83710,2021-02-18,61.57
83711,2021-02-19,61.57
83712,2021-02-20,61.57
83713,2021-02-21,61.57
83714,2021-02-22,61.57
83715,2021-02-23,61.57
83716,2021-02-24,63.43
83717,2021-02-25,63.43
83718,2021-02-26,63.43
83719,2021-02-27,63.43
83720,2021-02-28,63.43
83721,2021-03-01,63.43
83722,2021-03-02,63.43
83723,2021-03-03,63.43
83724,2021-03-04,63.43
83725,2021-03-05,63.43
83726,2021-03-06,63.43
83727,2021-03-07,63.43
83728,2021-03-08,63.43
83729,2021-03-09,57.87
83730,2021-03-10,57.87
83731,2021-03-11,57.87
83732,2021-03-12,57.87
83733,2021-03-13,57.87
83734,2021-03-14,57.87
83735,2021-03-15,57.87
83736,2021-03-16,57.87
83737,2021-03-17,57.87
83738,2021-03-18,57.87
83739,2021-03-19,57.87
83740,2021-03-20,57.87
83741,2021-03-21,57.87
83742,2021-03-22,57.87
83743,2021-03-23,57.87
83744,2021-03-24,57.87
83745,2021-03-25,57.87
83746,2021-03-26,57.87
83747,2021-03-27,57.87
83748,2021-03-28,57.87
83749,2021-03-29,57.87
83750,2021-03-30,57.87
83751,2021-03-31,57.87
83752,2021-04-01,57.87
83753,2021-04-02,57.87
83754,2021-04-03,74.54
83755,2021-04-04,74.54
83756,2021-04-05,69.91
83757,2021-04-06,69.91
83758,2021-04-07,69.91
83759,2021-04-08,69.91
83760,2021-04-09,69.91
83761,2021-04-10,69.91
83762,2021-04-11,69.91
83763,2021-04-12,69.91
83764,2021-04-13,69.91
83765,2021-04-14,69.91
83766,2021-04-15,69.91
83767,2021-04-16,69.91
83768,2021-04-17,69.91
83769,2021-04-18,69.91
83770,2021-04-19,73.61
83771,2021-04-20,73.61
83772,2021-04-21,73.61
83773,2021-04-22,73.61
83774,2021-04-23,73.61
83775,2021-04-24,73.61
83776,2021-04-25,73.61
83777,2021-04-26,73.61
83778,2021-04-27,73.61
83779,2021-04-28,73.61
83780,2021-04-29,73.61
83781,2021-04-30,73.61
83782,2021-05-01,73.61
83783,2021-05-02,73.61
83784,2021-05-03,73.61
83785,2021-05-04,73.61
83786,2021-05-05,73.61
83787,2021-05-06,73.61
83788,2021-05-07,73.61
83789,2021-05-08,73.61
83790,2021-05-09,73.61
83791,2021-05-10,81.94
83792,2021-05-11,81.94
83793,2021-05-12,81.94
83794,2021-05-13,81.94
83795,2021-05-14,81.94
83796,2021-05-15,81.94
83797,2021-05-16,81.94
83798,2021-05-17,81.94
83799,2021-05-18,81.94
83800,2021-05-19,81.94
83801,2021-05-20,81.94
83802,2021-05-21,81.94
83803,2021-05-22,81.94
83804,2021-05-23,81.94
83805,2021-05-24,81.94
83806,2021-05-25,81.94
83807,2021-05-26,81.94
83808,2021-05-27,81.94
83809,2021-05-28,81.94
83810,2021-05-29,81.94
83811,2021-05-30,81.94
83812,2021-05-31,81.94
83813,2021-06-01,81.94
83814,2021-06-02,81.94
83815,2021-06-03,81.94
83816,2021-06-04,81.94
83817,2021-06-05,81.94
83818,2021-06-06,81.94
83819,2021-06-07,81.94
83820,2021-06-08,81.94
83821,2021-06-09,81.94
83822,2021-06-10,81.94
83823,2021-06-11,81.94
83824,2021-06-12,81.94
83825,2021-06-13,81.94
83826,2021-06-14,81.94
83827,2021-06-15,81.94
83828,2021-06-16,81.94
83829,2021-06-17,81.94
83830,2021-06-18,81.94
83831,2021-06-19,81.94
83832,2021-06-20,81.94
83833,2021-06-21,81.94
83834,2021-06-22,81.94
83835,2021-06-23,81.94
83836,2021-06-24,81.94
83837,2021-06-25,81.94
83838,2021-06-26,81.94
83839,2021-06-27,81.94
83840,2021-06-28,81.94
83841,2021-06-29,81.94
83842,2021-06-30,81.94
83843,2021-07-01,81.94
83844,2021-07-02,81.94
83845,2021-07-03,81.94
83846,2021-07-04,81.94
83847,2021-07-05,81.94
83848,2021-07-06,81.94
83849,2021-07-07,81.94
83850,2021-07-08,81.94
83851,2021-07-09,81.94
83852,2021-07-10,81.94
83853,2021-07-11,81.94
83854,2021-07-12,81.94
83855,2021-07-13,81.94
83856,2021-07-14,81.94
83857,2021-07-15,81.94
83858,2021-07-16,81.94
83859,2021-07-17,81.94
83860,2021-07-18,81.94
83861,2021-07-19,81.94
83862,2021-07-20,81.94
83863,2021-07-21,78.24
83864,2021-07-22,78.24
83865,2021-07-23,78.24
83866,2021-07-24,78.24
83867,2021-07-25,78.24
83868,2021-07-26,74.54
83869,2021-07-27,74.54
83870,2021-07-28,74.54
83871,2021-07-29,74.54
83872,2021-07-30,74.54
83873,2021-07-31,74.54
83874,2021-08-01,74.54
83875,2021-08-02,74.54
83876,2021-08-03,74.54
83877,2021-08-04,74.54
83878,2021-08-05,74.54
83879,2021-08-06,74.54
83880,2021-08-07,74.54
83881,2021-08-08,74.54
83882,2021-08-09,74.54
83883,2021-08-10,74.54
83884,2021-08-11,74.54
83885,2021-08-12,74.54
83886,2021-08-13,74.54
83887,2021-08-14,74.54
83888,2021-08-15,69.64
83889,2021-08-16,69.64
83890,2021-08-17,69.62
83891,2021-08-18,69.61
83892,2021-08-19,69.6
83893,2021-08-20,69.58
83894,2021-08-21,69.57
83895,2021-08-22,69.56
83896,2021-08-23,69.55
83897,2021-08-24,69.54
83898,2021-08-25,69.51
83899,2021-08-26,69.5
83900,2021-08-27,69.46
83901,2021-08-28,69.44
83902,2021-08-29,69.41
83903,2021-08-30,69.4
83904,2021-08-31,69.38
83905,2021-09-01,69.34
83906,2021-09-02,69.32
83907,2021-09-03,69.3
83908,2021-09-04,69.29
83909,2021-09-05,69.27
83910,2021-09-06,69.26
83911,2021-09-07,69.23
83912,2021-09-08,63.64
83913,2021-09-09,63.61
83914,2021-09-10,63.6
83915,2021-09-11,63.57
83916,2021-09-12,63.55
83917,2021-09-13,63.51
83918,2021-09-14,63.5
83919,2021-09-15,63.47
83920,2021-09-16,63.43
83921,2021-09-17,63.4
83922,2021-09-18,63.33
83923,2021-09-19,63.3
83924,2021-09-20,63.26
83925,2021-09-21,63.23
83926,2021-09-22,63.21
83927,2021-09-23,63.16
83928,2021-09-24,63.12
83929,2021-09-25,63.1
83930,2021-09-26,63.08
83931,2021-09-27,63.03
83932,2021-09-28,63.01
83933,2021-09-29,62.98
83934,2021-09-30,62.95
83935,2021-10-01,62.92
83936,2021-10-02,62.89
83937,2021-10-03,62.86
83938,2021-10-04,62.84
83939,2021-10-05,62.81
83940,2021-10-06,62.79
83941,2021-10-07,62.77
83942,2021-10-08,62.73
83943,2021-10-09,62.7
83944,2021-10-10,62.66
83945,2021-10-11,62.64
83946,2021-10-12,59.83
83947,2021-10-13,59.81
83948,2021-10-14,59.79
83949,2021-10-15,59.78
83950,2021-10-16,59.77
83951,2021-10-17,59.75
83952,2021-10-18,59.73
83953,2021-10-19,59.69
83954,2021-10-20,59.64
83955,2021-10-21,59.62
83956,2021-10-22,59.58
83957,2021-10-23,59.56
83958,2021-10-24,59.52
83959,2021-10-25,53.95
83960,2021-10-26,53.91
83961,2021-10-27,53.87
83962,2021-10-28,53.84
83963,2021-10-29,53.78
83964,2021-10-30,53.74
83965,2021-10-31,53.72
83966,2021-11-01,53.69
83967,2021-11-02,53.68
83968,2021-11-03,53.64
83969,2021-11-04,53.63
83970,2021-11-05,53.63
83971,2021-11-06,53.61
83972,2021-11-07,53.59
83973,2021-11-08,53.56
83974,2021-11-09,47.98
83975,2021-11-10,47.94
83976,2021-11-11,47.9
83977,2021-11-12,47.84
83978,2021-11-13,47.79
83979,2021-11-14,49.82
83980,2021-11-15,49.78
83981,2021-11-16,49.73
83982,2021-11-17,49.67
83983,2021-11-18,49.6
83984,2021-11-19,49.57
83985,2021-11-20,49.48
83986,2021-11-21,49.45
83987,2021-11-22,57.72
83988,2021-11-23,57.66
83989,2021-11-24,57.58
83990,2021-11-25,57.54
83991,2021-11-26,57.44
83992,2021-11-27,56.3
83993,2021-11-28,56.2
83994,2021-11-29,56.14
83995,2021-11-30,56.06
83996,2021-12-01,58.76
83997,2021-12-02,58.65
83998,2021-12-03,58.59
83999,2021-12-04,58.47
84000,2021-12-05,58.42
84001,2021-12-06,58.37
84002,2021-12-07,58.29
84003,2021-12-08,58.21
84004,2021-12-09,58.12
84005,2021-12-10,58.08
84006,2021-12-11,57.92
84007,2021-12-12,57.88
84008,2021-12-13,57.84
84009,2021-12-14,56.34
84010,2021-12-15,56.27
84011,2021-12-16,56.23
84012,2021-12-17,56.13
84013,2021-12-18,56.05
84014,2021-12-19,56.01
84015,2021-12-20,55.97
84016,2021-12-21,55.88
84017,2021-12-22,55.85
84018,2021-12-23,55.77
84019,2021-12-24,55.7
84020,2021-12-25,55.6
84021,2021-12-26,55.59
84022,2021-12-27,55.55
84023,2021-12-28,55.47
84024,2021-12-29,59.07
84025,2021-12-30,59.03
84026,2021-12-31,68.64
84027,2022-01-01,68.58
84028,2022-01-02,68.56
84029,2022-01-03,68.69
84030,2022-01-04,68.67
84031,2022-01-05,68.65
84032,2022-01-06,68.63
84033,2022-01-07,68.6
84034,2022-01-08,68.59
84035,2022-01-09,68.56
84036,2022-01-10,68.55
84037,2022-01-11,68.51
84038,2022-01-12,68.49
84039,2022-01-13,68.46
84040,2022-01-14,68.45
84041,2022-01-15,68.42
84042,2022-01-16,68.4
84043,2022-01-17,68.39
84044,2022-01-18,68.39
84045,2022-01-19,76.39
84046,2022-01-20,76.34
84047,2022-01-21,78.05
84048,2022-01-22,78.01
84049,2022-01-23,77.98
84050,2022-01-24,77.98
84051,2022-01-25,76.15
84052,2022-01-26,76.11
84053,2022-01-27,76.09
84054,2022-01-28,77.87
84055,2022-01-29,77.84
84056,2022-01-30,77.81
84057,2022-01-31,75.92
84058,2022-02-01,74.01
84059,2022-02-02,73.97
84060,2022-02-03,73.93
84061,2022-02-04,73.89
84062,2022-02-05,75.75
84063,2022-02-06,75.74
84064,2022-02-07,73.82
84065,2022-02-08,69.21
84066,2022-02-09,69.17
84067,2022-02-10,69.17
84068,2022-02-11,69.11
84069,2022-02-12,69.09
84070,2022-02-13,69.06
84071,2022-02-14,66.28
84072,2022-02-15,64.52
84073,2022-02-16,64.5
84074,2022-02-17,64.48
84075,2022-02-18,64.46
84076,2022-02-19,64.45
84077,2022-02-20,64.44
84078,2022-02-21,64.43
84079,2022-02-22,64.41
84080,2022-02-23,64.4
84081,2022-02-24,64.38
84082,2022-02-25,64.37
84083,2022-02-26,64.35
84084,2022-02-27,64.34
84085,2022-02-28,64.33
84086,2022-03-01,55.07
84087,2022-03-02,55.06
84088,2022-03-03,55.04
84089,2022-03-04,55.03
84090,2022-03-05,55.02
84091,2022-03-06,55.01
84092,2022-03-07,55.0
84093,2022-03-08,54.99
84094,2022-03-09,54.98
84095,2022-03-10,54.97
84096,2022-03-11,54.96
84097,2022-03-12,54.95
84098,2022-03-13,54.95
84099,2022-03-14,54.94
84100,2022-03-15,46.6
84101,2022-03-16,46.59
84102,2022-03-17,46.58
84103,2022-03-18,46.58
84104,2022-03-19,46.58
84105,2022-03-20,46.57
84106,2022-03-21,46.57
84107,2022-03-22,46.56
84108,2022-03-23,46.55
84109,2022-03-24,46.55
84110,2022-03-25,46.54
84111,2022-03-26,43.06
84112,2022-03-27,43.06
84113,2022-03-28,43.06
84114,2022-03-29,43.06
84115,2022-03-30,43.06
84116,2022-03-31,43.06
84117,2022-04-01,40.28
84118,2022-04-02,40.28
84119,2022-04-03,40.28
84120,2022-04-04,50.46
84121,2022-04-05,50.46
84122,2022-04-06,50.46
84123,2022-04-07,50.46
84124,2022-04-08,50.46
84125,2022-04-09,50.46
84126,2022-04-10,50.46
84127,2022-04-11,50.46
84128,2022-04-12,50.46
84129,2022-04-13,50.46
84130,2022-04-14,50.46
84131,2022-04-15,50.46
84132,2022-04-16,50.46
84133,2022-04-17,50.46
84134,2022-04-18,50.46
84135,2022-04-19,50.46
84136,2022-04-20,50.46
84137,2022-04-21,50.46
84138,2022-04-22,50.46
84139,2022-04-23,50.46
84140,2022-04-24,50.46
84141,2022-04-25,50.46
84142,2022-04-26,37.04
84143,2022-04-27,37.04
84144,2022-04-28,37.04
84145,2022-04-29,37.04
84146,2022-04-30,37.04
84147,2022-05-01,37.04
84148,2022-05-02,37.04
84149,2022-05-03,37.04
84150,2022-05-04,37.04
84151,2022-05-05,37.04
84152,2022-05-06,37.04
84153,2022-05-07,37.04
84154,2022-05-08,37.04
84155,2022-05-09,37.04
84156,2022-05-10,37.04
84157,2022-05-11,37.04
84158,2022-05-12,37.04
84159,2022-05-13,37.04
84160,2022-05-14,37.04
84161,2022-05-15,37.04
84162,2022-05-16,37.04
84163,2022-05-17,37.04
84164,2022-05-18,37.04
84165,2022-05-19,37.04
84166,2022-05-20,37.04
84167,2022-05-21,37.04
84168,2022-05-22,37.04
84169,2022-05-23,37.04
84170,2022-05-24,37.04
84171,2022-05-25,37.04
84172,2022-05-26,37.04
84173,2022-05-27,37.04
84174,2022-05-28,37.04
84175,2022-05-29,37.04
84176,2022-05-30,37.04
84177,2022-05-31,37.04
84178,2022-06-01,37.04
84179,2022-06-02,37.04
84180,2022-06-03,37.04
84181,2022-06-04,37.04
84182,2022-06-05,37.04
84183,2022-06-06,37.04
84184,2022-06-07,37.04
84185,2022-06-08,37.04
84186,2022-06-09,37.04
84187,2022-06-10,37.04
84188,2022-06-11,37.04
84189,2022-06-12,37.04
84190,2022-06-13,37.04
84191,2022-06-14,37.04
84192,2022-06-15,37.04
84193,2022-06-16,37.04
84194,2022-06-17,37.04
84195,2022-06-18,37.04
84196,2022-06-19,37.04
84197,2022-06-20,37.04
84198,2022-06-21,37.04
84199,2022-06-22,37.04
84200,2022-06-23,37.04
84201,2022-06-24,37.04
84202,2022-06-25,37.04
84203,2022-06-26,37.04
84204,2022-06-27,37.04
84205,2022-06-28,37.04
84206,2022-06-29,37.04
84207,2022-06-30,37.04
84208,2022-07-01,37.04
84209,2022-07-02,37.04
84210,2022-07-03,37.04
84211,2022-07-04,37.04
84212,2022-07-05,37.04
84213,2022-07-06,37.04
84214,2022-07-07,37.04
84215,2022-07-08,37.04
84216,2022-07-09,37.04
84217,2022-07-10,37.04
84218,2022-07-11,37.04
84219,2022-07-12,37.04
84220,2022-07-13,37.04
84221,2022-07-14,37.04
84222,2022-07-15,37.04
84223,2022-07-16,37.04
84224,2022-07-17,37.04
84225,2022-07-18,37.04
84226,2022-07-19,37.04
84227,2022-07-20,37.04
84228,2022-07-21,37.04
84229,2022-07-22,37.04
84230,2022-07-23,37.04
84231,2022-07-24,37.04
84232,2022-07-25,37.04
84233,2022-07-26,37.04
84234,2022-07-27,37.04
84235,2022-07-28,37.04
84236,2022-07-29,37.04
84237,2022-07-30,37.04
84238,2022-07-31,37.04
84239,2022-08-01,37.04
84240,2022-08-02,31.48
84241,2022-08-03,31.48
84242,2022-08-04,31.48
84243,2022-08-05,31.48
84244,2022-08-06,31.48
84245,2022-08-07,31.48
84246,2022-08-08,31.48
84247,2022-08-09,31.48
84248,2022-08-10,31.48
84249,2022-08-11,31.48
84250,2022-08-12,31.48
84251,2022-08-13,31.48
84252,2022-08-14,31.48
84253,2022-08-15,31.48
84254,2022-08-16,31.48
84255,2022-08-17,31.48
84256,2022-08-18,31.48
84257,2022-08-19,31.48
84258,2022-08-20,31.48
84259,2022-08-21,31.48
84260,2022-08-22,31.48
84261,2022-08-23,31.48
84262,2022-08-24,31.48
84263,2022-08-25,31.48
84264,2022-08-26,31.48
84265,2022-08-27,31.48
84266,2022-08-28,31.48
84267,2022-08-29,31.48
84268,2022-08-30,31.48
84269,2022-08-31,31.48
84270,2022-09-01,31.48
84271,2022-09-02,31.48
84272,2022-09-03,31.48
84273,2022-09-04,31.48
84274,2022-09-05,31.48
84275,2022-09-06,31.48
84276,2022-09-07,31.48
84277,2022-09-08,31.48
84278,2022-09-09,31.48
84279,2022-09-10,31.48
84280,2022-09-11,31.48
84281,2022-09-12,31.48
84282,2022-09-13,31.48
84283,2022-09-14,31.48
84284,2022-09-15,31.48
84285,2022-09-16,31.48
84286,2022-09-17,31.48
84287,2022-09-18,31.48
84288,2022-09-19,31.48
84289,2022-09-20,31.48
84290,2022-09-21,31.48
84291,2022-09-22,31.48
84292,2022-09-23,31.48
84293,2022-09-24,31.48
84294,2022-09-25,31.48
84295,2022-09-26,31.48
84296,2022-09-27,31.48
84297,2022-09-28,31.48
84298,2022-09-29,31.48
84299,2022-09-30,31.48
84300,2022-10-01,31.48
84301,2022-10-02,31.48
84302,2022-10-03,31.48
84303,2022-10-04,31.48
84304,2022-10-05,31.48
84305,2022-10-06,31.48
84306,2022-10-07,31.48
84307,2022-10-08,31.48
84308,2022-10-09,31.48
84309,2022-10-10,31.48
84310,2022-10-11,31.48
84311,2022-10-12,31.48
84312,2022-10-13,31.48
84313,2022-10-14,31.48
84314,2022-10-15,31.48
84315,2022-10-16,31.48
84316,2022-10-17,31.48
84317,2022-10-18,31.48
84318,2022-10-19,31.48
84319,2022-10-20,31.48
84320,2022-10-21,31.48
84321,2022-10-22,31.48
84322,2022-10-23,31.48
84323,2022-10-24,31.48
84324,2022-10-25,31.48
84325,2022-10-26,31.48
84326,2022-10-27,31.48
84327,2022-10-28,31.48
84328,2022-10-29,31.48
84329,2022-10-30,31.48
84330,2022-10-31,31.48
84331,2022-11-01,31.48
84332,2022-11-02,31.48
84333,2022-11-03,31.48
84334,2022-11-04,31.48
84335,2022-11-05,31.48
84336,2022-11-06,31.48
84337,2022-11-07,31.48
84338,2022-11-08,31.48
84339,2022-11-09,31.48
84340,2022-11-10,31.48
84341,2022-11-11,31.48
84342,2022-11-12,31.48
84343,2022-11-13,31.48
84344,2022-11-14,31.48
84345,2022-11-15,31.48
84346,2022-11-16,31.48
84347,2022-11-17,31.48
84348,2022-11-18,31.48
84349,2022-11-19,31.48
84350,2022-11-20,31.48
84351,2022-11-21,31.48
84352,2022-11-22,28.7
84353,2022-11-23,28.7
84354,2022-11-24,28.7
84355,2022-11-25,28.7
84356,2022-11-26,28.7
84357,2022-11-27,28.7
84358,2022-11-28,28.7
84359,2022-11-29,28.7
84360,2022-11-30,28.7
84361,2022-12-01,28.7
84362,2022-12-02,28.7
84363,2022-12-03,28.7
84364,2022-12-04,28.7
84365,2022-12-05,28.7
84366,2022-12-06,28.7
84367,2022-12-07,28.7
84368,2022-12-08,28.7
84369,2022-12-09,28.7
84370,2022-12-10,28.7
84371,2022-12-11,28.7
84372,2022-12-12,28.7
84373,2022-12-13,28.7
84374,2022-12-14,28.7
84375,2022-12-15,28.7
84376,2022-12-16,28.7
84377,2022-12-17,28.7
84378,2022-12-18,28.7
84379,2022-12-19,28.7
84380,2022-12-20,28.7
84381,2022-12-21,28.7
84382,2022-12-22,28.7
84383,2022-12-23,28.7
84384,2022-12-24,28.7
84385,2022-12-25,28.7
84386,2022-12-26,28.7
84387,2022-12-27,28.7
84388,2022-12-28,28.7
84389,2022-12-29,28.7
84390,2022-12-30,28.7
84391,2022-12-31,28.7
191800,2020-01-01,0.0
191801,2020-01-02,0.0
191802,2020-01-03,0.0
191803,2020-01-04,0.0
191804,2020-01-05,0.0
191805,2020-01-06,0.0
191806,2020-01-07,0.0
191807,2020-01-08,0.0
191808,2020-01-09,0.0
191809,2020-01-10,0.0
191810,2020-01-11,0.0
191811,2020-01-12,0.0
191812,2020-01-13,0.0
191813,2020-01-14,0.0
191814,2020-01-15,0.0
191815,2020-01-16,0.0
191816,2020-01-17,0.0
191817,2020-01-18,0.0
191818,2020-01-19,0.0
191819,2020-01-20,0.0
191820,2020-01-21,0.0
191821,2020-01-22,0.0
191822,2020-01-23,0.0
191823,2020-01-24,0.0
191824,2020-01-25,0.0
191825,2020-01-26,0.0
191826,2020-01-27,0.0
191827,2020-01-28,0.0
191828,2020-01-29,0.0
191829,2020-01-30,0.0
191830,2020-01-31,0.0
191831,2020-02-01,0.0
191832,2020-02-02,5.56
191833,2020-02-03,5.56
191834,2020-02-04,5.56
191835,2020-02-05,5.56
191836,2020-02-06,5.56
191837,2020-02-07,5.56
191838,2020-02-08,5.56
191839,2020-02-09,5.56
191840,2020-02-10,5.56
191841,2020-02-11,8.33
191842,2020-02-12,8.33
191843,2020-02-13,8.33
191844,2020-02-14,8.33
191845,2020-02-15,8.33
191846,2020-02-16,8.33
191847,2020-02-17,8.33
191848,2020-02-18,8.33
191849,2020-02-19,8.33
191850,2020-02-20,8.33
191851,2020-02-21,8.33
191852,2020-02-22,8.33
191853,2020-02-23,8.33
191854,2020-02-24,8.33
191855,2020-02-25,8.33
191856,2020-02-26,8.33
191857,2020-02-27,8.33
191858,2020-02-28,8.33
191859,2020-02-29,8.33
191860,2020-03-01,11.11
191861,2020-03-02,11.11
191862,2020-03-03,11.11
191863,2020-03-04,11.11
191864,2020-03-05,20.37
191865,2020-03-06,20.37
191866,2020-03-07,20.37
191867,2020-03-08,20.37
191868,2020-03-09,20.37
191869,2020-03-10,20.37
191870,2020-03-11,21.76
191871,2020-03-12,30.09
191872,2020-03-13,30.09
191873,2020-03-14,35.65
191874,2020-03-15,41.2
191875,2020-03-16,52.31
191876,2020-03-17,55.09
191877,2020-03-18,55.09
191878,2020-03-19,67.13
191879,2020-03-20,67.13
191880,2020-03-21,72.69
191881,2020-03-22,72.69
191882,2020-03-23,72.69
191883,2020-03-24,72.69
191884,2020-03-25,72.69
191885,2020-03-26,72.69
191886,2020-03-27,72.69
191887,2020-03-28,72.69
191888,2020-03-29,72.69
191889,2020-03-30,72.69
191890,2020-03-31,72.69
191891,2020-04-01,72.69
191892,2020-04-02,72.69
191893,2020-04-03,72.69
191894,2020-04-04,72.69
191895,2020-04-05,72.69
191896,2020-04-06,72.69
191897,2020-04-07,72.69
191898,2020-04-08,72.69
191899,2020-04-09,72.69
191900,2020-04-10,72.69
191901,2020-04-11,72.69
191902,2020-04-12,72.69
191903,2020-04-13,72.69
191904,2020-04-14,72.69
191905,2020-04-15,72.69
191906,2020-04-16,72.69
191907,2020-04-17,72.69
191908,2020-04-18,72.69
191909,2020-04-19,72.69
191910,2020-04-20,72.69
191911,2020-04-21,72.69
191912,2020-04-22,72.69
191913,2020-04-23,72.69
191914,2020-04-24,72.69
191915,2020-04-25,72.69
191916,2020-04-26,72.69
191917,2020-04-27,72.69
191918,2020-04-28,72.69
191919,2020-04-29,72.69
191920,2020-04-30,72.69
191921,2020-05-01,72.69
191922,2020-05-02,72.69
191923,2020-05-03,72.69
191924,2020-05-04,72.69
191925,2020-05-05,72.69
191926,2020-05-06,72.69
191927,2020-05-07,72.69
191928,2020-05-08,72.69
191929,2020-05-09,72.69
191930,2020-05-10,72.69
191931,2020-05-11,72.69
191932,2020-05-12,72.69
191933,2020-05-13,72.69
191934,2020-05-14,72.69
191935,2020-05-15,72.69
191936,2020-05-16,72.69
191937,2020-05-17,72.69
191938,2020-05-18,72.69
191939,2020-05-19,72.69
191940,2020-05-20,72.69
191941,2020-05-21,72.69
191942,2020-05-22,72.69
191943,2020-05-23,72.69
191944,2020-05-24,72.69
191945,2020-05-25,72.69
191946,2020-05-26,72.69
191947,2020-05-27,72.69
191948,2020-05-28,72.69
191949,2020-05-29,72.69
191950,2020-05-30,72.69
191951,2020-05-31,72.69
191952,2020-06-01,72.69
191953,2020-06-02,72.69
191954,2020-06-03,72.69
191955,2020-06-04,72.69
191956,2020-06-05,72.69
191957,2020-06-06,72.69
191958,2020-06-07,72.69
191959,2020-06-08,72.69
191960,2020-06-09,72.69
191961,2020-06-10,72.69
191962,2020-06-11,72.69
191963,2020-06-12,72.69
191964,2020-06-13,72.69
191965,2020-06-14,72.69
191966,2020-06-15,68.98
191967,2020-06-16,68.98
191968,2020-06-17,68.98
191969,2020-06-18,68.98
191970,2020-06-19,68.98
191971,2020-06-20,68.98
191972,2020-06-21,68.98
191973,2020-06-22,68.98
191974,2020-06-23,68.98
191975,2020-06-24,68.98
191976,2020-06-25,68.98
191977,2020-06-26,68.98
191978,2020-06-27,68.98
191979,2020-06-28,68.98
191980,2020-06-29,68.98
191981,2020-06-30,68.98
191982,2020-07-01,68.98
191983,2020-07-02,68.98
191984,2020-07-03,68.98
191985,2020-07-04,68.98
191986,2020-07-05,68.98
191987,2020-07-06,68.98
191988,2020-07-07,68.98
191989,2020-07-08,68.98
191990,2020-07-09,68.98
191991,2020-07-10,68.98
191992,2020-07-11,68.98
191993,2020-07-12,68.98
191994,2020-07-13,68.98
191995,2020-07-14,68.98
191996,2020-07-15,68.98
191997,2020-07-16,68.98
191998,2020-07-17,68.98
191999,2020-07-18,68.98
192000,2020-07-19,68.98
192001,2020-07-20,68.98
192002,2020-07-21,68.98
192003,2020-07-22,68.98
192004,2020-07-23,68.98
192005,2020-07-24,68.98
192006,2020-07-25,68.98
192007,2020-07-26,68.98
192008,2020-07-27,68.98
192009,2020-07-28,68.98
192010,2020-07-29,68.98
192011,2020-07-30,68.98
192012,2020-07-31,68.98
192013,2020-08-01,68.98
192014,2020-08-02,68.98
192015,2020-08-03,68.98
192016,2020-08-04,68.98
192017,2020-08-05,68.98
192018,2020-08-06,68.98
192019,2020-08-07,68.98
192020,2020-08-08,68.98
192021,2020-08-09,68.98
192022,2020-08-10,68.98
192023,2020-08-11,68.98
192024,2020-08-12,68.98
192025,2020-08-13,68.98
192026,2020-08-14,68.98
192027,2020-08-15,68.98
192028,2020-08-16,68.98
192029,2020-08-17,68.98
192030,2020-08-18,68.98
192031,2020-08-19,68.98
192032,2020-08-20,68.98
192033,2020-08-21,68.98
192034,2020-08-22,68.98
192035,2020-08-23,68.98
192036,2020-08-24,68.98
192037,2020-08-25,68.98
192038,2020-08-26,68.98
192039,2020-08-27,68.98
192040,2020-08-28,68.98
192041,2020-08-29,68.98
192042,2020-08-30,68.98
192043,2020-08-31,68.98
192044,2020-09-01,68.98
192045,2020-09-02,68.98
192046,2020-09-03,68.98
192047,2020-09-04,68.98
192048,2020-09-05,68.98
192049,2020-09-06,68.98
192050,2020-09-07,68.98
192051,2020-09-08,68.98
192052,2020-09-09,68.98
192053,2020-09-10,68.98
192054,2020-09-11,68.98
192055,2020-09-12,66.2
192056,2020-09-13,66.2
192057,2020-09-14,66.2
192058,2020-09-15,66.2
192059,2020-09-16,66.2
192060,2020-09-17,66.2
192061,2020-09-18,66.2
192062,2020-09-19,66.2
192063,2020-09-20,66.2
192064,2020-09-21,66.2
192065,2020-09-22,66.2
192066,2020-09-23,66.2
192067,2020-09-24,66.2
192068,2020-09-25,66.2
192069,2020-09-26,66.2
192070,2020-09-27,66.2
192071,2020-09-28,66.2
192072,2020-09-29,66.2
192073,2020-09-30,66.2
192074,2020-10-01,66.2
192075,2020-10-02,66.2
192076,2020-10-03,66.2
192077,2020-10-04,66.2
192078,2020-10-05,66.2
192079,2020-10-06,66.2
192080,2020-10-07,66.2
192081,2020-10-08,66.2
192082,2020-10-09,66.2
192083,2020-10-10,66.2
192084,2020-10-11,66.2
192085,2020-10-12,66.2
192086,2020-10-13,66.2
192087,2020-10-14,66.2
192088,2020-10-15,66.2
192089,2020-10-16,66.2
192090,2020-10-17,66.2
192091,2020-10-18,66.2
192092,2020-10-19,66.2
192093,2020-10-20,66.2
192094,2020-10-21,66.2
192095,2020-10-22,66.2
192096,2020-10-23,66.2
192097,2020-10-24,66.2
192098,2020-10-25,66.2
192099,2020-10-26,66.2
192100,2020-10-27,66.2
192101,2020-10-28,66.2
192102,2020-10-29,66.2
192103,2020-10-30,66.2
192104,2020-10-31,66.2
192105,2020-11-01,66.2
192106,2020-11-02,66.2
192107,2020-11-03,66.2
192108,2020-11-04,66.2
192109,2020-11-05,66.2
192110,2020-11-06,66.2
192111,2020-11-07,66.2
192112,2020-11-08,66.2
192113,2020-11-09,68.98
192114,2020-11-10,68.98
192115,2020-11-11,68.98
192116,2020-11-12,68.98
192117,2020-11-13,68.98
192118,2020-11-14,68.98
192119,2020-11-15,68.98
192120,2020-11-16,75.46
192121,2020-11-17,75.46
192122,2020-11-18,75.46
192123,2020-11-19,75.46
192124,2020-11-20,75.46
192125,2020-11-21,75.46
192126,2020-11-22,75.46
192127,2020-11-23,75.46
192128,2020-11-24,75.46
192129,2020-11-25,75.46
192130,2020-11-26,75.46
192131,2020-11-27,75.46
192132,2020-11-28,75.46
192133,2020-11-29,75.46
192134,2020-11-30,75.46
192135,2020-12-01,75.46
192136,2020-12-02,71.76
192137,2020-12-03,71.76
192138,2020-12-04,71.76
192139,2020-12-05,71.76
192140,2020-12-06,71.76
192141,2020-12-07,71.76
192142,2020-12-08,71.76
192143,2020-12-09,71.76
192144,2020-12-10,71.76
192145,2020-12-11,71.76
192146,2020-12-12,71.76
192147,2020-12-13,71.76
192148,2020-12-14,71.76
192149,2020-12-15,71.76
192150,2020-12-16,71.76
192151,2020-12-17,71.76
192152,2020-12-18,71.76
192153,2020-12-19,71.76
192154,2020-12-20,71.76
192155,2020-12-21,71.76
192156,2020-12-22,71.76
192157,2020-12-23,71.76
192158,2020-12-24,71.76
192159,2020-12-25,71.76
192160,2020-12-26,71.76
192161,2020-12-27,71.76
192162,2020-12-28,71.76
192163,2020-12-29,71.76
192164,2020-12-30,71.76
192165,2020-12-31,71.76
192166,2021-01-01,71.76
192167,2021-01-02,71.76
192168,2021-01-03,71.76
192169,2021-01-04,71.76
192170,2021-01-05,71.76
192171,2021-01-06,71.76
192172,2021-01-07,71.76
192173,2021-01-08,71.76
192174,2021-01-09,71.76
192175,2021-01-10,71.76
192176,2021-01-11,71.76
192177,2021-01-12,71.76
192178,2021-01-13,71.76
192179,2021-01-14,71.76
192180,2021-01-15,71.76
192181,2021-01-16,71.76
192182,2021-01-17,71.76
192183,2021-01-18,71.76
192184,2021-01-19,71.76
192185,2021-01-20,71.76
192186,2021-01-21,71.76
192187,2021-01-22,71.76
192188,2021-01-23,71.76
192189,2021-01-24,71.76
192190,2021-01-25,71.76
192191,2021-01-26,71.76
192192,2021-01-27,71.76
192193,2021-01-28,71.76
192194,2021-01-29,71.76
192195,2021-01-30,71.76
192196,2021-01-31,71.76
192197,2021-02-01,71.76
192198,2021-02-02,71.76
192199,2021-02-03,68.06
192200,2021-02-04,68.06
192201,2021-02-05,68.06
192202,2021-02-06,68.06
192203,2021-02-07,68.06
192204,2021-02-08,68.06
192205,2021-02-09,68.06
192206,2021-02-10,68.06
192207,2021-02-11,68.06
192208,2021-02-12,68.06
192209,2021-02-13,68.06
192210,2021-02-14,68.06
192211,2021-02-15,68.06
192212,2021-02-16,68.06
192213,2021-02-17,68.06
192214,2021-02-18,68.06
192215,2021-02-19,68.06
192216,2021-02-20,68.06
192217,2021-02-21,68.06
192218,2021-02-22,68.06
192219,2021-02-23,68.06
192220,2021-02-24,68.06
192221,2021-02-25,68.06
192222,2021-02-26,68.06
192223,2021-02-27,68.06
192224,2021-02-28,68.06
192225,2021-03-01,68.06
192226,2021-03-02,68.06
192227,2021-03-03,68.06
192228,2021-03-04,64.35
192229,2021-03-05,64.35
192230,2021-03-06,64.35
192231,2021-03-07,64.35
192232,2021-03-08,64.35
192233,2021-03-09,64.35
192234,2021-03-10,64.35
192235,2021-03-11,64.35
192236,2021-03-12,64.35
192237,2021-03-13,64.35
192238,2021-03-14,64.35
192239,2021-03-15,64.35
192240,2021-03-16,64.35
192241,2021-03-17,64.35
192242,2021-03-18,64.35
192243,2021-03-19,64.35
192244,2021-03-20,64.35
192245,2021-03-21,64.35
192246,2021-03-22,64.35
192247,2021-03-23,58.8
192248,2021-03-24,58.8
192249,2021-03-25,58.8
192250,2021-03-26,58.8
192251,2021-03-27,58.8
192252,2021-03-28,58.8
192253,2021-03-29,56.02
192254,2021-03-30,56.02
192255,2021-03-31,56.02
192256,2021-04-01,56.02
192257,2021-04-02,54.87
192258,2021-04-03,54.85
192259,2021-04-04,54.84
192260,2021-04-05,54.81
192261,2021-04-06,54.78
192262,2021-04-07,54.74
192263,2021-04-08,54.7
192264,2021-04-09,54.66
192265,2021-04-10,54.63
192266,2021-04-11,54.61
192267,2021-04-12,54.58
192268,2021-04-13,54.56
192269,2021-04-14,54.52
192270,2021-04-15,54.49
192271,2021-04-16,54.46
192272,2021-04-17,54.44
192273,2021-04-18,54.43
192274,2021-04-19,54.4
192275,2021-04-20,54.37
192276,2021-04-21,54.34
192277,2021-04-22,54.3
192278,2021-04-23,54.27
192279,2021-04-24,54.25
192280,2021-04-25,54.24
192281,2021-04-26,54.22
192282,2021-04-27,54.19
192283,2021-04-28,54.16
192284,2021-04-29,54.12
192285,2021-04-30,54.09
192286,2021-05-01,54.07
192287,2021-05-02,54.06
192288,2021-05-03,54.04
192289,2021-05-04,54.01
192290,2021-05-05,53.98
192291,2021-05-06,53.95
192292,2021-05-07,53.92
192293,2021-05-08,53.9
192294,2021-05-09,55.74
192295,2021-05-10,55.72
192296,2021-05-11,60.65
192297,2021-05-12,60.65
192298,2021-05-13,60.65
192299,2021-05-14,60.65
192300,2021-05-15,60.65
192301,2021-05-16,60.65
192302,2021-05-17,60.65
192303,2021-05-18,60.65
192304,2021-05-19,60.65
192305,2021-05-20,60.65
192306,2021-05-21,60.65
192307,2021-05-22,60.65
192308,2021-05-23,56.02
192309,2021-05-24,56.02
192310,2021-05-25,56.02
192311,2021-05-26,56.02
192312,2021-05-27,56.02
192313,2021-05-28,56.02
192314,2021-05-29,56.02
192315,2021-05-30,56.02
192316,2021-05-31,56.02
192317,2021-06-01,56.02
192318,2021-06-02,56.02
192319,2021-06-03,56.02
192320,2021-06-04,56.02
192321,2021-06-05,56.02
192322,2021-06-06,56.02
192323,2021-06-07,56.02
192324,2021-06-08,56.02
192325,2021-06-09,56.02
192326,2021-06-10,50.65
192327,2021-06-11,50.64
192328,2021-06-12,50.63
192329,2021-06-13,50.62
192330,2021-06-14,58.94
192331,2021-06-15,58.93
192332,2021-06-16,58.92
192333,2021-06-17,58.91
192334,2021-06-18,58.9
192335,2021-06-19,58.89
192336,2021-06-20,58.89
192337,2021-06-21,58.89
192338,2021-06-22,58.88
192339,2021-06-23,58.87
192340,2021-06-24,58.86
192341,2021-06-25,58.86
192342,2021-06-26,58.85
192343,2021-06-27,58.85
192344,2021-06-28,58.84
192345,2021-06-29,58.84
192346,2021-06-30,58.83
192347,2021-07-01,58.83
192348,2021-07-02,58.82
192349,2021-07-03,58.82
192350,2021-07-04,58.82
192351,2021-07-05,58.81
192352,2021-07-06,58.81
192353,2021-07-07,58.8
192354,2021-07-08,46.76
192355,2021-07-09,46.76
192356,2021-07-10,46.75
192357,2021-07-11,46.75
192358,2021-07-12,46.75
192359,2021-07-13,46.74
192360,2021-07-14,46.74
192361,2021-07-15,46.73
192362,2021-07-16,46.73
192363,2021-07-17,46.72
192364,2021-07-18,46.72
192365,2021-07-19,46.72
192366,2021-07-20,46.71
192367,2021-07-21,46.71
192368,2021-07-22,46.7
192369,2021-07-23,46.7
192370,2021-07-24,46.7
192371,2021-07-25,46.7
192372,2021-07-26,46.69
192373,2021-07-27,46.69
192374,2021-07-28,46.68
192375,2021-07-29,46.68
192376,2021-07-30,46.67
192377,2021-07-31,46.67
192378,2021-08-01,46.67
192379,2021-08-02,46.67
192380,2021-08-03,46.66
192381,2021-08-04,46.66
192382,2021-08-05,46.65
192383,2021-08-06,46.65
192384,2021-08-07,46.64
192385,2021-08-08,46.64
192386,2021-08-09,46.64
192387,2021-08-10,49.41
192388,2021-08-11,49.4
192389,2021-08-12,49.4
192390,2021-08-13,52.03
192391,2021-08-14,52.02
192392,2021-08-15,52.01
192393,2021-08-16,53.75
192394,2021-08-17,53.73
192395,2021-08-18,53.71
192396,2021-08-19,53.7
192397,2021-08-20,53.67
192398,2021-08-21,53.66
192399,2021-08-22,53.65
192400,2021-08-23,53.63
192401,2021-08-24,56.6
192402,2021-08-25,56.58
192403,2021-08-26,56.57
192404,2021-08-27,56.56
192405,2021-08-28,56.55
192406,2021-08-29,56.54
192407,2021-08-30,56.53
192408,2021-08-31,56.52
192409,2021-09-01,52.48
192410,2021-09-02,52.47
192411,2021-09-03,52.46
192412,2021-09-04,52.45
192413,2021-09-05,52.45
192414,2021-09-06,52.45
192415,2021-09-07,52.44
192416,2021-09-08,52.43
192417,2021-09-09,52.42
192418,2021-09-10,52.41
192419,2021-09-11,52.41
192420,2021-09-12,52.4
192421,2021-09-13,52.4
192422,2021-09-14,52.39
192423,2021-09-15,52.38
192424,2021-09-16,52.37
192425,2021-09-17,52.36
192426,2021-09-18,52.36
192427,2021-09-19,52.35
192428,2021-09-20,52.35
192429,2021-09-21,52.34
192430,2021-09-22,52.33
192431,2021-09-23,52.33
192432,2021-09-24,52.32
192433,2021-09-25,52.32
192434,2021-09-26,52.31
192435,2021-09-27,52.31
192436,2021-09-28,52.3
192437,2021-09-29,52.3
192438,2021-09-30,52.29
192439,2021-10-01,52.28
192440,2021-10-02,52.28
192441,2021-10-03,52.28
192442,2021-10-04,52.27
192443,2021-10-05,52.27
192444,2021-10-06,52.26
192445,2021-10-07,52.26
192446,2021-10-08,52.25
192447,2021-10-09,52.25
192448,2021-10-10,52.24
192449,2021-10-11,52.24
192450,2021-10-12,52.23
192451,2021-10-13,52.23
192452,2021-10-14,52.23
192453,2021-10-15,52.22
192454,2021-10-16,52.22
192455,2021-10-17,52.22
192456,2021-10-18,52.21
192457,2021-10-19,52.21
192458,2021-10-20,52.2
192459,2021-10-21,52.2
192460,2021-10-22,52.19
192461,2021-10-23,52.19
192462,2021-10-24,52.19
192463,2021-10-25,52.19
192464,2021-10-26,52.18
192465,2021-10-27,52.18
192466,2021-10-28,52.17
192467,2021-10-29,52.17
192468,2021-10-30,52.17
192469,2021-10-31,52.17
192470,2021-11-01,52.16
192471,2021-11-02,52.16
192472,2021-11-03,52.15
192473,2021-11-04,52.15
192474,2021-11-05,52.15
192475,2021-11-06,52.14
192476,2021-11-07,52.14
192477,2021-11-08,49.92
192478,2021-11-09,49.92
192479,2021-11-10,49.91
192480,2021-11-11,49.9
192481,2021-11-12,49.89
192482,2021-11-13,49.89
192483,2021-11-14,49.89
192484,2021-11-15,49.88
192485,2021-11-16,51.55
192486,2021-11-17,51.54
192487,2021-11-18,51.53
192488,2021-11-19,51.53
192489,2021-11-20,51.52
192490,2021-11-21,51.52
192491,2021-11-22,51.51
192492,2021-11-23,51.51
192493,2021-11-24,51.5
192494,2021-11-25,51.5
192495,2021-11-26,51.5
192496,2021-11-27,54.86
192497,2021-11-28,54.86
192498,2021-11-29,54.85
192499,2021-11-30,48.68
192500,2021-12-01,48.66
192501,2021-12-02,48.65
192502,2021-12-03,48.63
192503,2021-12-04,48.61
192504,2021-12-05,48.6
192505,2021-12-06,48.59
192506,2021-12-07,48.58
192507,2021-12-08,48.57
192508,2021-12-09,48.55
192509,2021-12-10,48.54
192510,2021-12-11,48.53
192511,2021-12-12,48.52
192512,2021-12-13,48.51
192513,2021-12-14,48.5
192514,2021-12-15,48.49
192515,2021-12-16,48.49
192516,2021-12-17,48.48
192517,2021-12-18,48.47
192518,2021-12-19,48.47
192519,2021-12-20,48.46
192520,2021-12-21,48.45
192521,2021-12-22,48.44
192522,2021-12-23,48.43
192523,2021-12-24,48.43
192524,2021-12-25,48.43
192525,2021-12-26,48.43
192526,2021-12-27,51.2
192527,2021-12-28,51.19
192528,2021-12-29,51.18
192529,2021-12-30,51.18
192530,2021-12-31,47.65
192531,2022-01-01,47.65
192532,2022-01-02,47.64
192533,2022-01-03,47.63
192534,2022-01-04,47.62
192535,2022-01-05,47.61
192536,2022-01-06,47.6
192537,2022-01-07,47.59
192538,2022-01-08,47.57
192539,2022-01-09,47.57
192540,2022-01-10,47.56
192541,2022-01-11,47.55
192542,2022-01-12,47.54
192543,2022-01-13,47.53
192544,2022-01-14,47.52
192545,2022-01-15,47.51
192546,2022-01-16,47.51
192547,2022-01-17,47.5
192548,2022-01-18,47.49
192549,2022-01-19,45.7
192550,2022-01-20,45.69
192551,2022-01-21,45.68
192552,2022-01-22,45.68
192553,2022-01-23,45.67
192554,2022-01-24,45.66
192555,2022-01-25,45.65
192556,2022-01-26,45.64
192557,2022-01-27,45.63
192558,2022-01-28,45.62
192559,2022-01-29,45.61
192560,2022-01-30,45.61
192561,2022-01-31,45.6
192562,2022-02-01,45.59
192563,2022-02-02,45.58
192564,2022-02-03,45.57
192565,2022-02-04,45.56
192566,2022-02-05,45.55
192567,2022-02-06,45.54
192568,2022-02-07,45.54
192569,2022-02-08,45.53
192570,2022-02-09,45.52
192571,2022-02-10,45.51
192572,2022-02-11,45.5
192573,2022-02-12,45.49
192574,2022-02-13,45.49
192575,2022-02-14,45.48
192576,2022-02-15,45.48
192577,2022-02-16,45.47
192578,2022-02-17,45.46
192579,2022-02-18,45.45
192580,2022-02-19,45.45
192581,2022-02-20,45.45
192582,2022-02-21,45.44
192583,2022-02-22,45.43
192584,2022-02-23,45.43
192585,2022-02-24,45.42
192586,2022-02-25,45.41
192587,2022-02-26,45.41
192588,2022-02-27,45.41
192589,2022-02-28,37.1
192590,2022-03-01,37.1
192591,2022-03-02,37.09
192592,2022-03-03,34.65
192593,2022-03-04,34.64
192594,2022-03-05,34.64
192595,2022-03-06,34.64
192596,2022-03-07,34.63
192597,2022-03-08,34.63
192598,2022-03-09,34.62
192599,2022-03-10,34.62
192600,2022-03-11,34.61
192601,2022-03-12,34.61
192602,2022-03-13,34.6
192603,2022-03-14,34.6
192604,2022-03-15,34.6
192605,2022-03-16,38.31
192606,2022-03-17,38.31
192607,2022-03-18,38.31
192608,2022-03-19,38.3
192609,2022-03-20,38.3
192610,2022-03-21,38.3
192611,2022-03-22,38.29
192612,2022-03-23,38.29
192613,2022-03-24,38.28
192614,2022-03-25,38.28
192615,2022-03-26,38.27
192616,2022-03-27,38.27
192617,2022-03-28,38.27
192618,2022-03-29,38.26
192619,2022-03-30,29.88
192620,2022-03-31,29.87
192621,2022-04-01,29.87
192622,2022-04-02,29.87
192623,2022-04-03,29.86
192624,2022-04-04,29.86
192625,2022-04-05,29.86
192626,2022-04-06,29.85
192627,2022-04-07,29.85
192628,2022-04-08,29.84
192629,2022-04-09,29.84
192630,2022-04-10,29.84
192631,2022-04-11,29.84
192632,2022-04-12,29.83
192633,2022-04-13,29.83
192634,2022-04-14,29.83
192635,2022-04-15,29.82
192636,2022-04-16,29.82
192637,2022-04-17,29.82
192638,2022-04-18,29.82
192639,2022-04-19,29.81
192640,2022-04-20,29.81
192641,2022-04-21,27.96
192642,2022-04-22,27.95
192643,2022-04-23,27.95
192644,2022-04-24,27.95
192645,2022-04-25,27.94
192646,2022-04-26,27.94
192647,2022-04-27,27.94
192648,2022-04-28,27.93
192649,2022-04-29,27.93
192650,2022-04-30,27.93
192651,2022-05-01,27.93
192652,2022-05-02,27.92
192653,2022-05-03,27.92
192654,2022-05-04,27.92
192655,2022-05-05,27.91
192656,2022-05-06,27.91
192657,2022-05-07,27.91
192658,2022-05-08,27.91
192659,2022-05-09,27.9
192660,2022-05-10,27.9
192661,2022-05-11,26.51
192662,2022-05-12,26.51
192663,2022-05-13,26.51
192664,2022-05-14,26.51
192665,2022-05-15,26.51
192666,2022-05-16,26.5
192667,2022-05-17,26.5
192668,2022-05-18,26.5
192669,2022-05-19,26.49
192670,2022-05-20,26.49
192671,2022-05-21,26.49
192672,2022-05-22,26.49
192673,2022-05-23,26.49
192674,2022-05-24,26.48
192675,2022-05-25,26.48
192676,2022-05-26,26.48
192677,2022-05-27,26.48
192678,2022-05-28,26.48
192679,2022-05-29,26.47
192680,2022-05-30,26.47
192681,2022-05-31,26.47
192682,2022-06-01,26.47
192683,2022-06-02,26.47
192684,2022-06-03,26.46
192685,2022-06-04,26.46
192686,2022-06-05,32.02
192687,2022-06-06,32.02
192688,2022-06-07,32.02
192689,2022-06-08,32.01
192690,2022-06-09,32.01
192691,2022-06-10,32.01
192692,2022-06-11,32.01
192693,2022-06-12,32.01
192694,2022-06-13,32.0
192695,2022-06-14,32.0
192696,2022-06-15,32.0
192697,2022-06-16,32.0
192698,2022-06-17,32.0
192699,2022-06-18,32.0
192700,2022-06-19,32.0
192701,2022-06-20,31.99
192702,2022-06-21,31.99
192703,2022-06-22,31.99
192704,2022-06-23,31.99
192705,2022-06-24,31.99
192706,2022-06-25,31.99
192707,2022-06-26,31.99
192708,2022-06-27,31.98
192709,2022-06-28,31.98
192710,2022-06-29,31.98
192711,2022-06-30,31.98
192712,2022-07-01,31.98
192713,2022-07-02,31.98
192714,2022-07-03,31.98
192715,2022-07-04,31.98
192716,2022-07-05,31.97
192717,2022-07-06,31.97
192718,2022-07-07,31.97
192719,2022-07-08,30.76
192720,2022-07-09,30.76
192721,2022-07-10,30.76
192722,2022-07-11,30.76
192723,2022-07-12,30.76
192724,2022-07-13,30.76
192725,2022-07-14,30.75
192726,2022-07-15,30.75
192727,2022-07-16,30.75
192728,2022-07-17,30.75
192729,2022-07-18,30.75
192730,2022-07-19,30.75
192731,2022-07-20,30.75
192732,2022-07-21,30.74
192733,2022-07-22,30.74
192734,2022-07-23,30.74
192735,2022-07-24,30.74
192736,2022-07-25,30.74
192737,2022-07-26,30.74
192738,2022-07-27,30.73
192739,2022-07-28,30.73
192740,2022-07-29,30.73
192741,2022-07-30,30.73
192742,2022-07-31,30.73
192743,2022-08-01,30.73
192744,2022-08-02,32.58
192745,2022-08-03,32.57
192746,2022-08-04,32.57
192747,2022-08-05,32.57
192748,2022-08-06,32.57
192749,2022-08-07,32.57
192750,2022-08-08,32.57
192751,2022-08-09,32.57
192752,2022-08-10,32.56
192753,2022-08-11,32.56
192754,2022-08-12,32.56
192755,2022-08-13,32.56
192756,2022-08-14,32.56
192757,2022-08-15,32.56
192758,2022-08-16,32.56
192759,2022-08-17,24.22
192760,2022-08-18,24.22
192761,2022-08-19,24.22
192762,2022-08-20,24.22
192763,2022-08-21,24.22
192764,2022-08-22,24.21
192765,2022-08-23,24.21
192766,2022-08-24,24.21
192767,2022-08-25,24.21
192768,2022-08-26,24.21
192769,2022-08-27,24.21
192770,2022-08-28,24.21
192771,2022-08-29,24.21
192772,2022-08-30,24.2
192773,2022-08-31,24.2
192774,2022-09-01,24.2
192775,2022-09-02,24.2
192776,2022-09-03,24.2
192777,2022-09-04,24.2
192778,2022-09-05,24.2
192779,2022-09-06,24.2
192780,2022-09-07,24.2
192781,2022-09-08,24.2
192782,2022-09-09,24.19
192783,2022-09-10,24.19
192784,2022-09-11,24.19
192785,2022-09-12,24.19
192786,2022-09-13,24.19
192787,2022-09-14,24.18
192788,2022-09-15,24.18
192789,2022-09-16,24.18
192790,2022-09-17,24.18
192791,2022-09-18,24.18
192792,2022-09-19,24.17
192793,2022-09-20,24.17
192794,2022-09-21,24.17
192795,2022-09-22,24.17
192796,2022-09-23,24.16
192797,2022-09-24,24.16
192798,2022-09-25,24.16
192799,2022-09-26,24.16
192800,2022-09-27,24.16
192801,2022-09-28,24.15
192802,2022-09-29,24.15
192803,2022-09-30,24.15
192804,2022-10-01,24.15
192805,2022-10-02,24.15
192806,2022-10-03,24.15
192807,2022-10-04,24.14
192808,2022-10-05,24.14
192809,2022-10-06,24.14
192810,2022-10-07,24.13
192811,2022-10-08,24.13
192812,2022-10-09,24.13
192813,2022-10-10,24.13
192814,2022-10-11,24.13
192815,2022-10-12,24.12
192816,2022-10-13,24.12
192817,2022-10-14,24.12
192818,2022-10-15,24.12
192819,2022-10-16,24.12
192820,2022-10-17,24.11
192821,2022-10-18,24.11
192822,2022-10-19,24.11
192823,2022-10-20,24.11
192824,2022-10-21,24.1
192825,2022-10-22,24.1
192826,2022-10-23,24.1
192827,2022-10-24,24.1
192828,2022-10-25,24.1
192829,2022-10-26,24.09
192830,2022-10-27,24.09
192831,2022-10-28,24.09
192832,2022-10-29,24.09
192833,2022-10-30,24.09
192834,2022-10-31,24.09
192835,2022-11-01,28.77
192836,2022-11-02,28.77
192837,2022-11-03,28.77
192838,2022-11-04,28.77
192839,2022-11-05,28.77
192840,2022-11-06,28.77
192841,2022-11-07,28.76
192842,2022-11-08,28.76
192843,2022-11-09,28.76
192844,2022-11-10,28.76
192845,2022-11-11,28.76
192846,2022-11-12,28.76
192847,2022-11-13,28.76
192848,2022-11-14,28.76
192849,2022-11-15,28.75
192850,2022-11-16,28.75
192851,2022-11-17,28.75
192852,2022-11-18,28.75
192853,2022-11-19,28.75
192854,2022-11-20,28.75
192855,2022-11-21,28.75
192856,2022-11-22,28.75
192857,2022-11-23,28.74
192858,2022-11-24,28.74
192859,2022-11-25,28.74
192860,2022-11-26,28.74
192861,2022-11-27,28.74
192862,2022-11-28,28.74
192863,2022-11-29,28.74
192864,2022-11-30,28.74
192865,2022-12-01,28.74
192866,2022-12-02,28.74
192867,2022-12-03,28.74
192868,2022-12-04,28.74
192869,2022-12-05,28.73
192870,2022-12-06,28.73
192871,2022-12-07,28.73
192872,2022-12-08,28.73
192873,2022-12-09,28.73
192874,2022-12-10,28.73
192875,2022-12-11,28.73
192876,2022-12-12,28.73
192877,2022-12-13,28.73
192878,2022-12-14,28.73
192879,2022-12-15,28.73
192880,2022-12-16,28.72
192881,2022-12-17,28.72
192882,2022-12-18,28.72
192883,2022-12-19,28.72
192884,2022-12-20,28.72
192885,2022-12-21,28.72
192886,2022-12-22,28.72
192887,2022-12-23,28.72
192888,2022-12-24,28.72
192889,2022-12-25,28.72
192890,2022-12-26,28.72
192891,2022-12-27,28.72
192892,2022-12-28,28.72
192893,2022-12-29,28.72
192894,2022-12-30,28.71
192895,2022-12-31,28.71
